JNI_OnLoad called. JavaVM pointer saved.
[INFO] [ #281473233580320] 2026-06-03 15:15:04  :>>>>TNELLibrary_initialize call!
[INFO] [ #281473233580320] 2026-06-03 15:15:07  :>>>>numberOfSegmentsToAllocate: 32768  segmentSize  is  :30 requestSegmentsTimeout: 30000
[INFO] [ #281466980266272] 2026-06-03 15:15:20  :>>>> setupStramTask: Source: kafka[1] -> (Calc[2] -> WatermarkAssigner(rowtime=[dateTime], watermark=[(dateTime - 4000:INTERVAL SECOND)]) -> Calc[4], Calc[6] -> WatermarkAssigner(rowtime=[dateTime], watermark=[(dateTime - 4000:INTERVAL SECOND)]) -> Calc[8])#3 taskType: 1
[INFO] [ #281466980266272] 2026-06-03 15:15:20  :>>>> setupStramTask: Source: kafka[1] -> (Calc[2] -> WatermarkAssigner(rowtime=[dateTime], watermark=[(dateTime - 4000:INTERVAL SECOND)]) -> Calc[4], Calc[6] -> WatermarkAssigner(rowtime=[dateTime], watermark=[(dateTime - 4000:INTERVAL SECOND)]) -> Calc[8])#7 taskType: 1
[INFO] [ #281470096634144] 2026-06-03 15:15:20  :>>>> DoRunRestore starting: Source: kafka[1] -> (Calc[2] -> WatermarkAssigner(rowtime=[dateTime], watermark=[(dateTime - 4000:INTERVAL SECOND)]) -> Calc[4], Calc[6] -> WatermarkAssigner(rowtime=[dateTime], watermark=[(dateTime - 4000:INTERVAL SECOND)]) -> Calc[8])#3
ResultPartitionManager::registerResultPartition: 12
ResultPartitionManager::registerResultPartition: 12
[INFO] [ #281470096634144] 2026-06-03 15:15:20  :>>>> OmniTask::DoRunRestore Invokable restore before
[INFO] [ #281470096634144] 2026-06-03 15:15:20  :>>>>StreamOperatorFactory operatorID  :StreamExecCalc
[INFO] [ #281470096634144] 2026-06-03 15:15:20  :>>>>savepoint: OperatorChainV2 assign operatorId=910b1a3d347c9cbf67cd8e59f31504bf name=Calc[4] id=StreamExecCalc
[INFO] [ #281470096634144] 2026-06-03 15:15:20  :>>>>StreamOperatorFactory operatorID  :org.apache.flink.table.runtime.operators.wmassigners.WatermarkAssignerOperator
[INFO] [ #281470096634144] 2026-06-03 15:15:20  :>>>>savepoint: OperatorChainV2 assign operatorId=0a46f19409cdd0f308853217632dc302 name=WatermarkAssigner(rowtime=[dateTime], watermark=[(dateTime - 4000:INTERVAL SECOND)]) id=org.apache.flink.table.runtime.operators.wmassigners.WatermarkAssignerOperator
[INFO] [ #281470096634144] 2026-06-03 15:15:20  :>>>>StreamOperatorFactory operatorID  :StreamExecCalc
[INFO] [ #281470096634144] 2026-06-03 15:15:20  :>>>>savepoint: OperatorChainV2 assign operatorId=7f13e76acd6ff9be99a3757408784a49 name=Calc[2] id=StreamExecCalc
[INFO] [ #281470096634144] 2026-06-03 15:15:20  :>>>>StreamOperatorFactory operatorID  :StreamExecCalc
[INFO] [ #281470096634144] 2026-06-03 15:15:20  :>>>>savepoint: OperatorChainV2 assign operatorId=bdc3eef861467a24dda4abf7b8e5f79b name=Calc[8] id=StreamExecCalc
[INFO] [ #281470096634144] 2026-06-03 15:15:20  :>>>>StreamOperatorFactory operatorID  :org.apache.flink.table.runtime.operators.wmassigners.WatermarkAssignerOperator
[INFO] [ #281470096634144] 2026-06-03 15:15:20  :>>>>savepoint: OperatorChainV2 assign operatorId=c549952c0399ba9ed8a9b86f0ca78fd1 name=WatermarkAssigner(rowtime=[dateTime], watermark=[(dateTime - 4000:INTERVAL SECOND)]) id=org.apache.flink.table.runtime.operators.wmassigners.WatermarkAssignerOperator
[INFO] [ #281470096634144] 2026-06-03 15:15:20  :>>>>StreamOperatorFactory operatorID  :StreamExecCalc
[INFO] [ #281470096634144] 2026-06-03 15:15:20  :>>>>savepoint: OperatorChainV2 assign operatorId=0e90f93dd6c2bfc9de34a6a7c1979ccc name=Calc[6] id=StreamExecCalc
[INFO] [ #281470096634144] 2026-06-03 15:15:20  :>>>>StreamOperatorFactory operatorID  :org.apache.flink.streaming.api.operators.StreamSource
[INFO] [ #281470096634144] 2026-06-03 15:15:20  :>>>>savepoint: OperatorChainV2 assign operatorId=e3dfc0d7e9ecd8a43f85f0b68ebf3b80 name=Source: kafka[1] id=org.apache.flink.streaming.api.operators.StreamSource
[INFO] [ #281470096634144] 2026-06-03 15:15:20  :>>>>OperatorDependenciesDeal opMap empty
[INFO] [ #281470096634144] 2026-06-03 15:15:20  :>>>>operatorIndex 3 maxParallelism 128 parallelism 8 start 48 end 63
[INFO] [ #281470096634144] 2026-06-03 15:15:20  :>>>>HashMapStateBackend: no JobManagerTaskRestore, starting with empty heap state
[INFO] [ #281470096634144] 2026-06-03 15:15:20  :>>>>[RocksDB-HEAP-PQ-CP-restore] operatorId=e3dfc0d7e9ecd8a43f85f0b68ebf3b80 rawKeyedStateHandles=0
{"condition":null,"hash_path":"/home/tmp/tm_172.31.0.3:46757-b4ff63/blobStorage/job_e7f90a63856d1dd63161918fa469b292/native_dir/","indices":[{"colVal":0,"dataType":1,"exprType":"FIELD_REFERENCE"},{"colVal":19,"dataType":2,"exprType":"FIELD_REFERENCE"},{"colVal":20,"dataType":2,"exprType":"FIELD_REFERENCE"},{"colVal":21,"dataType":2,"exprType":"FIELD_REFERENCE"},{"colVal":22,"dataType":15,"exprType":"FIELD_REFERENCE","width":2147483647},{"colVal":23,"dataType":15,"exprType":"FIELD_REFERENCE","width":2147483647},{"colVal":24,"dataType":2,"exprType":"FIELD_REFERENCE"},{"colVal":25,"dataType":15,"exprType":"FIELD_REFERENCE","width":2147483647},{"Case1":{"exprType":"WHEN","result":{"colVal":7,"dataType":2,"exprType":"FIELD_REFERENCE"},"returnType":2,"when":{"exprType":"BINARY","left":{"colVal":0,"dataType":1,"exprType":"FIELD_REFERENCE"},"operator":"EQUAL","returnType":4,"right":{"dataType":1,"exprType":"LITERAL","isNull":false,"value":0}}},"Case2":{"exprType":"WHEN","result":{"colVal":14,"dataType":2,"exprType":"FIELD_REFERENCE"},"returnType":2,"when":{"exprType":"BINARY","left":{"colVal":0,"dataType":1,"exprType":"FIELD_REFERENCE"},"operator":"EQUAL","returnType":4,"right":{"dataType":1,"exprType":"LITERAL","isNull":false,"value":1}}},"else":{"colVal":24,"dataType":2,"exprType":"FIELD_REFERENCE"},"exprType":"SWITCH_GENERAL","numOfCases":2,"returnType":2}],"inputTypes":["INTEGER","BIGINT","VARCHAR(2147483647)","VARCHAR(2147483647)","VARCHAR(2147483647)","VARCHAR(2147483647)","VARCHAR(2147483647)","TIMESTAMP_WITHOUT_TIME_ZONE(3)","VARCHAR(2147483647)","BIGINT","VARCHAR(2147483647)","VARCHAR(2147483647)","BIGINT","BIGINT","TIMESTAMP_WITHOUT_TIME_ZONE(3)","TIMESTAMP_WITHOUT_TIME_ZONE(3)","BIGINT","BIGINT","VARCHAR(2147483647)","BIGINT","BIGINT","BIGINT","VARCHAR(2147483647)","VARCHAR(2147483647)","TIMESTAMP_WITHOUT_TIME_ZONE(3)","VARCHAR(2147483647)"],"originDescription":"[6]:Calc(select=[event_type, bid, CASE((event_type = 0), person.dateTime, (event_type = 1), auction.dateTime, bid.dateTime) AS dateTime])","outputTypes":["INTEGER","BIGINT","BIGINT","BIGINT","VARCHAR(2147483647)","VARCHAR(2147483647)","TIMESTAMP_WITHOUT_TIME_ZONE(3)","VARCHAR(2147483647)","TIMESTAMP_WITHOUT_TIME_ZONE(3)"]}
[INFO] [ #281466962780448] 2026-06-03 15:15:20  :>>>>OutputFlusher::run startingSource: kafka[1] -> (Calc[2] -> WatermarkAssigner(rowtime=[dateTime], watermark=[(dateTime - 4000:INTERVAL SECOND)]) -> Calc[4], Calc[6] -> WatermarkAssigner(rowtime=[dateTime], watermark=[(dateTime - 4000:INTERVAL SECOND)]) -> Calc[8]) timeout 100runnning 1
[INFO] [ #281466954326304] 2026-06-03 15:15:20  :>>>>OutputFlusher::run startingSource: kafka[1] -> (Calc[2] -> WatermarkAssigner(rowtime=[dateTime], watermark=[(dateTime - 4000:INTERVAL SECOND)]) -> Calc[4], Calc[6] -> WatermarkAssigner(rowtime=[dateTime], watermark=[(dateTime - 4000:INTERVAL SECOND)]) -> Calc[8]) timeout 100runnning 1
[INFO] [ #281470096634144] 2026-06-03 15:15:20  :>>>>WatermarkAssignerOperator::initializeState not impl
{"condition":{"exprType":"BINARY","left":{"colVal":0,"dataType":1,"exprType":"FIELD_REFERENCE"},"operator":"EQUAL","returnType":4,"right":{"dataType":1,"exprType":"LITERAL","isNull":false,"value":2}},"hash_path":"/home/tmp/tm_172.31.0.3:46757-b4ff63/blobStorage/job_e7f90a63856d1dd63161918fa469b292/native_dir/","indices":[{"colVal":1,"dataType":2,"exprType":"FIELD_REFERENCE"},{"colVal":3,"dataType":2,"exprType":"FIELD_REFERENCE"},{"colVal":8,"dataType":2,"exprType":"FIELD_REFERENCE"}],"inputTypes":["INTEGER","BIGINT","BIGINT","BIGINT","VARCHAR(2147483647)","VARCHAR(2147483647)","TIMESTAMP_WITHOUT_TIME_ZONE(3)","VARCHAR(2147483647)","TIMESTAMP_WITHOUT_TIME_ZONE(3)"],"originDescription":"[8]:Calc(select=[bid.auction AS auction, bid.price AS price, CAST(dateTime AS TIMESTAMP(3)) AS dateTime], where=[(event_type = 2)])","outputTypes":["BIGINT","BIGINT","TIMESTAMP_WITHOUT_TIME_ZONE(3)"]}
{"condition":null,"hash_path":"/home/tmp/tm_172.31.0.3:46757-b4ff63/blobStorage/job_e7f90a63856d1dd63161918fa469b292/native_dir/","indices":[{"colVal":0,"dataType":1,"exprType":"FIELD_REFERENCE"},{"colVal":9,"dataType":2,"exprType":"FIELD_REFERENCE"},{"colVal":10,"dataType":15,"exprType":"FIELD_REFERENCE","width":2147483647},{"colVal":11,"dataType":15,"exprType":"FIELD_REFERENCE","width":2147483647},{"colVal":12,"dataType":2,"exprType":"FIELD_REFERENCE"},{"colVal":13,"dataType":2,"exprType":"FIELD_REFERENCE"},{"colVal":14,"dataType":2,"exprType":"FIELD_REFERENCE"},{"colVal":15,"dataType":2,"exprType":"FIELD_REFERENCE"},{"colVal":16,"dataType":2,"exprType":"FIELD_REFERENCE"},{"colVal":17,"dataType":2,"exprType":"FIELD_REFERENCE"},{"colVal":18,"dataType":15,"exprType":"FIELD_REFERENCE","width":2147483647},{"Case1":{"exprType":"WHEN","result":{"colVal":7,"dataType":2,"exprType":"FIELD_REFERENCE"},"returnType":2,"when":{"exprType":"BINARY","left":{"colVal":0,"dataType":1,"exprType":"FIELD_REFERENCE"},"operator":"EQUAL","returnType":4,"right":{"dataType":1,"exprType":"LITERAL","isNull":false,"value":0}}},"Case2":{"exprType":"WHEN","result":{"colVal":14,"dataType":2,"exprType":"FIELD_REFERENCE"},"returnType":2,"when":{"exprType":"BINARY","left":{"colVal":0,"dataType":1,"exprType":"FIELD_REFERENCE"},"operator":"EQUAL","returnType":4,"right":{"dataType":1,"exprType":"LITERAL","isNull":false,"value":1}}},"else":{"colVal":24,"dataType":2,"exprType":"FIELD_REFERENCE"},"exprType":"SWITCH_GENERAL","numOfCases":2,"returnType":2}],"inputTypes":["INTEGER","BIGINT","VARCHAR(2147483647)","VARCHAR(2147483647)","VARCHAR(2147483647)","VARCHAR(2147483647)","VARCHAR(2147483647)","TIMESTAMP_WITHOUT_TIME_ZONE(3)","VARCHAR(2147483647)","BIGINT","VARCHAR(2147483647)","VARCHAR(2147483647)","BIGINT","BIGINT","TIMESTAMP_WITHOUT_TIME_ZONE(3)","TIMESTAMP_WITHOUT_TIME_ZONE(3)","BIGINT","BIGINT","VARCHAR(2147483647)","BIGINT","BIGINT","BIGINT","VARCHAR(2147483647)","VARCHAR(2147483647)","TIMESTAMP_WITHOUT_TIME_ZONE(3)","VARCHAR(2147483647)"],"originDescription":"[2]:Calc(select=[event_type, auction, CASE((event_type = 0), person.dateTime, (event_type = 1), auction.dateTime, bid.dateTime) AS dateTime])","outputTypes":["INTEGER","BIGINT","VARCHAR(2147483647)","VARCHAR(2147483647)","BIGINT","BIGINT","TIMESTAMP_WITHOUT_TIME_ZONE(3)","TIMESTAMP_WITHOUT_TIME_ZONE(3)","BIGINT","BIGINT","VARCHAR(2147483647)","TIMESTAMP_WITHOUT_TIME_ZONE(3)"]}
[INFO] [ #281466420064544] 2026-06-03 15:15:20  :>>>>OutputFlusher::run startingSource: kafka[1] -> (Calc[2] -> WatermarkAssigner(rowtime=[dateTime], watermark=[(dateTime - 4000:INTERVAL SECOND)]) -> Calc[4], Calc[6] -> WatermarkAssigner(rowtime=[dateTime], watermark=[(dateTime - 4000:INTERVAL SECOND)]) -> Calc[8]) timeout 100runnning 1
[INFO] [ #281466411610400] 2026-06-03 15:15:20  :>>>>OutputFlusher::run startingSource: kafka[1] -> (Calc[2] -> WatermarkAssigner(rowtime=[dateTime], watermark=[(dateTime - 4000:INTERVAL SECOND)]) -> Calc[4], Calc[6] -> WatermarkAssigner(rowtime=[dateTime], watermark=[(dateTime - 4000:INTERVAL SECOND)]) -> Calc[8]) timeout 100runnning 1
[INFO] [ #281466964877600] 2026-06-03 15:15:20  :>>>> DoRunRestore starting: Source: kafka[1] -> (Calc[2] -> WatermarkAssigner(rowtime=[dateTime], watermark=[(dateTime - 4000:INTERVAL SECOND)]) -> Calc[4], Calc[6] -> WatermarkAssigner(rowtime=[dateTime], watermark=[(dateTime - 4000:INTERVAL SECOND)]) -> Calc[8])#7
ResultPartitionManager::registerResultPartition: 12
ResultPartitionManager::registerResultPartition: 12
[INFO] [ #281466964877600] 2026-06-03 15:15:20  :>>>> OmniTask::DoRunRestore Invokable restore before
[INFO] [ #281466964877600] 2026-06-03 15:15:20  :>>>>StreamOperatorFactory operatorID  :StreamExecCalc
[INFO] [ #281466964877600] 2026-06-03 15:15:20  :>>>>savepoint: OperatorChainV2 assign operatorId=910b1a3d347c9cbf67cd8e59f31504bf name=Calc[4] id=StreamExecCalc
[INFO] [ #281466964877600] 2026-06-03 15:15:20  :>>>>StreamOperatorFactory operatorID  :org.apache.flink.table.runtime.operators.wmassigners.WatermarkAssignerOperator
[INFO] [ #281466964877600] 2026-06-03 15:15:20  :>>>>savepoint: OperatorChainV2 assign operatorId=0a46f19409cdd0f308853217632dc302 name=WatermarkAssigner(rowtime=[dateTime], watermark=[(dateTime - 4000:INTERVAL SECOND)]) id=org.apache.flink.table.runtime.operators.wmassigners.WatermarkAssignerOperator
[INFO] [ #281466964877600] 2026-06-03 15:15:20  :>>>>StreamOperatorFactory operatorID  :StreamExecCalc
[INFO] [ #281466964877600] 2026-06-03 15:15:20  :>>>>savepoint: OperatorChainV2 assign operatorId=7f13e76acd6ff9be99a3757408784a49 name=Calc[2] id=StreamExecCalc
[INFO] [ #281466964877600] 2026-06-03 15:15:20  :>>>>StreamOperatorFactory operatorID  :StreamExecCalc
[INFO] [ #281466964877600] 2026-06-03 15:15:20  :>>>>savepoint: OperatorChainV2 assign operatorId=bdc3eef861467a24dda4abf7b8e5f79b name=Calc[8] id=StreamExecCalc
[INFO] [ #281466964877600] 2026-06-03 15:15:20  :>>>>StreamOperatorFactory operatorID  :org.apache.flink.table.runtime.operators.wmassigners.WatermarkAssignerOperator
[INFO] [ #281466964877600] 2026-06-03 15:15:20  :>>>>savepoint: OperatorChainV2 assign operatorId=c549952c0399ba9ed8a9b86f0ca78fd1 name=WatermarkAssigner(rowtime=[dateTime], watermark=[(dateTime - 4000:INTERVAL SECOND)]) id=org.apache.flink.table.runtime.operators.wmassigners.WatermarkAssignerOperator
[INFO] [ #281466964877600] 2026-06-03 15:15:20  :>>>>StreamOperatorFactory operatorID  :StreamExecCalc
[INFO] [ #281466964877600] 2026-06-03 15:15:20  :>>>>savepoint: OperatorChainV2 assign operatorId=0e90f93dd6c2bfc9de34a6a7c1979ccc name=Calc[6] id=StreamExecCalc
[INFO] [ #281466964877600] 2026-06-03 15:15:20  :>>>>StreamOperatorFactory operatorID  :org.apache.flink.streaming.api.operators.StreamSource
[INFO] [ #281466964877600] 2026-06-03 15:15:20  :>>>>savepoint: OperatorChainV2 assign operatorId=e3dfc0d7e9ecd8a43f85f0b68ebf3b80 name=Source: kafka[1] id=org.apache.flink.streaming.api.operators.StreamSource
[INFO] [ #281466964877600] 2026-06-03 15:15:20  :>>>>OperatorDependenciesDeal opMap empty
[INFO] [ #281466964877600] 2026-06-03 15:15:20  :>>>>operatorIndex 7 maxParallelism 128 parallelism 8 start 112 end 127
[INFO] [ #281466964877600] 2026-06-03 15:15:20  :>>>>HashMapStateBackend: no JobManagerTaskRestore, starting with empty heap state
[INFO] [ #281466964877600] 2026-06-03 15:15:20  :>>>>[RocksDB-HEAP-PQ-CP-restore] operatorId=e3dfc0d7e9ecd8a43f85f0b68ebf3b80 rawKeyedStateHandles=0
{"condition":null,"hash_path":"/home/tmp/tm_172.31.0.3:46757-b4ff63/blobStorage/job_e7f90a63856d1dd63161918fa469b292/native_dir/","indices":[{"colVal":0,"dataType":1,"exprType":"FIELD_REFERENCE"},{"colVal":19,"dataType":2,"exprType":"FIELD_REFERENCE"},{"colVal":20,"dataType":2,"exprType":"FIELD_REFERENCE"},{"colVal":21,"dataType":2,"exprType":"FIELD_REFERENCE"},{"colVal":22,"dataType":15,"exprType":"FIELD_REFERENCE","width":2147483647},{"colVal":23,"dataType":15,"exprType":"FIELD_REFERENCE","width":2147483647},{"colVal":24,"dataType":2,"exprType":"FIELD_REFERENCE"},{"colVal":25,"dataType":15,"exprType":"FIELD_REFERENCE","width":2147483647},{"Case1":{"exprType":"WHEN","result":{"colVal":7,"dataType":2,"exprType":"FIELD_REFERENCE"},"returnType":2,"when":{"exprType":"BINARY","left":{"colVal":0,"dataType":1,"exprType":"FIELD_REFERENCE"},"operator":"EQUAL","returnType":4,"right":{"dataType":1,"exprType":"LITERAL","isNull":false,"value":0}}},"Case2":{"exprType":"WHEN","result":{"colVal":14,"dataType":2,"exprType":"FIELD_REFERENCE"},"returnType":2,"when":{"exprType":"BINARY","left":{"colVal":0,"dataType":1,"exprType":"FIELD_REFERENCE"},"operator":"EQUAL","returnType":4,"right":{"dataType":1,"exprType":"LITERAL","isNull":false,"value":1}}},"else":{"colVal":24,"dataType":2,"exprType":"FIELD_REFERENCE"},"exprType":"SWITCH_GENERAL","numOfCases":2,"returnType":2}],"inputTypes":["INTEGER","BIGINT","VARCHAR(2147483647)","VARCHAR(2147483647)","VARCHAR(2147483647)","VARCHAR(2147483647)","VARCHAR(2147483647)","TIMESTAMP_WITHOUT_TIME_ZONE(3)","VARCHAR(2147483647)","BIGINT","VARCHAR(2147483647)","VARCHAR(2147483647)","BIGINT","BIGINT","TIMESTAMP_WITHOUT_TIME_ZONE(3)","TIMESTAMP_WITHOUT_TIME_ZONE(3)","BIGINT","BIGINT","VARCHAR(2147483647)","BIGINT","BIGINT","BIGINT","VARCHAR(2147483647)","VARCHAR(2147483647)","TIMESTAMP_WITHOUT_TIME_ZONE(3)","VARCHAR(2147483647)"],"originDescription":"[6]:Calc(select=[event_type, bid, CASE((event_type = 0), person.dateTime, (event_type = 1), auction.dateTime, bid.dateTime) AS dateTime])","outputTypes":["INTEGER","BIGINT","BIGINT","BIGINT","VARCHAR(2147483647)","VARCHAR(2147483647)","TIMESTAMP_WITHOUT_TIME_ZONE(3)","VARCHAR(2147483647)","TIMESTAMP_WITHOUT_TIME_ZONE(3)"]}
[INFO] [ #281466980266272] 2026-06-03 15:15:20  :>>>>bufferPoolFactoryFunc size :32
[INFO] [ #281466980266272] 2026-06-03 15:15:20  :>>>>CREATE A REMOTE RECOVERED INPUT CHANNEL#################################
[INFO] [ #281466980266272] 2026-06-03 15:15:20  :>>>>CREATE A REMOTE RECOVERED INPUT CHANNEL#################################
[INFO] [ #281466980266272] 2026-06-03 15:15:20  :>>>>CREATE A REMOTE RECOVERED INPUT CHANNEL#################################
[INFO] [ #281466980266272] 2026-06-03 15:15:20  :>>>>CREATE A LOCAL RECOVERED INPUT CHANNEL#################################
[INFO] [ #281466980266272] 2026-06-03 15:15:20  :>>>>CREATE A REMOTE RECOVERED INPUT CHANNEL#################################
[INFO] [ #281466980266272] 2026-06-03 15:15:20  :>>>>CREATE A REMOTE RECOVERED INPUT CHANNEL#################################
[INFO] [ #281466980266272] 2026-06-03 15:15:20  :>>>>CREATE A REMOTE RECOVERED INPUT CHANNEL#################################
[INFO] [ #281466980266272] 2026-06-03 15:15:20  :>>>>CREATE A LOCAL RECOVERED INPUT CHANNEL#################################
[INFO] [ #281466980266272] 2026-06-03 15:15:20  :>>>>bufferPoolFactoryFunc size :32
[INFO] [ #281466980266272] 2026-06-03 15:15:20  :>>>>CREATE A REMOTE RECOVERED INPUT CHANNEL#################################
[INFO] [ #281466980266272] 2026-06-03 15:15:20  :>>>>CREATE A REMOTE RECOVERED INPUT CHANNEL#################################
[INFO] [ #281466980266272] 2026-06-03 15:15:20  :>>>>CREATE A REMOTE RECOVERED INPUT CHANNEL#################################
[INFO] [ #281466980266272] 2026-06-03 15:15:20  :>>>>CREATE A LOCAL RECOVERED INPUT CHANNEL#################################
[INFO] [ #281466980266272] 2026-06-03 15:15:20  :>>>>CREATE A REMOTE RECOVERED INPUT CHANNEL#################################
[INFO] [ #281466980266272] 2026-06-03 15:15:20  :>>>>CREATE A REMOTE RECOVERED INPUT CHANNEL#################################
[INFO] [ #281466980266272] 2026-06-03 15:15:20  :>>>>CREATE A REMOTE RECOVERED INPUT CHANNEL#################################
[INFO] [ #281466980266272] 2026-06-03 15:15:20  :>>>>CREATE A LOCAL RECOVERED INPUT CHANNEL#################################
[INFO] [ #281466980266272] 2026-06-03 15:15:20  :>>>> setupStramTask: Join[10] -> Calc[11]#3 taskType: 1
[INFO] [ #281470096634144] 2026-06-03 15:15:20  :>>>>WatermarkAssignerOperator::initializeState not impl
{"condition":{"exprType":"BINARY","left":{"colVal":0,"dataType":1,"exprType":"FIELD_REFERENCE"},"operator":"EQUAL","returnType":4,"right":{"dataType":1,"exprType":"LITERAL","isNull":false,"value":1}},"hash_path":"/home/tmp/tm_172.31.0.3:46757-b4ff63/blobStorage/job_e7f90a63856d1dd63161918fa469b292/native_dir/","indices":[{"colVal":1,"dataType":2,"exprType":"FIELD_REFERENCE"},{"colVal":11,"dataType":2,"exprType":"FIELD_REFERENCE"},{"colVal":7,"dataType":2,"exprType":"FIELD_REFERENCE"},{"colVal":9,"dataType":2,"exprType":"FIELD_REFERENCE"}],"inputTypes":["INTEGER","BIGINT","VARCHAR(2147483647)","VARCHAR(2147483647)","BIGINT","BIGINT","TIMESTAMP_WITHOUT_TIME_ZONE(3)","TIMESTAMP_WITHOUT_TIME_ZONE(3)","BIGINT","BIGINT","VARCHAR(2147483647)","TIMESTAMP_WITHOUT_TIME_ZONE(3)"],"originDescription":"[4]:Calc(select=[auction.id AS id, CAST(dateTime AS TIMESTAMP(3)) AS dateTime, auction.expires AS expires, auction.category AS category], where=[(event_type = 1)])","outputTypes":["BIGINT","TIMESTAMP_WITHOUT_TIME_ZONE(3)","TIMESTAMP_WITHOUT_TIME_ZONE(3)","BIGINT"]}
[INFO] [ #281470096634144] 2026-06-03 15:15:20  :>>>>restoreGates begin Source: kafka[1] -> (Calc[2] -> WatermarkAssigner(rowtime=[dateTime], watermark=[(dateTime - 4000:INTERVAL SECOND)]) -> Calc[4], Calc[6] -> WatermarkAssigner(rowtime=[dateTime], watermark=[(dateTime - 4000:INTERVAL SECOND)]) -> Calc[8])
[INFO] [ #281470096634144] 2026-06-03 15:15:20  :>>>>SQL scenarios, do not need to restore the channel.
[INFO] [ #281470096634144] 2026-06-03 15:15:20  :>>>> OmniTask::DoRunRestore Invokable restore after
[INFO] [ #281470096634144] 2026-06-03 15:15:20  :>>>>find OmniTask initialized, task name: Source: kafka[1] -> (Calc[2] -> WatermarkAssigner(rowtime=[dateTime], watermark=[(dateTime - 4000:INTERVAL SECOND)]) -> Calc[4], Calc[6] -> WatermarkAssigner(rowtime=[dateTime], watermark=[(dateTime - 4000:INTERVAL SECOND)]) -> Calc[8])#3
[INFO] [ #281466964877600] 2026-06-03 15:15:20  :>>>>WatermarkAssignerOperator::initializeState not impl
{"condition":{"exprType":"BINARY","left":{"colVal":0,"dataType":1,"exprType":"FIELD_REFERENCE"},"operator":"EQUAL","returnType":4,"right":{"dataType":1,"exprType":"LITERAL","isNull":false,"value":2}},"hash_path":"/home/tmp/tm_172.31.0.3:46757-b4ff63/blobStorage/job_e7f90a63856d1dd63161918fa469b292/native_dir/","indices":[{"colVal":1,"dataType":2,"exprType":"FIELD_REFERENCE"},{"colVal":3,"dataType":2,"exprType":"FIELD_REFERENCE"},{"colVal":8,"dataType":2,"exprType":"FIELD_REFERENCE"}],"inputTypes":["INTEGER","BIGINT","BIGINT","BIGINT","VARCHAR(2147483647)","VARCHAR(2147483647)","TIMESTAMP_WITHOUT_TIME_ZONE(3)","VARCHAR(2147483647)","TIMESTAMP_WITHOUT_TIME_ZONE(3)"],"originDescription":"[8]:Calc(select=[bid.auction AS auction, bid.price AS price, CAST(dateTime AS TIMESTAMP(3)) AS dateTime], where=[(event_type = 2)])","outputTypes":["BIGINT","BIGINT","TIMESTAMP_WITHOUT_TIME_ZONE(3)"]}
{"condition":null,"hash_path":"/home/tmp/tm_172.31.0.3:46757-b4ff63/blobStorage/job_e7f90a63856d1dd63161918fa469b292/native_dir/","indices":[{"colVal":0,"dataType":1,"exprType":"FIELD_REFERENCE"},{"colVal":9,"dataType":2,"exprType":"FIELD_REFERENCE"},{"colVal":10,"dataType":15,"exprType":"FIELD_REFERENCE","width":2147483647},{"colVal":11,"dataType":15,"exprType":"FIELD_REFERENCE","width":2147483647},{"colVal":12,"dataType":2,"exprType":"FIELD_REFERENCE"},{"colVal":13,"dataType":2,"exprType":"FIELD_REFERENCE"},{"colVal":14,"dataType":2,"exprType":"FIELD_REFERENCE"},{"colVal":15,"dataType":2,"exprType":"FIELD_REFERENCE"},{"colVal":16,"dataType":2,"exprType":"FIELD_REFERENCE"},{"colVal":17,"dataType":2,"exprType":"FIELD_REFERENCE"},{"colVal":18,"dataType":15,"exprType":"FIELD_REFERENCE","width":2147483647},{"Case1":{"exprType":"WHEN","result":{"colVal":7,"dataType":2,"exprType":"FIELD_REFERENCE"},"returnType":2,"when":{"exprType":"BINARY","left":{"colVal":0,"dataType":1,"exprType":"FIELD_REFERENCE"},"operator":"EQUAL","returnType":4,"right":{"dataType":1,"exprType":"LITERAL","isNull":false,"value":0}}},"Case2":{"exprType":"WHEN","result":{"colVal":14,"dataType":2,"exprType":"FIELD_REFERENCE"},"returnType":2,"when":{"exprType":"BINARY","left":{"colVal":0,"dataType":1,"exprType":"FIELD_REFERENCE"},"operator":"EQUAL","returnType":4,"right":{"dataType":1,"exprType":"LITERAL","isNull":false,"value":1}}},"else":{"colVal":24,"dataType":2,"exprType":"FIELD_REFERENCE"},"exprType":"SWITCH_GENERAL","numOfCases":2,"returnType":2}],"inputTypes":["INTEGER","BIGINT","VARCHAR(2147483647)","VARCHAR(2147483647)","VARCHAR(2147483647)","VARCHAR(2147483647)","VARCHAR(2147483647)","TIMESTAMP_WITHOUT_TIME_ZONE(3)","VARCHAR(2147483647)","BIGINT","VARCHAR(2147483647)","VARCHAR(2147483647)","BIGINT","BIGINT","TIMESTAMP_WITHOUT_TIME_ZONE(3)","TIMESTAMP_WITHOUT_TIME_ZONE(3)","BIGINT","BIGINT","VARCHAR(2147483647)","BIGINT","BIGINT","BIGINT","VARCHAR(2147483647)","VARCHAR(2147483647)","TIMESTAMP_WITHOUT_TIME_ZONE(3)","VARCHAR(2147483647)"],"originDescription":"[2]:Calc(select=[event_type, auction, CASE((event_type = 0), person.dateTime, (event_type = 1), auction.dateTime, bid.dateTime) AS dateTime])","outputTypes":["INTEGER","BIGINT","VARCHAR(2147483647)","VARCHAR(2147483647)","BIGINT","BIGINT","TIMESTAMP_WITHOUT_TIME_ZONE(3)","TIMESTAMP_WITHOUT_TIME_ZONE(3)","BIGINT","BIGINT","VARCHAR(2147483647)","TIMESTAMP_WITHOUT_TIME_ZONE(3)"]}
[INFO] [ #281470096634144] 2026-06-03 15:15:20  :>>>>OmniTask::DoRunInvoke welcome to native
[INFO] [ #281470096634144] 2026-06-03 15:15:20  :>>>>MailboxProcessor::runMailboxLoop - starting
[INFO] [ #281470096634144] 2026-06-03 15:15:20  :>>>>OmniSourceStreamTask::processInput - starting source thread, task=Source: kafka[1] -> (Calc[2] -> WatermarkAssigner(rowtime=[dateTime], watermark=[(dateTime - 4000:INTERVAL SECOND)]) -> Calc[4], Calc[6] -> WatermarkAssigner(rowtime=[dateTime], watermark=[(dateTime - 4000:INTERVAL SECOND)]) -> Calc[8])
[INFO] [ #281470096634144] 2026-06-03 15:15:20  :>>>>OmniSourceStreamTask::processInput - source thread started, returning to mailbox loop
[INFO] [ #281466388869408] 2026-06-03 15:15:21  :>>>> DoRunRestore starting: Join[10] -> Calc[11]#3
ResultPartitionManager::registerResultPartition: 12
[INFO] [ #281466388869408] 2026-06-03 15:15:21  :>>>> OmniTask::DoRunRestore Invokable restore before
[INFO] [ #281466388869408] 2026-06-03 15:15:21  :>>>>StreamOperatorFactory operatorID  :StreamExecCalc
[INFO] [ #281466388869408] 2026-06-03 15:15:21  :>>>>savepoint: OperatorChainV2 assign operatorId=dd05f4ecc72aaefcbbc012c5acc09896 name=Calc[11] id=StreamExecCalc
[INFO] [ #281466388869408] 2026-06-03 15:15:21  :>>>>StreamOperatorFactory operatorID  :org.apache.flink.table.runtime.operators.join.stream.StreamingJoinOperator
[INFO] [ #281466388869408] 2026-06-03 15:15:21  :>>>>savepoint: OperatorChainV2 assign operatorId=29c6de9b0f6c5486908e9bb66a93ee45 name=Join[10] id=org.apache.flink.table.runtime.operators.join.stream.StreamingJoinOperator
[INFO] [ #281466388869408] 2026-06-03 15:15:21  :>>>>OperatorDependenciesDeal opMap empty
[INFO] [ #281466388869408] 2026-06-03 15:15:21  :>>>>operatorIndex 3 maxParallelism 128 parallelism 8 start 48 end 63
[INFO] [ #281466388869408] 2026-06-03 15:15:21  :>>>>HashMapStateBackend: no JobManagerTaskRestore, starting with empty heap state
[INFO] [ #281466388869408] 2026-06-03 15:15:21  :>>>>[RocksDB-HEAP-PQ-CP-restore] operatorId=29c6de9b0f6c5486908e9bb66a93ee45 rawKeyedStateHandles=0
[INFO] [ #281466980266272] 2026-06-03 15:15:21  :>>>>bufferPoolFactoryFunc size :32
[INFO] [ #281466980266272] 2026-06-03 15:15:21  :>>>>CREATE A REMOTE RECOVERED INPUT CHANNEL#################################
[INFO] [ #281466980266272] 2026-06-03 15:15:21  :>>>>CREATE A REMOTE RECOVERED INPUT CHANNEL#################################
[INFO] [ #281466980266272] 2026-06-03 15:15:21  :>>>>CREATE A REMOTE RECOVERED INPUT CHANNEL#################################
[INFO] [ #281466980266272] 2026-06-03 15:15:21  :>>>>CREATE A LOCAL RECOVERED INPUT CHANNEL#################################
[INFO] [ #281466980266272] 2026-06-03 15:15:21  :>>>>CREATE A REMOTE RECOVERED INPUT CHANNEL#################################
[INFO] [ #281466980266272] 2026-06-03 15:15:21  :>>>>CREATE A REMOTE RECOVERED INPUT CHANNEL#################################
[INFO] [ #281466980266272] 2026-06-03 15:15:21  :>>>>CREATE A REMOTE RECOVERED INPUT CHANNEL#################################
[INFO] [ #281466980266272] 2026-06-03 15:15:21  :>>>>CREATE A LOCAL RECOVERED INPUT CHANNEL#################################
[INFO] [ #281466980266272] 2026-06-03 15:15:21  :>>>>bufferPoolFactoryFunc size :32
[INFO] [ #281466980266272] 2026-06-03 15:15:21  :>>>>CREATE A REMOTE RECOVERED INPUT CHANNEL#################################
[INFO] [ #281466980266272] 2026-06-03 15:15:21  :>>>>CREATE A REMOTE RECOVERED INPUT CHANNEL#################################
[INFO] [ #281466980266272] 2026-06-03 15:15:21  :>>>>CREATE A REMOTE RECOVERED INPUT CHANNEL#################################
[INFO] [ #281466980266272] 2026-06-03 15:15:21  :>>>>CREATE A LOCAL RECOVERED INPUT CHANNEL#################################
[INFO] [ #281466980266272] 2026-06-03 15:15:21  :>>>>CREATE A REMOTE RECOVERED INPUT CHANNEL#################################
[INFO] [ #281466980266272] 2026-06-03 15:15:21  :>>>>CREATE A REMOTE RECOVERED INPUT CHANNEL#################################
[INFO] [ #281466980266272] 2026-06-03 15:15:21  :>>>>CREATE A REMOTE RECOVERED INPUT CHANNEL#################################
[INFO] [ #281466980266272] 2026-06-03 15:15:21  :>>>>CREATE A LOCAL RECOVERED INPUT CHANNEL#################################
[INFO] [ #281466980266272] 2026-06-03 15:15:21  :>>>> setupStramTask: Join[10] -> Calc[11]#7 taskType: 1
[INFO] [ #281466132623648] 2026-06-03 15:15:21  :>>>>OutputFlusher::run startingJoin[10] -> Calc[11] timeout 100runnning 1
[INFO] [ #281466388869408] 2026-06-03 15:15:21  :>>>>InputSideHasNoUniqueKey backend is mem
[INFO] [ #281466388869408] 2026-06-03 15:15:21  :>>>>InputSideHasNoUniqueKey backend is mem
{"condition":null,"hash_path":"/home/tmp/tm_172.31.0.3:46757-b4ff63/blobStorage/job_e7f90a63856d1dd63161918fa469b292/native_dir/","indices":[{"colVal":0,"dataType":2,"exprType":"FIELD_REFERENCE"},{"colVal":3,"dataType":2,"exprType":"FIELD_REFERENCE"},{"colVal":5,"dataType":2,"exprType":"FIELD_REFERENCE"}],"inputTypes":["BIGINT","TIMESTAMP_WITHOUT_TIME_ZONE(3)","TIMESTAMP_WITHOUT_TIME_ZONE(3)","BIGINT","BIGINT","BIGINT","TIMESTAMP_WITHOUT_TIME_ZONE(3)"],"originDescription":"[11]:Calc(select=[id, category, price])","outputTypes":["BIGINT","BIGINT","BIGINT"]}
[INFO] [ #281466388869408] 2026-06-03 15:15:21  :>>>>inflight is null:1
[INFO] [ #281466388869408] 2026-06-03 15:15:21  :>>>>create OmniStreamTaskNetworkInput
[INFO] [ #281466388869408] 2026-06-03 15:15:21  :>>>>create OmniAbstractStreamTaskNetworkInput, task type is:1
[INFO] [ #281466388869408] 2026-06-03 15:15:21  :>>>>inflight is null:1
[INFO] [ #281466388869408] 2026-06-03 15:15:21  :>>>>create OmniStreamTaskNetworkInput
[INFO] [ #281466388869408] 2026-06-03 15:15:21  :>>>>create OmniAbstractStreamTaskNetworkInput, task type is:1
[INFO] [ #281466388869408] 2026-06-03 15:15:21  :>>>>restoreGates begin Join[10] -> Calc[11]
[INFO] [ #281466388869408] 2026-06-03 15:15:21  :>>>>restoreGates before readOutputData, task=Join[10] -> Calc[11]
[INFO] [ #281466388869408] 2026-06-03 15:15:21  :>>>>restoreGates after readOutputData, task=Join[10] -> Calc[11]
[INFO] [ #281466388869408] 2026-06-03 15:15:21  :>>>>GetInputRescalingDescriptor descriptor size: 0
[INFO] [ #281466388869408] 2026-06-03 15:15:21  :>>>>InputRescaling is noRescale.
[INFO] [ #281466388869408] 2026-06-03 15:15:21  :>>>>restoreGates before recovery mailbox loop
[INFO] [ #281466388869408] 2026-06-03 15:15:21  :>>>>MailboxProcessor::runMailboxLoop - starting
Complete future complete!
[INFO] [ #281466388869408] 2026-06-03 15:15:21  :>>>>CheckpointedInputGate::PollNext() is event
[INFO] [ #281466388869408] 2026-06-03 15:15:21  :>>>>Start to handle event, eventClassName: EndOfChannelStateEvent
[INFO] [ #281466388869408] 2026-06-03 15:15:21  :>>>>CheckpointedInputGate::HandleEvent received an EndOfChannelStateEvent.
[INFO] [ #281466388869408] 2026-06-03 15:15:21  :>>>>Finish to handle event, eventClassName: EndOfChannelStateEvent
[INFO] [ #281466388869408] 2026-06-03 15:15:21  :>>>>received EndOfChannelStateEvent start, inputIndex=0, channel={"@class":"org.apache.flink.runtime.checkpoint.channel.InputChannelInfo","gateIdx":0,"inputChannelIdx":0}
Complete future complete!
[INFO] [ #281466388869408] 2026-06-03 15:15:21  :>>>>CheckpointedInputGate::PollNext() is event
[INFO] [ #281466388869408] 2026-06-03 15:15:21  :>>>>Start to handle event, eventClassName: EndOfChannelStateEvent
[INFO] [ #281466388869408] 2026-06-03 15:15:21  :>>>>CheckpointedInputGate::HandleEvent received an EndOfChannelStateEvent.
[INFO] [ #281466388869408] 2026-06-03 15:15:21  :>>>>Finish to handle event, eventClassName: EndOfChannelStateEvent
[INFO] [ #281466388869408] 2026-06-03 15:15:21  :>>>>received EndOfChannelStateEvent start, inputIndex=1, channel={"@class":"org.apache.flink.runtime.checkpoint.channel.InputChannelInfo","gateIdx":1,"inputChannelIdx":0}
Complete future complete!
[INFO] [ #281466388869408] 2026-06-03 15:15:21  :>>>>CheckpointedInputGate::PollNext() is event
[INFO] [ #281466388869408] 2026-06-03 15:15:21  :>>>>Start to handle event, eventClassName: EndOfChannelStateEvent
[INFO] [ #281466388869408] 2026-06-03 15:15:21  :>>>>CheckpointedInputGate::HandleEvent received an EndOfChannelStateEvent.
[INFO] [ #281466388869408] 2026-06-03 15:15:21  :>>>>Finish to handle event, eventClassName: EndOfChannelStateEvent
[INFO] [ #281466388869408] 2026-06-03 15:15:21  :>>>>received EndOfChannelStateEvent start, inputIndex=0, channel={"@class":"org.apache.flink.runtime.checkpoint.channel.InputChannelInfo","gateIdx":0,"inputChannelIdx":1}
Complete future complete!
[INFO] [ #281466388869408] 2026-06-03 15:15:21  :>>>>CheckpointedInputGate::PollNext() is event
[INFO] [ #281466388869408] 2026-06-03 15:15:21  :>>>>Start to handle event, eventClassName: EndOfChannelStateEvent
[INFO] [ #281466388869408] 2026-06-03 15:15:21  :>>>>CheckpointedInputGate::HandleEvent received an EndOfChannelStateEvent.
[INFO] [ #281466388869408] 2026-06-03 15:15:21  :>>>>Finish to handle event, eventClassName: EndOfChannelStateEvent
[INFO] [ #281466388869408] 2026-06-03 15:15:21  :>>>>received EndOfChannelStateEvent start, inputIndex=1, channel={"@class":"org.apache.flink.runtime.checkpoint.channel.InputChannelInfo","gateIdx":1,"inputChannelIdx":1}
Complete future complete!
[INFO] [ #281466388869408] 2026-06-03 15:15:21  :>>>>CheckpointedInputGate::PollNext() is event
[INFO] [ #281466388869408] 2026-06-03 15:15:21  :>>>>Start to handle event, eventClassName: EndOfChannelStateEvent
[INFO] [ #281466388869408] 2026-06-03 15:15:21  :>>>>CheckpointedInputGate::HandleEvent received an EndOfChannelStateEvent.
[INFO] [ #281466388869408] 2026-06-03 15:15:21  :>>>>Finish to handle event, eventClassName: EndOfChannelStateEvent
[INFO] [ #281466388869408] 2026-06-03 15:15:21  :>>>>received EndOfChannelStateEvent start, inputIndex=0, channel={"@class":"org.apache.flink.runtime.checkpoint.channel.InputChannelInfo","gateIdx":0,"inputChannelIdx":2}
Complete future complete!
[INFO] [ #281466388869408] 2026-06-03 15:15:21  :>>>>CheckpointedInputGate::PollNext() is event
[INFO] [ #281466388869408] 2026-06-03 15:15:21  :>>>>Start to handle event, eventClassName: EndOfChannelStateEvent
[INFO] [ #281466388869408] 2026-06-03 15:15:21  :>>>>CheckpointedInputGate::HandleEvent received an EndOfChannelStateEvent.
[INFO] [ #281466388869408] 2026-06-03 15:15:21  :>>>>Finish to handle event, eventClassName: EndOfChannelStateEvent
[INFO] [ #281466388869408] 2026-06-03 15:15:21  :>>>>received EndOfChannelStateEvent start, inputIndex=1, channel={"@class":"org.apache.flink.runtime.checkpoint.channel.InputChannelInfo","gateIdx":1,"inputChannelIdx":2}
Complete future complete!
[INFO] [ #281466388869408] 2026-06-03 15:15:21  :>>>>CheckpointedInputGate::PollNext() is event
[INFO] [ #281466388869408] 2026-06-03 15:15:21  :>>>>Start to handle event, eventClassName: EndOfChannelStateEvent
[INFO] [ #281466388869408] 2026-06-03 15:15:21  :>>>>CheckpointedInputGate::HandleEvent received an EndOfChannelStateEvent.
[INFO] [ #281466388869408] 2026-06-03 15:15:21  :>>>>Finish to handle event, eventClassName: EndOfChannelStateEvent
[INFO] [ #281466388869408] 2026-06-03 15:15:21  :>>>>received EndOfChannelStateEvent start, inputIndex=0, channel={"@class":"org.apache.flink.runtime.checkpoint.channel.InputChannelInfo","gateIdx":0,"inputChannelIdx":3}
Complete future complete!
[INFO] [ #281466388869408] 2026-06-03 15:15:21  :>>>>CheckpointedInputGate::PollNext() is event
[INFO] [ #281466388869408] 2026-06-03 15:15:21  :>>>>Start to handle event, eventClassName: EndOfChannelStateEvent
[INFO] [ #281466388869408] 2026-06-03 15:15:21  :>>>>CheckpointedInputGate::HandleEvent received an EndOfChannelStateEvent.
[INFO] [ #281466388869408] 2026-06-03 15:15:21  :>>>>Finish to handle event, eventClassName: EndOfChannelStateEvent
[INFO] [ #281466388869408] 2026-06-03 15:15:21  :>>>>received EndOfChannelStateEvent start, inputIndex=1, channel={"@class":"org.apache.flink.runtime.checkpoint.channel.InputChannelInfo","gateIdx":1,"inputChannelIdx":3}
Complete future complete!
[INFO] [ #281466388869408] 2026-06-03 15:15:21  :>>>>CheckpointedInputGate::PollNext() is event
[INFO] [ #281466388869408] 2026-06-03 15:15:21  :>>>>Start to handle event, eventClassName: EndOfChannelStateEvent
[INFO] [ #281466388869408] 2026-06-03 15:15:21  :>>>>CheckpointedInputGate::HandleEvent received an EndOfChannelStateEvent.
[INFO] [ #281466388869408] 2026-06-03 15:15:21  :>>>>Finish to handle event, eventClassName: EndOfChannelStateEvent
[INFO] [ #281466388869408] 2026-06-03 15:15:21  :>>>>received EndOfChannelStateEvent start, inputIndex=0, channel={"@class":"org.apache.flink.runtime.checkpoint.channel.InputChannelInfo","gateIdx":0,"inputChannelIdx":4}
Complete future complete!
[INFO] [ #281466388869408] 2026-06-03 15:15:21  :>>>>CheckpointedInputGate::PollNext() is event
[INFO] [ #281466388869408] 2026-06-03 15:15:21  :>>>>Start to handle event, eventClassName: EndOfChannelStateEvent
[INFO] [ #281466388869408] 2026-06-03 15:15:21  :>>>>CheckpointedInputGate::HandleEvent received an EndOfChannelStateEvent.
[INFO] [ #281466388869408] 2026-06-03 15:15:21  :>>>>Finish to handle event, eventClassName: EndOfChannelStateEvent
[INFO] [ #281466388869408] 2026-06-03 15:15:21  :>>>>received EndOfChannelStateEvent start, inputIndex=1, channel={"@class":"org.apache.flink.runtime.checkpoint.channel.InputChannelInfo","gateIdx":1,"inputChannelIdx":4}
Complete future complete!
[INFO] [ #281466388869408] 2026-06-03 15:15:21  :>>>>CheckpointedInputGate::PollNext() is event
[INFO] [ #281466388869408] 2026-06-03 15:15:21  :>>>>Start to handle event, eventClassName: EndOfChannelStateEvent
[INFO] [ #281466388869408] 2026-06-03 15:15:21  :>>>>CheckpointedInputGate::HandleEvent received an EndOfChannelStateEvent.
[INFO] [ #281466388869408] 2026-06-03 15:15:21  :>>>>Finish to handle event, eventClassName: EndOfChannelStateEvent
[INFO] [ #281466388869408] 2026-06-03 15:15:21  :>>>>received EndOfChannelStateEvent start, inputIndex=0, channel={"@class":"org.apache.flink.runtime.checkpoint.channel.InputChannelInfo","gateIdx":0,"inputChannelIdx":5}
Complete future complete!
[INFO] [ #281466388869408] 2026-06-03 15:15:21  :>>>>CheckpointedInputGate::PollNext() is event
[INFO] [ #281466388869408] 2026-06-03 15:15:21  :>>>>Start to handle event, eventClassName: EndOfChannelStateEvent
[INFO] [ #281466388869408] 2026-06-03 15:15:21  :>>>>CheckpointedInputGate::HandleEvent received an EndOfChannelStateEvent.
[INFO] [ #281466388869408] 2026-06-03 15:15:21  :>>>>Finish to handle event, eventClassName: EndOfChannelStateEvent
[INFO] [ #281466388869408] 2026-06-03 15:15:21  :>>>>received EndOfChannelStateEvent start, inputIndex=1, channel={"@class":"org.apache.flink.runtime.checkpoint.channel.InputChannelInfo","gateIdx":1,"inputChannelIdx":5}
Complete future complete!
[INFO] [ #281466388869408] 2026-06-03 15:15:21  :>>>>CheckpointedInputGate::PollNext() is event
[INFO] [ #281466388869408] 2026-06-03 15:15:21  :>>>>Start to handle event, eventClassName: EndOfChannelStateEvent
[INFO] [ #281466388869408] 2026-06-03 15:15:21  :>>>>CheckpointedInputGate::HandleEvent received an EndOfChannelStateEvent.
[INFO] [ #281466388869408] 2026-06-03 15:15:21  :>>>>Finish to handle event, eventClassName: EndOfChannelStateEvent
[INFO] [ #281466388869408] 2026-06-03 15:15:21  :>>>>received EndOfChannelStateEvent start, inputIndex=0, channel={"@class":"org.apache.flink.runtime.checkpoint.channel.InputChannelInfo","gateIdx":0,"inputChannelIdx":6}
Complete future complete!
[INFO] [ #281466388869408] 2026-06-03 15:15:21  :>>>>CheckpointedInputGate::PollNext() is event
[INFO] [ #281466388869408] 2026-06-03 15:15:21  :>>>>Start to handle event, eventClassName: EndOfChannelStateEvent
[INFO] [ #281466388869408] 2026-06-03 15:15:21  :>>>>CheckpointedInputGate::HandleEvent received an EndOfChannelStateEvent.
[INFO] [ #281466388869408] 2026-06-03 15:15:21  :>>>>Finish to handle event, eventClassName: EndOfChannelStateEvent
[INFO] [ #281466388869408] 2026-06-03 15:15:21  :>>>>received EndOfChannelStateEvent start, inputIndex=1, channel={"@class":"org.apache.flink.runtime.checkpoint.channel.InputChannelInfo","gateIdx":1,"inputChannelIdx":6}
Complete future complete!
[INFO] [ #281466388869408] 2026-06-03 15:15:21  :>>>>CheckpointedInputGate::PollNext() is event
[INFO] [ #281466388869408] 2026-06-03 15:15:21  :>>>>Start to handle event, eventClassName: EndOfChannelStateEvent
[INFO] [ #281466388869408] 2026-06-03 15:15:21  :>>>>CheckpointedInputGate::HandleEvent received an EndOfChannelStateEvent.
[INFO] [ #281466388869408] 2026-06-03 15:15:21  :>>>>Finish to handle event, eventClassName: EndOfChannelStateEvent
[INFO] [ #281466388869408] 2026-06-03 15:15:21  :>>>>received EndOfChannelStateEvent start, inputIndex=0, channel={"@class":"org.apache.flink.runtime.checkpoint.channel.InputChannelInfo","gateIdx":0,"inputChannelIdx":7}
[INFO] [ #281466388869408] 2026-06-03 15:15:21  :>>>>received EndOfChannelStateEvent end, inputIndex=0
Complete future complete!
[INFO] [ #281466388869408] 2026-06-03 15:15:21  :>>>>CheckpointedInputGate::PollNext() is event
[INFO] [ #281466388869408] 2026-06-03 15:15:21  :>>>>Start to handle event, eventClassName: EndOfChannelStateEvent
[INFO] [ #281466388869408] 2026-06-03 15:15:21  :>>>>CheckpointedInputGate::HandleEvent received an EndOfChannelStateEvent.
[INFO] [ #281466388869408] 2026-06-03 15:15:21  :>>>>Finish to handle event, eventClassName: EndOfChannelStateEvent
[INFO] [ #281466388869408] 2026-06-03 15:15:21  :>>>>received EndOfChannelStateEvent start, inputIndex=1, channel={"@class":"org.apache.flink.runtime.checkpoint.channel.InputChannelInfo","gateIdx":1,"inputChannelIdx":7}
[INFO] [ #281466388869408] 2026-06-03 15:15:21  :>>>>received EndOfChannelStateEvent end, inputIndex=1
[INFO] [ #281466388869408] 2026-06-03 15:15:21  :>>>>processInput END_OF_RECOVERY, stop recovery mail box!
[INFO] [ #281466388869408] 2026-06-03 15:15:21  :>>>>MailboxProcessor::runMailboxLoop - exiting
[INFO] [ #281466388869408] 2026-06-03 15:15:21  :>>>>>>>after isNextLoopPossible
[INFO] [ #281466388869408] 2026-06-03 15:15:21  :>>>>restoreGates after recovery mailbox loop
[INFO] [ #281466388869408] 2026-06-03 15:15:21  :>>>>restoreGates requestPartitions directly after recovery loop
[INFO] [ #281466388869408] 2026-06-03 15:15:21  :>>>>restoreGates requestPartitions directly after recovery loop
[INFO] [ #281466388869408] 2026-06-03 15:15:21  :>>>>restoreGates complete!
[INFO] [ #281466388869408] 2026-06-03 15:15:21  :>>>> OmniTask::DoRunRestore Invokable restore after
[INFO] [ #281466388869408] 2026-06-03 15:15:21  :>>>>find OmniTask initialized, task name: Join[10] -> Calc[11]#3
[INFO] [ #281466141077792] 2026-06-03 15:15:21  :>>>>OmniSourceStreamTask::sourceThread - started, task=Source: kafka[1] -> (Calc[2] -> WatermarkAssigner(rowtime=[dateTime], watermark=[(dateTime - 4000:INTERVAL SECOND)]) -> Calc[4], Calc[6] -> WatermarkAssigner(rowtime=[dateTime], watermark=[(dateTime - 4000:INTERVAL SECOND)]) -> Calc[8])
[INFO] [ #281466141077792] 2026-06-03 15:15:21  :>>>>OmniSourceStreamTask::runSourceInThread - calling StreamSource::run
[INFO] [ #281466964877600] 2026-06-03 15:15:21  :>>>>WatermarkAssignerOperator::initializeState not impl
{"condition":{"exprType":"BINARY","left":{"colVal":0,"dataType":1,"exprType":"FIELD_REFERENCE"},"operator":"EQUAL","returnType":4,"right":{"dataType":1,"exprType":"LITERAL","isNull":false,"value":1}},"hash_path":"/home/tmp/tm_172.31.0.3:46757-b4ff63/blobStorage/job_e7f90a63856d1dd63161918fa469b292/native_dir/","indices":[{"colVal":1,"dataType":2,"exprType":"FIELD_REFERENCE"},{"colVal":11,"dataType":2,"exprType":"FIELD_REFERENCE"},{"colVal":7,"dataType":2,"exprType":"FIELD_REFERENCE"},{"colVal":9,"dataType":2,"exprType":"FIELD_REFERENCE"}],"inputTypes":["INTEGER","BIGINT","VARCHAR(2147483647)","VARCHAR(2147483647)","BIGINT","BIGINT","TIMESTAMP_WITHOUT_TIME_ZONE(3)","TIMESTAMP_WITHOUT_TIME_ZONE(3)","BIGINT","BIGINT","VARCHAR(2147483647)","TIMESTAMP_WITHOUT_TIME_ZONE(3)"],"originDescription":"[4]:Calc(select=[auction.id AS id, CAST(dateTime AS TIMESTAMP(3)) AS dateTime, auction.expires AS expires, auction.category AS category], where=[(event_type = 1)])","outputTypes":["BIGINT","TIMESTAMP_WITHOUT_TIME_ZONE(3)","TIMESTAMP_WITHOUT_TIME_ZONE(3)","BIGINT"]}
[INFO] [ #281466964877600] 2026-06-03 15:15:21  :>>>>restoreGates begin Source: kafka[1] -> (Calc[2] -> WatermarkAssigner(rowtime=[dateTime], watermark=[(dateTime - 4000:INTERVAL SECOND)]) -> Calc[4], Calc[6] -> WatermarkAssigner(rowtime=[dateTime], watermark=[(dateTime - 4000:INTERVAL SECOND)]) -> Calc[8])
[INFO] [ #281466964877600] 2026-06-03 15:15:21  :>>>>SQL scenarios, do not need to restore the channel.
[INFO] [ #281466964877600] 2026-06-03 15:15:21  :>>>> OmniTask::DoRunRestore Invokable restore after
[INFO] [ #281466964877600] 2026-06-03 15:15:21  :>>>>find OmniTask initialized, task name: Source: kafka[1] -> (Calc[2] -> WatermarkAssigner(rowtime=[dateTime], watermark=[(dateTime - 4000:INTERVAL SECOND)]) -> Calc[4], Calc[6] -> WatermarkAssigner(rowtime=[dateTime], watermark=[(dateTime - 4000:INTERVAL SECOND)]) -> Calc[8])#7
[INFO] [ #281466964877600] 2026-06-03 15:15:21  :>>>>OmniTask::DoRunInvoke welcome to native
[INFO] [ #281466964877600] 2026-06-03 15:15:21  :>>>>MailboxProcessor::runMailboxLoop - starting
[INFO] [ #281466964877600] 2026-06-03 15:15:21  :>>>>OmniSourceStreamTask::processInput - starting source thread, task=Source: kafka[1] -> (Calc[2] -> WatermarkAssigner(rowtime=[dateTime], watermark=[(dateTime - 4000:INTERVAL SECOND)]) -> Calc[4], Calc[6] -> WatermarkAssigner(rowtime=[dateTime], watermark=[(dateTime - 4000:INTERVAL SECOND)]) -> Calc[8])
[INFO] [ #281466964877600] 2026-06-03 15:15:21  :>>>>OmniSourceStreamTask::processInput - source thread started, returning to mailbox loop
[INFO] [ #281465732067616] 2026-06-03 15:15:21  :>>>> DoRunRestore starting: Join[10] -> Calc[11]#7
ResultPartitionManager::registerResultPartition: 12
[INFO] [ #281465732067616] 2026-06-03 15:15:21  :>>>> OmniTask::DoRunRestore Invokable restore before
[INFO] [ #281465732067616] 2026-06-03 15:15:21  :>>>>StreamOperatorFactory operatorID  :StreamExecCalc
[INFO] [ #281465732067616] 2026-06-03 15:15:21  :>>>>savepoint: OperatorChainV2 assign operatorId=dd05f4ecc72aaefcbbc012c5acc09896 name=Calc[11] id=StreamExecCalc
[INFO] [ #281465732067616] 2026-06-03 15:15:21  :>>>>StreamOperatorFactory operatorID  :org.apache.flink.table.runtime.operators.join.stream.StreamingJoinOperator
[INFO] [ #281465732067616] 2026-06-03 15:15:21  :>>>>savepoint: OperatorChainV2 assign operatorId=29c6de9b0f6c5486908e9bb66a93ee45 name=Join[10] id=org.apache.flink.table.runtime.operators.join.stream.StreamingJoinOperator
[INFO] [ #281465732067616] 2026-06-03 15:15:21  :>>>>OperatorDependenciesDeal opMap empty
[INFO] [ #281465732067616] 2026-06-03 15:15:21  :>>>>operatorIndex 7 maxParallelism 128 parallelism 8 start 112 end 127
[INFO] [ #281465732067616] 2026-06-03 15:15:21  :>>>>HashMapStateBackend: no JobManagerTaskRestore, starting with empty heap state
[INFO] [ #281465732067616] 2026-06-03 15:15:21  :>>>>[RocksDB-HEAP-PQ-CP-restore] operatorId=29c6de9b0f6c5486908e9bb66a93ee45 rawKeyedStateHandles=0
[INFO] [ #281465503805728] 2026-06-03 15:15:21  :>>>>OutputFlusher::run startingJoin[10] -> Calc[11] timeout 100runnning 1
[INFO] [ #281465732067616] 2026-06-03 15:15:21  :>>>>InputSideHasNoUniqueKey backend is mem
[INFO] [ #281465732067616] 2026-06-03 15:15:21  :>>>>InputSideHasNoUniqueKey backend is mem
{"condition":null,"hash_path":"/home/tmp/tm_172.31.0.3:46757-b4ff63/blobStorage/job_e7f90a63856d1dd63161918fa469b292/native_dir/","indices":[{"colVal":0,"dataType":2,"exprType":"FIELD_REFERENCE"},{"colVal":3,"dataType":2,"exprType":"FIELD_REFERENCE"},{"colVal":5,"dataType":2,"exprType":"FIELD_REFERENCE"}],"inputTypes":["BIGINT","TIMESTAMP_WITHOUT_TIME_ZONE(3)","TIMESTAMP_WITHOUT_TIME_ZONE(3)","BIGINT","BIGINT","BIGINT","TIMESTAMP_WITHOUT_TIME_ZONE(3)"],"originDescription":"[11]:Calc(select=[id, category, price])","outputTypes":["BIGINT","BIGINT","BIGINT"]}
[INFO] [ #281465732067616] 2026-06-03 15:15:21  :>>>>inflight is null:1
[INFO] [ #281465732067616] 2026-06-03 15:15:21  :>>>>create OmniStreamTaskNetworkInput
[INFO] [ #281465732067616] 2026-06-03 15:15:21  :>>>>create OmniAbstractStreamTaskNetworkInput, task type is:1
[INFO] [ #281465732067616] 2026-06-03 15:15:21  :>>>>inflight is null:1
[INFO] [ #281465732067616] 2026-06-03 15:15:21  :>>>>create OmniStreamTaskNetworkInput
[INFO] [ #281465732067616] 2026-06-03 15:15:21  :>>>>create OmniAbstractStreamTaskNetworkInput, task type is:1
[INFO] [ #281465732067616] 2026-06-03 15:15:21  :>>>>restoreGates begin Join[10] -> Calc[11]
[INFO] [ #281465732067616] 2026-06-03 15:15:21  :>>>>restoreGates before readOutputData, task=Join[10] -> Calc[11]
[INFO] [ #281465732067616] 2026-06-03 15:15:21  :>>>>restoreGates after readOutputData, task=Join[10] -> Calc[11]
[INFO] [ #281465732067616] 2026-06-03 15:15:21  :>>>>GetInputRescalingDescriptor descriptor size: 0
[INFO] [ #281465732067616] 2026-06-03 15:15:21  :>>>>InputRescaling is noRescale.
[INFO] [ #281465732067616] 2026-06-03 15:15:21  :>>>>restoreGates before recovery mailbox loop
[INFO] [ #281465732067616] 2026-06-03 15:15:21  :>>>>MailboxProcessor::runMailboxLoop - starting
Complete future complete!
[INFO] [ #281465732067616] 2026-06-03 15:15:21  :>>>>CheckpointedInputGate::PollNext() is event
[INFO] [ #281465732067616] 2026-06-03 15:15:21  :>>>>Start to handle event, eventClassName: EndOfChannelStateEvent
[INFO] [ #281465732067616] 2026-06-03 15:15:21  :>>>>CheckpointedInputGate::HandleEvent received an EndOfChannelStateEvent.
[INFO] [ #281465732067616] 2026-06-03 15:15:21  :>>>>Finish to handle event, eventClassName: EndOfChannelStateEvent
[INFO] [ #281465732067616] 2026-06-03 15:15:21  :>>>>received EndOfChannelStateEvent start, inputIndex=0, channel={"@class":"org.apache.flink.runtime.checkpoint.channel.InputChannelInfo","gateIdx":0,"inputChannelIdx":0}
Complete future complete!
[INFO] [ #281465732067616] 2026-06-03 15:15:21  :>>>>CheckpointedInputGate::PollNext() is event
[INFO] [ #281465732067616] 2026-06-03 15:15:21  :>>>>Start to handle event, eventClassName: EndOfChannelStateEvent
[INFO] [ #281465732067616] 2026-06-03 15:15:21  :>>>>CheckpointedInputGate::HandleEvent received an EndOfChannelStateEvent.
[INFO] [ #281465732067616] 2026-06-03 15:15:21  :>>>>Finish to handle event, eventClassName: EndOfChannelStateEvent
[INFO] [ #281465732067616] 2026-06-03 15:15:21  :>>>>received EndOfChannelStateEvent start, inputIndex=1, channel={"@class":"org.apache.flink.runtime.checkpoint.channel.InputChannelInfo","gateIdx":1,"inputChannelIdx":0}
Complete future complete!
[INFO] [ #281465732067616] 2026-06-03 15:15:21  :>>>>CheckpointedInputGate::PollNext() is event
[INFO] [ #281465732067616] 2026-06-03 15:15:21  :>>>>Start to handle event, eventClassName: EndOfChannelStateEvent
[INFO] [ #281465732067616] 2026-06-03 15:15:21  :>>>>CheckpointedInputGate::HandleEvent received an EndOfChannelStateEvent.
[INFO] [ #281465732067616] 2026-06-03 15:15:21  :>>>>Finish to handle event, eventClassName: EndOfChannelStateEvent
[INFO] [ #281465732067616] 2026-06-03 15:15:21  :>>>>received EndOfChannelStateEvent start, inputIndex=0, channel={"@class":"org.apache.flink.runtime.checkpoint.channel.InputChannelInfo","gateIdx":0,"inputChannelIdx":1}
Complete future complete!
[INFO] [ #281465732067616] 2026-06-03 15:15:21  :>>>>CheckpointedInputGate::PollNext() is event
[INFO] [ #281465732067616] 2026-06-03 15:15:21  :>>>>Start to handle event, eventClassName: EndOfChannelStateEvent
[INFO] [ #281465732067616] 2026-06-03 15:15:21  :>>>>CheckpointedInputGate::HandleEvent received an EndOfChannelStateEvent.
[INFO] [ #281465732067616] 2026-06-03 15:15:21  :>>>>Finish to handle event, eventClassName: EndOfChannelStateEvent
[INFO] [ #281465732067616] 2026-06-03 15:15:21  :>>>>received EndOfChannelStateEvent start, inputIndex=1, channel={"@class":"org.apache.flink.runtime.checkpoint.channel.InputChannelInfo","gateIdx":1,"inputChannelIdx":1}
Complete future complete!
[INFO] [ #281465732067616] 2026-06-03 15:15:21  :>>>>CheckpointedInputGate::PollNext() is event
[INFO] [ #281465732067616] 2026-06-03 15:15:21  :>>>>Start to handle event, eventClassName: EndOfChannelStateEvent
[INFO] [ #281465732067616] 2026-06-03 15:15:21  :>>>>CheckpointedInputGate::HandleEvent received an EndOfChannelStateEvent.
[INFO] [ #281465732067616] 2026-06-03 15:15:21  :>>>>Finish to handle event, eventClassName: EndOfChannelStateEvent
[INFO] [ #281465732067616] 2026-06-03 15:15:21  :>>>>received EndOfChannelStateEvent start, inputIndex=0, channel={"@class":"org.apache.flink.runtime.checkpoint.channel.InputChannelInfo","gateIdx":0,"inputChannelIdx":2}
Complete future complete!
[INFO] [ #281465732067616] 2026-06-03 15:15:21  :>>>>CheckpointedInputGate::PollNext() is event
[INFO] [ #281465732067616] 2026-06-03 15:15:21  :>>>>Start to handle event, eventClassName: EndOfChannelStateEvent
[INFO] [ #281465732067616] 2026-06-03 15:15:21  :>>>>CheckpointedInputGate::HandleEvent received an EndOfChannelStateEvent.
[INFO] [ #281465732067616] 2026-06-03 15:15:21  :>>>>Finish to handle event, eventClassName: EndOfChannelStateEvent
[INFO] [ #281465732067616] 2026-06-03 15:15:21  :>>>>received EndOfChannelStateEvent start, inputIndex=1, channel={"@class":"org.apache.flink.runtime.checkpoint.channel.InputChannelInfo","gateIdx":1,"inputChannelIdx":2}
Complete future complete!
[INFO] [ #281465732067616] 2026-06-03 15:15:21  :>>>>CheckpointedInputGate::PollNext() is event
[INFO] [ #281465732067616] 2026-06-03 15:15:21  :>>>>Start to handle event, eventClassName: EndOfChannelStateEvent
[INFO] [ #281465732067616] 2026-06-03 15:15:21  :>>>>CheckpointedInputGate::HandleEvent received an EndOfChannelStateEvent.
[INFO] [ #281465732067616] 2026-06-03 15:15:21  :>>>>Finish to handle event, eventClassName: EndOfChannelStateEvent
[INFO] [ #281465732067616] 2026-06-03 15:15:21  :>>>>received EndOfChannelStateEvent start, inputIndex=0, channel={"@class":"org.apache.flink.runtime.checkpoint.channel.InputChannelInfo","gateIdx":0,"inputChannelIdx":3}
Complete future complete!
[INFO] [ #281465732067616] 2026-06-03 15:15:21  :>>>>CheckpointedInputGate::PollNext() is event
[INFO] [ #281465732067616] 2026-06-03 15:15:21  :>>>>Start to handle event, eventClassName: EndOfChannelStateEvent
[INFO] [ #281465732067616] 2026-06-03 15:15:21  :>>>>CheckpointedInputGate::HandleEvent received an EndOfChannelStateEvent.
[INFO] [ #281465732067616] 2026-06-03 15:15:21  :>>>>Finish to handle event, eventClassName: EndOfChannelStateEvent
[INFO] [ #281465732067616] 2026-06-03 15:15:21  :>>>>received EndOfChannelStateEvent start, inputIndex=1, channel={"@class":"org.apache.flink.runtime.checkpoint.channel.InputChannelInfo","gateIdx":1,"inputChannelIdx":3}
Complete future complete!
[INFO] [ #281465732067616] 2026-06-03 15:15:21  :>>>>CheckpointedInputGate::PollNext() is event
[INFO] [ #281465732067616] 2026-06-03 15:15:21  :>>>>Start to handle event, eventClassName: EndOfChannelStateEvent
[INFO] [ #281465732067616] 2026-06-03 15:15:21  :>>>>CheckpointedInputGate::HandleEvent received an EndOfChannelStateEvent.
[INFO] [ #281465732067616] 2026-06-03 15:15:21  :>>>>Finish to handle event, eventClassName: EndOfChannelStateEvent
[INFO] [ #281465732067616] 2026-06-03 15:15:21  :>>>>received EndOfChannelStateEvent start, inputIndex=0, channel={"@class":"org.apache.flink.runtime.checkpoint.channel.InputChannelInfo","gateIdx":0,"inputChannelIdx":4}
Complete future complete!
[INFO] [ #281465732067616] 2026-06-03 15:15:21  :>>>>CheckpointedInputGate::PollNext() is event
[INFO] [ #281465732067616] 2026-06-03 15:15:21  :>>>>Start to handle event, eventClassName: EndOfChannelStateEvent
[INFO] [ #281465732067616] 2026-06-03 15:15:21  :>>>>CheckpointedInputGate::HandleEvent received an EndOfChannelStateEvent.
[INFO] [ #281465732067616] 2026-06-03 15:15:21  :>>>>Finish to handle event, eventClassName: EndOfChannelStateEvent
[INFO] [ #281465732067616] 2026-06-03 15:15:21  :>>>>received EndOfChannelStateEvent start, inputIndex=1, channel={"@class":"org.apache.flink.runtime.checkpoint.channel.InputChannelInfo","gateIdx":1,"inputChannelIdx":4}
Complete future complete!
[INFO] [ #281465732067616] 2026-06-03 15:15:21  :>>>>CheckpointedInputGate::PollNext() is event
[INFO] [ #281465732067616] 2026-06-03 15:15:21  :>>>>Start to handle event, eventClassName: EndOfChannelStateEvent
[INFO] [ #281465732067616] 2026-06-03 15:15:21  :>>>>CheckpointedInputGate::HandleEvent received an EndOfChannelStateEvent.
[INFO] [ #281465732067616] 2026-06-03 15:15:21  :>>>>Finish to handle event, eventClassName: EndOfChannelStateEvent
[INFO] [ #281465732067616] 2026-06-03 15:15:21  :>>>>received EndOfChannelStateEvent start, inputIndex=0, channel={"@class":"org.apache.flink.runtime.checkpoint.channel.InputChannelInfo","gateIdx":0,"inputChannelIdx":5}
Complete future complete!
[INFO] [ #281465732067616] 2026-06-03 15:15:21  :>>>>CheckpointedInputGate::PollNext() is event
[INFO] [ #281465732067616] 2026-06-03 15:15:21  :>>>>Start to handle event, eventClassName: EndOfChannelStateEvent
[INFO] [ #281465732067616] 2026-06-03 15:15:21  :>>>>CheckpointedInputGate::HandleEvent received an EndOfChannelStateEvent.
[INFO] [ #281465732067616] 2026-06-03 15:15:21  :>>>>Finish to handle event, eventClassName: EndOfChannelStateEvent
[INFO] [ #281465732067616] 2026-06-03 15:15:21  :>>>>received EndOfChannelStateEvent start, inputIndex=1, channel={"@class":"org.apache.flink.runtime.checkpoint.channel.InputChannelInfo","gateIdx":1,"inputChannelIdx":5}
Complete future complete!
[INFO] [ #281465732067616] 2026-06-03 15:15:21  :>>>>CheckpointedInputGate::PollNext() is event
[INFO] [ #281465732067616] 2026-06-03 15:15:21  :>>>>Start to handle event, eventClassName: EndOfChannelStateEvent
[INFO] [ #281465732067616] 2026-06-03 15:15:21  :>>>>CheckpointedInputGate::HandleEvent received an EndOfChannelStateEvent.
[INFO] [ #281465732067616] 2026-06-03 15:15:21  :>>>>Finish to handle event, eventClassName: EndOfChannelStateEvent
[INFO] [ #281465732067616] 2026-06-03 15:15:21  :>>>>received EndOfChannelStateEvent start, inputIndex=0, channel={"@class":"org.apache.flink.runtime.checkpoint.channel.InputChannelInfo","gateIdx":0,"inputChannelIdx":6}
Complete future complete!
[INFO] [ #281465732067616] 2026-06-03 15:15:21  :>>>>CheckpointedInputGate::PollNext() is event
[INFO] [ #281465732067616] 2026-06-03 15:15:21  :>>>>Start to handle event, eventClassName: EndOfChannelStateEvent
[INFO] [ #281465732067616] 2026-06-03 15:15:21  :>>>>CheckpointedInputGate::HandleEvent received an EndOfChannelStateEvent.
[INFO] [ #281465732067616] 2026-06-03 15:15:21  :>>>>Finish to handle event, eventClassName: EndOfChannelStateEvent
[INFO] [ #281465732067616] 2026-06-03 15:15:21  :>>>>received EndOfChannelStateEvent start, inputIndex=1, channel={"@class":"org.apache.flink.runtime.checkpoint.channel.InputChannelInfo","gateIdx":1,"inputChannelIdx":6}
Complete future complete!
[INFO] [ #281465732067616] 2026-06-03 15:15:21  :>>>>CheckpointedInputGate::PollNext() is event
[INFO] [ #281465732067616] 2026-06-03 15:15:21  :>>>>Start to handle event, eventClassName: EndOfChannelStateEvent
[INFO] [ #281465732067616] 2026-06-03 15:15:21  :>>>>CheckpointedInputGate::HandleEvent received an EndOfChannelStateEvent.
[INFO] [ #281465732067616] 2026-06-03 15:15:21  :>>>>Finish to handle event, eventClassName: EndOfChannelStateEvent
[INFO] [ #281465732067616] 2026-06-03 15:15:21  :>>>>received EndOfChannelStateEvent start, inputIndex=0, channel={"@class":"org.apache.flink.runtime.checkpoint.channel.InputChannelInfo","gateIdx":0,"inputChannelIdx":7}
[INFO] [ #281465732067616] 2026-06-03 15:15:21  :>>>>received EndOfChannelStateEvent end, inputIndex=0
Complete future complete!
[INFO] [ #281465732067616] 2026-06-03 15:15:21  :>>>>CheckpointedInputGate::PollNext() is event
[INFO] [ #281465732067616] 2026-06-03 15:15:21  :>>>>Start to handle event, eventClassName: EndOfChannelStateEvent
[INFO] [ #281465732067616] 2026-06-03 15:15:21  :>>>>CheckpointedInputGate::HandleEvent received an EndOfChannelStateEvent.
[INFO] [ #281465732067616] 2026-06-03 15:15:21  :>>>>Finish to handle event, eventClassName: EndOfChannelStateEvent
[INFO] [ #281465732067616] 2026-06-03 15:15:21  :>>>>received EndOfChannelStateEvent start, inputIndex=1, channel={"@class":"org.apache.flink.runtime.checkpoint.channel.InputChannelInfo","gateIdx":1,"inputChannelIdx":7}
[INFO] [ #281465732067616] 2026-06-03 15:15:21  :>>>>received EndOfChannelStateEvent end, inputIndex=1
[INFO] [ #281465732067616] 2026-06-03 15:15:21  :>>>>processInput END_OF_RECOVERY, stop recovery mail box!
[INFO] [ #281465732067616] 2026-06-03 15:15:21  :>>>>MailboxProcessor::runMailboxLoop - exiting
[INFO] [ #281465732067616] 2026-06-03 15:15:21  :>>>>>>>after isNextLoopPossible
[INFO] [ #281465732067616] 2026-06-03 15:15:21  :>>>>restoreGates after recovery mailbox loop
[INFO] [ #281465732067616] 2026-06-03 15:15:21  :>>>>restoreGates requestPartitions directly after recovery loop
[INFO] [ #281465732067616] 2026-06-03 15:15:21  :>>>>restoreGates requestPartitions directly after recovery loop
[INFO] [ #281465732067616] 2026-06-03 15:15:21  :>>>>restoreGates complete!
[INFO] [ #281465732067616] 2026-06-03 15:15:21  :>>>> OmniTask::DoRunRestore Invokable restore after
[INFO] [ #281465732067616] 2026-06-03 15:15:21  :>>>>find OmniTask initialized, task name: Join[10] -> Calc[11]#7
[INFO] [ #281465512259872] 2026-06-03 15:15:21  :>>>>OmniSourceStreamTask::sourceThread - started, task=Source: kafka[1] -> (Calc[2] -> WatermarkAssigner(rowtime=[dateTime], watermark=[(dateTime - 4000:INTERVAL SECOND)]) -> Calc[4], Calc[6] -> WatermarkAssigner(rowtime=[dateTime], watermark=[(dateTime - 4000:INTERVAL SECOND)]) -> Calc[8])
[INFO] [ #281465512259872] 2026-06-03 15:15:21  :>>>>OmniSourceStreamTask::runSourceInThread - calling StreamSource::run
[INFO] [ #281466388869408] 2026-06-03 15:15:21  :>>>>OmniTask::DoRunInvoke welcome to native
[INFO] [ #281466388869408] 2026-06-03 15:15:21  :>>>>MailboxProcessor::runMailboxLoop - starting
[INFO] [ #281466388869408] 2026-06-03 15:15:21  :>>>>processBufferOrEventOptForSQL for loop execution time: 1 microseconds, processed 1 objects
[INFO] [ #281466388869408] 2026-06-03 15:15:21  :>>>>processBufferOrEventOptForSQL for loop execution time: 0 microseconds, processed 1 objects
[INFO] [ #281466388869408] 2026-06-03 15:15:21  :>>>>processBufferOrEventOptForSQL for loop execution time: 0 microseconds, processed 1 objects
[INFO] [ #281466980266272] 2026-06-03 15:15:21  :>>>>bufferPoolFactoryFunc size :32
[INFO] [ #281466980266272] 2026-06-03 15:15:21  :>>>>CREATE A REMOTE RECOVERED INPUT CHANNEL#################################
[INFO] [ #281466980266272] 2026-06-03 15:15:21  :>>>>CREATE A REMOTE RECOVERED INPUT CHANNEL#################################
[INFO] [ #281466980266272] 2026-06-03 15:15:21  :>>>>CREATE A REMOTE RECOVERED INPUT CHANNEL#################################
[INFO] [ #281466980266272] 2026-06-03 15:15:21  :>>>>CREATE A LOCAL RECOVERED INPUT CHANNEL#################################
[INFO] [ #281466980266272] 2026-06-03 15:15:21  :>>>>CREATE A REMOTE RECOVERED INPUT CHANNEL#################################
[INFO] [ #281466980266272] 2026-06-03 15:15:21  :>>>>CREATE A REMOTE RECOVERED INPUT CHANNEL#################################
[INFO] [ #281466980266272] 2026-06-03 15:15:21  :>>>>CREATE A REMOTE RECOVERED INPUT CHANNEL#################################
[INFO] [ #281466980266272] 2026-06-03 15:15:21  :>>>>CREATE A LOCAL RECOVERED INPUT CHANNEL#################################
[INFO] [ #281466980266272] 2026-06-03 15:15:21  :>>>> setupStramTask: GroupAggregate(groupBy=[id, category], select=[id, category, MAX(price) AS final]) -> Calc[14]#3 taskType: 1
[INFO] [ #281465732067616] 2026-06-03 15:15:21  :>>>>OmniTask::DoRunInvoke welcome to native
[INFO] [ #281465732067616] 2026-06-03 15:15:21  :>>>>MailboxProcessor::runMailboxLoop - starting
[INFO] [ #281465732067616] 2026-06-03 15:15:21  :>>>>processBufferOrEventOptForSQL for loop execution time: 0 microseconds, processed 1 objects
[INFO] [ #281465732067616] 2026-06-03 15:15:21  :>>>>processBufferOrEventOptForSQL for loop execution time: 0 microseconds, processed 1 objects
[INFO] [ #281465732067616] 2026-06-03 15:15:21  :>>>>processBufferOrEventOptForSQL for loop execution time: 0 microseconds, processed 1 objects
[INFO] [ #281466980266272] 2026-06-03 15:15:21  :>>>>bufferPoolFactoryFunc size :32
[INFO] [ #281466980266272] 2026-06-03 15:15:21  :>>>>CREATE A REMOTE RECOVERED INPUT CHANNEL#################################
[INFO] [ #281466980266272] 2026-06-03 15:15:21  :>>>>CREATE A REMOTE RECOVERED INPUT CHANNEL#################################
[INFO] [ #281466980266272] 2026-06-03 15:15:21  :>>>>CREATE A REMOTE RECOVERED INPUT CHANNEL#################################
[INFO] [ #281466980266272] 2026-06-03 15:15:21  :>>>>CREATE A LOCAL RECOVERED INPUT CHANNEL#################################
[INFO] [ #281466980266272] 2026-06-03 15:15:21  :>>>>CREATE A REMOTE RECOVERED INPUT CHANNEL#################################
[INFO] [ #281466980266272] 2026-06-03 15:15:21  :>>>>CREATE A REMOTE RECOVERED INPUT CHANNEL#################################
[INFO] [ #281466980266272] 2026-06-03 15:15:21  :>>>>CREATE A REMOTE RECOVERED INPUT CHANNEL#################################
[INFO] [ #281466980266272] 2026-06-03 15:15:21  :>>>>CREATE A LOCAL RECOVERED INPUT CHANNEL#################################
[INFO] [ #281466980266272] 2026-06-03 15:15:21  :>>>> setupStramTask: GroupAggregate(groupBy=[id, category], select=[id, category, MAX(price) AS final]) -> Calc[14]#7 taskType: 1
[INFO] [ #281466980266272] 2026-06-03 15:15:21  :>>>>bufferPoolFactoryFunc size :32
[INFO] [ #281466980266272] 2026-06-03 15:15:21  :>>>>CREATE A REMOTE RECOVERED INPUT CHANNEL#################################
[INFO] [ #281466980266272] 2026-06-03 15:15:21  :>>>>CREATE A REMOTE RECOVERED INPUT CHANNEL#################################
[INFO] [ #281466980266272] 2026-06-03 15:15:21  :>>>>CREATE A REMOTE RECOVERED INPUT CHANNEL#################################
[INFO] [ #281466980266272] 2026-06-03 15:15:21  :>>>>CREATE A LOCAL RECOVERED INPUT CHANNEL#################################
[INFO] [ #281466980266272] 2026-06-03 15:15:21  :>>>>CREATE A REMOTE RECOVERED INPUT CHANNEL#################################
[INFO] [ #281466980266272] 2026-06-03 15:15:21  :>>>>CREATE A REMOTE RECOVERED INPUT CHANNEL#################################
[INFO] [ #281466980266272] 2026-06-03 15:15:21  :>>>>CREATE A REMOTE RECOVERED INPUT CHANNEL#################################
[INFO] [ #281466980266272] 2026-06-03 15:15:21  :>>>>CREATE A LOCAL RECOVERED INPUT CHANNEL#################################
[INFO] [ #281466980266272] 2026-06-03 15:15:21  :>>>> setupStramTask: GroupAggregate(groupBy=[category], select=[category, AVG_RETRACT(final) AS EXPR$1]) -> Sink: nexmark_q4[17]#3 taskType: 1
[INFO] [ #281466388869408] 2026-06-03 15:15:21  :>>>>processBufferOrEventOptForSQL for loop execution time: 1 microseconds, processed 1 objects
[INFO] [ #281465352876320] 2026-06-03 15:15:21  :>>>> DoRunRestore starting: GroupAggregate(groupBy=[id, category], select=[id, category, MAX(price) AS final]) -> Calc[14]#3
ResultPartitionManager::registerResultPartition: 12
[INFO] [ #281465352876320] 2026-06-03 15:15:21  :>>>> OmniTask::DoRunRestore Invokable restore before
[INFO] [ #281465352876320] 2026-06-03 15:15:21  :>>>>StreamOperatorFactory operatorID  :StreamExecCalc
[INFO] [ #281465352876320] 2026-06-03 15:15:21  :>>>>savepoint: OperatorChainV2 assign operatorId=426441f3dc6934f9ccf56e9e27c294ec name=Calc[14] id=StreamExecCalc
[INFO] [ #281465352876320] 2026-06-03 15:15:21  :>>>>StreamOperatorFactory operatorID  :org.apache.flink.streaming.api.operators.KeyedProcessOperator
[INFO] [ #281465352876320] 2026-06-03 15:15:21  :>>>>savepoint: OperatorChainV2 assign operatorId=987497bfc681cca54be4ca4b6cce3386 name=GroupAggregate(groupBy=[id, category], select=[id, category, MAX(price) AS final]) id=org.apache.flink.streaming.api.operators.KeyedProcessOperator
[INFO] [ #281465352876320] 2026-06-03 15:15:21  :>>>>OperatorDependenciesDeal opMap empty
[INFO] [ #281465352876320] 2026-06-03 15:15:21  :>>>>savepoint: KeyedProcessOperator initializeState with initializer, operatorID: 987497bfc681cca54be4ca4b6cce3386
[INFO] [ #281465352876320] 2026-06-03 15:15:21  :>>>>operatorIndex 3 maxParallelism 128 parallelism 8 start 48 end 63
[INFO] [ #281465352876320] 2026-06-03 15:15:21  :>>>>HashMapStateBackend: no JobManagerTaskRestore, starting with empty heap state
[INFO] [ #281465352876320] 2026-06-03 15:15:21  :>>>>[RocksDB-HEAP-PQ-CP-restore] operatorId=987497bfc681cca54be4ca4b6cce3386 rawKeyedStateHandles=0
{"condition":null,"hash_path":"/home/tmp/tm_172.31.0.3:46757-b4ff63/blobStorage/job_e7f90a63856d1dd63161918fa469b292/native_dir/","indices":[{"colVal":1,"dataType":2,"exprType":"FIELD_REFERENCE"},{"colVal":2,"dataType":2,"exprType":"FIELD_REFERENCE"}],"inputTypes":["BIGINT","BIGINT","BIGINT"],"originDescription":"[14]:Calc(select=[category, final])","outputTypes":["BIGINT","BIGINT"]}
[INFO] [ #281465352876320] 2026-06-03 15:15:21  :>>>>inflight is null:1
[INFO] [ #281465352876320] 2026-06-03 15:15:21  :>>>>create OmniStreamTaskNetworkInput
[INFO] [ #281465352876320] 2026-06-03 15:15:21  :>>>>create OmniAbstractStreamTaskNetworkInput, task type is:1
[INFO] [ #281465352876320] 2026-06-03 15:15:21  :>>>>restoreGates begin GroupAggregate(groupBy=[id, category], select=[id, category, MAX(price) AS final]) -> Calc[14]
[INFO] [ #281465352876320] 2026-06-03 15:15:21  :>>>>restoreGates before readOutputData, task=GroupAggregate(groupBy=[id, category], select=[id, category, MAX(price) AS final]) -> Calc[14]
[INFO] [ #281465352876320] 2026-06-03 15:15:21  :>>>>restoreGates after readOutputData, task=GroupAggregate(groupBy=[id, category], select=[id, category, MAX(price) AS final]) -> Calc[14]
[INFO] [ #281465352876320] 2026-06-03 15:15:21  :>>>>GetInputRescalingDescriptor descriptor size: 0
[INFO] [ #281465352876320] 2026-06-03 15:15:21  :>>>>InputRescaling is noRescale.
[INFO] [ #281465352876320] 2026-06-03 15:15:21  :>>>>restoreGates before recovery mailbox loop
[INFO] [ #281465352876320] 2026-06-03 15:15:21  :>>>>MailboxProcessor::runMailboxLoop - starting
Complete future complete!
[INFO] [ #281465352876320] 2026-06-03 15:15:21  :>>>>CheckpointedInputGate::PollNext() is event
[INFO] [ #281465352876320] 2026-06-03 15:15:21  :>>>>Start to handle event, eventClassName: EndOfChannelStateEvent
[INFO] [ #281465352876320] 2026-06-03 15:15:21  :>>>>CheckpointedInputGate::HandleEvent received an EndOfChannelStateEvent.
[INFO] [ #281465352876320] 2026-06-03 15:15:21  :>>>>Finish to handle event, eventClassName: EndOfChannelStateEvent
[INFO] [ #281465352876320] 2026-06-03 15:15:21  :>>>>received EndOfChannelStateEvent start, inputIndex=0, channel={"@class":"org.apache.flink.runtime.checkpoint.channel.InputChannelInfo","gateIdx":0,"inputChannelIdx":0}
Complete future complete!
[INFO] [ #281465352876320] 2026-06-03 15:15:21  :>>>>CheckpointedInputGate::PollNext() is event
[INFO] [ #281465352876320] 2026-06-03 15:15:21  :>>>>Start to handle event, eventClassName: EndOfChannelStateEvent
[INFO] [ #281465352876320] 2026-06-03 15:15:21  :>>>>CheckpointedInputGate::HandleEvent received an EndOfChannelStateEvent.
[INFO] [ #281465352876320] 2026-06-03 15:15:21  :>>>>Finish to handle event, eventClassName: EndOfChannelStateEvent
[INFO] [ #281465352876320] 2026-06-03 15:15:21  :>>>>received EndOfChannelStateEvent start, inputIndex=0, channel={"@class":"org.apache.flink.runtime.checkpoint.channel.InputChannelInfo","gateIdx":0,"inputChannelIdx":1}
Complete future complete!
[INFO] [ #281465352876320] 2026-06-03 15:15:21  :>>>>CheckpointedInputGate::PollNext() is event
[INFO] [ #281465352876320] 2026-06-03 15:15:21  :>>>>Start to handle event, eventClassName: EndOfChannelStateEvent
[INFO] [ #281465352876320] 2026-06-03 15:15:21  :>>>>CheckpointedInputGate::HandleEvent received an EndOfChannelStateEvent.
[INFO] [ #281465352876320] 2026-06-03 15:15:21  :>>>>Finish to handle event, eventClassName: EndOfChannelStateEvent
[INFO] [ #281465352876320] 2026-06-03 15:15:21  :>>>>received EndOfChannelStateEvent start, inputIndex=0, channel={"@class":"org.apache.flink.runtime.checkpoint.channel.InputChannelInfo","gateIdx":0,"inputChannelIdx":2}
Complete future complete!
[INFO] [ #281465352876320] 2026-06-03 15:15:21  :>>>>CheckpointedInputGate::PollNext() is event
[INFO] [ #281465352876320] 2026-06-03 15:15:21  :>>>>Start to handle event, eventClassName: EndOfChannelStateEvent
[INFO] [ #281465352876320] 2026-06-03 15:15:21  :>>>>CheckpointedInputGate::HandleEvent received an EndOfChannelStateEvent.
[INFO] [ #281465352876320] 2026-06-03 15:15:21  :>>>>Finish to handle event, eventClassName: EndOfChannelStateEvent
[INFO] [ #281465352876320] 2026-06-03 15:15:21  :>>>>received EndOfChannelStateEvent start, inputIndex=0, channel={"@class":"org.apache.flink.runtime.checkpoint.channel.InputChannelInfo","gateIdx":0,"inputChannelIdx":3}
Complete future complete!
[INFO] [ #281465352876320] 2026-06-03 15:15:21  :>>>>CheckpointedInputGate::PollNext() is event
[INFO] [ #281465352876320] 2026-06-03 15:15:21  :>>>>Start to handle event, eventClassName: EndOfChannelStateEvent
[INFO] [ #281465352876320] 2026-06-03 15:15:21  :>>>>CheckpointedInputGate::HandleEvent received an EndOfChannelStateEvent.
[INFO] [ #281465352876320] 2026-06-03 15:15:21  :>>>>Finish to handle event, eventClassName: EndOfChannelStateEvent
[INFO] [ #281465352876320] 2026-06-03 15:15:21  :>>>>received EndOfChannelStateEvent start, inputIndex=0, channel={"@class":"org.apache.flink.runtime.checkpoint.channel.InputChannelInfo","gateIdx":0,"inputChannelIdx":4}
Complete future complete!
[INFO] [ #281465352876320] 2026-06-03 15:15:21  :>>>>CheckpointedInputGate::PollNext() is event
[INFO] [ #281465352876320] 2026-06-03 15:15:21  :>>>>Start to handle event, eventClassName: EndOfChannelStateEvent
[INFO] [ #281465352876320] 2026-06-03 15:15:21  :>>>>CheckpointedInputGate::HandleEvent received an EndOfChannelStateEvent.
[INFO] [ #281465352876320] 2026-06-03 15:15:21  :>>>>Finish to handle event, eventClassName: EndOfChannelStateEvent
[INFO] [ #281465352876320] 2026-06-03 15:15:21  :>>>>received EndOfChannelStateEvent start, inputIndex=0, channel={"@class":"org.apache.flink.runtime.checkpoint.channel.InputChannelInfo","gateIdx":0,"inputChannelIdx":5}
Complete future complete!
[INFO] [ #281465352876320] 2026-06-03 15:15:21  :>>>>CheckpointedInputGate::PollNext() is event
[INFO] [ #281465352876320] 2026-06-03 15:15:21  :>>>>Start to handle event, eventClassName: EndOfChannelStateEvent
[INFO] [ #281465352876320] 2026-06-03 15:15:21  :>>>>CheckpointedInputGate::HandleEvent received an EndOfChannelStateEvent.
[INFO] [ #281465352876320] 2026-06-03 15:15:21  :>>>>Finish to handle event, eventClassName: EndOfChannelStateEvent
[INFO] [ #281465352876320] 2026-06-03 15:15:21  :>>>>received EndOfChannelStateEvent start, inputIndex=0, channel={"@class":"org.apache.flink.runtime.checkpoint.channel.InputChannelInfo","gateIdx":0,"inputChannelIdx":6}
Complete future complete!
[INFO] [ #281465352876320] 2026-06-03 15:15:21  :>>>>CheckpointedInputGate::PollNext() is event
[INFO] [ #281465352876320] 2026-06-03 15:15:21  :>>>>Start to handle event, eventClassName: EndOfChannelStateEvent
[INFO] [ #281465352876320] 2026-06-03 15:15:21  :>>>>CheckpointedInputGate::HandleEvent received an EndOfChannelStateEvent.
[INFO] [ #281465352876320] 2026-06-03 15:15:21  :>>>>Finish to handle event, eventClassName: EndOfChannelStateEvent
[INFO] [ #281465352876320] 2026-06-03 15:15:21  :>>>>received EndOfChannelStateEvent start, inputIndex=0, channel={"@class":"org.apache.flink.runtime.checkpoint.channel.InputChannelInfo","gateIdx":0,"inputChannelIdx":7}
[INFO] [ #281465352876320] 2026-06-03 15:15:21  :>>>>received EndOfChannelStateEvent end, inputIndex=0
[INFO] [ #281465352876320] 2026-06-03 15:15:21  :>>>>processInput END_OF_RECOVERY, stop recovery mail box!
[INFO] [ #281465352876320] 2026-06-03 15:15:21  :>>>>MailboxProcessor::runMailboxLoop - exiting
[INFO] [ #281465352876320] 2026-06-03 15:15:21  :>>>>>>>after isNextLoopPossible
[INFO] [ #281465352876320] 2026-06-03 15:15:21  :>>>>restoreGates after recovery mailbox loop
[INFO] [ #281465352876320] 2026-06-03 15:15:21  :>>>>restoreGates requestPartitions directly after recovery loop
[INFO] [ #281465352876320] 2026-06-03 15:15:21  :>>>>restoreGates complete!
[INFO] [ #281465352876320] 2026-06-03 15:15:21  :>>>> OmniTask::DoRunRestore Invokable restore after
[INFO] [ #281465352876320] 2026-06-03 15:15:21  :>>>>find OmniTask initialized, task name: GroupAggregate(groupBy=[id, category], select=[id, category, MAX(price) AS final]) -> Calc[14]#3
[INFO] [ #281465732067616] 2026-06-03 15:15:21  :>>>>processBufferOrEventOptForSQL for loop execution time: 0 microseconds, processed 1 objects
[INFO] [ #281465340293408] 2026-06-03 15:15:21  :>>>>OutputFlusher::run startingGroupAggregate(groupBy=[id, category], select=[id, category, MAX(price) AS final]) -> Calc[14] timeout 100runnning 1
[INFO] [ #281465352876320] 2026-06-03 15:15:21  :>>>>OmniTask::DoRunInvoke welcome to native
[INFO] [ #281465352876320] 2026-06-03 15:15:21  :>>>>MailboxProcessor::runMailboxLoop - starting
[INFO] [ #281466980266272] 2026-06-03 15:15:21  :>>>>bufferPoolFactoryFunc size :32
[INFO] [ #281466980266272] 2026-06-03 15:15:21  :>>>>CREATE A REMOTE RECOVERED INPUT CHANNEL#################################
[INFO] [ #281466980266272] 2026-06-03 15:15:21  :>>>>CREATE A REMOTE RECOVERED INPUT CHANNEL#################################
[INFO] [ #281466980266272] 2026-06-03 15:15:21  :>>>>CREATE A REMOTE RECOVERED INPUT CHANNEL#################################
[INFO] [ #281466980266272] 2026-06-03 15:15:21  :>>>>CREATE A LOCAL RECOVERED INPUT CHANNEL#################################
[INFO] [ #281466980266272] 2026-06-03 15:15:21  :>>>>CREATE A REMOTE RECOVERED INPUT CHANNEL#################################
[INFO] [ #281466980266272] 2026-06-03 15:15:21  :>>>>CREATE A REMOTE RECOVERED INPUT CHANNEL#################################
[INFO] [ #281466980266272] 2026-06-03 15:15:21  :>>>>CREATE A REMOTE RECOVERED INPUT CHANNEL#################################
[INFO] [ #281466980266272] 2026-06-03 15:15:21  :>>>>CREATE A LOCAL RECOVERED INPUT CHANNEL#################################
[INFO] [ #281466980266272] 2026-06-03 15:15:21  :>>>> setupStramTask: GroupAggregate(groupBy=[category], select=[category, AVG_RETRACT(final) AS EXPR$1]) -> Sink: nexmark_q4[17]#7 taskType: 1
[INFO] [ #281464534987040] 2026-06-03 15:15:21  :>>>> DoRunRestore starting: GroupAggregate(groupBy=[category], select=[category, AVG_RETRACT(final) AS EXPR$1]) -> Sink: nexmark_q4[17]#3
[INFO] [ #281464534987040] 2026-06-03 15:15:21  :>>>> OmniTask::DoRunRestore Invokable restore before
[INFO] [ #281464534987040] 2026-06-03 15:15:21  :>>>>StreamOperatorFactory operatorID  :org.apache.flink.table.runtime.operators.sink.SinkOperator
[INFO] [ #281464534987040] 2026-06-03 15:15:21  :>>>>savepoint: OperatorChainV2 assign operatorId=40a7915a627e7b57cc26cb0bcbfc886d name=Sink: nexmark_q4[17] id=org.apache.flink.table.runtime.operators.sink.SinkOperator
[INFO] [ #281464534987040] 2026-06-03 15:15:21  :>>>>StreamOperatorFactory operatorID  :org.apache.flink.streaming.api.operators.KeyedProcessOperator
[INFO] [ #281464534987040] 2026-06-03 15:15:21  :>>>>savepoint: OperatorChainV2 assign operatorId=452769245d6eb1c1f65f53c5004299eb name=GroupAggregate(groupBy=[category], select=[category, AVG_RETRACT(final) AS EXPR$1]) id=org.apache.flink.streaming.api.operators.KeyedProcessOperator
[INFO] [ #281464534987040] 2026-06-03 15:15:21  :>>>>OperatorDependenciesDeal opMap empty
[INFO] [ #281464534987040] 2026-06-03 15:15:21  :>>>>savepoint: KeyedProcessOperator initializeState with initializer, operatorID: 452769245d6eb1c1f65f53c5004299eb
[INFO] [ #281464534987040] 2026-06-03 15:15:21  :>>>>operatorIndex 3 maxParallelism 128 parallelism 8 start 48 end 63
[INFO] [ #281464534987040] 2026-06-03 15:15:21  :>>>>HashMapStateBackend: no JobManagerTaskRestore, starting with empty heap state
[INFO] [ #281464534987040] 2026-06-03 15:15:21  :>>>>[RocksDB-HEAP-PQ-CP-restore] operatorId=452769245d6eb1c1f65f53c5004299eb rawKeyedStateHandles=0
[INFO] [ #281464534987040] 2026-06-03 15:15:21  :>>>>SinkOperator::initializeState not impl
[INFO] [ #281464534987040] 2026-06-03 15:15:21  :>>>>inflight is null:1
[INFO] [ #281464534987040] 2026-06-03 15:15:21  :>>>>create OmniStreamTaskNetworkInput
[INFO] [ #281464534987040] 2026-06-03 15:15:21  :>>>>create OmniAbstractStreamTaskNetworkInput, task type is:1
[INFO] [ #281464534987040] 2026-06-03 15:15:21  :>>>>restoreGates begin GroupAggregate(groupBy=[category], select=[category, AVG_RETRACT(final) AS EXPR$1]) -> Sink: nexmark_q4[17]
[INFO] [ #281464534987040] 2026-06-03 15:15:21  :>>>>restoreGates before readOutputData, task=GroupAggregate(groupBy=[category], select=[category, AVG_RETRACT(final) AS EXPR$1]) -> Sink: nexmark_q4[17]
[INFO] [ #281464534987040] 2026-06-03 15:15:21  :>>>>restoreGates after readOutputData, task=GroupAggregate(groupBy=[category], select=[category, AVG_RETRACT(final) AS EXPR$1]) -> Sink: nexmark_q4[17]
[INFO] [ #281464534987040] 2026-06-03 15:15:21  :>>>>GetInputRescalingDescriptor descriptor size: 0
[INFO] [ #281464534987040] 2026-06-03 15:15:21  :>>>>InputRescaling is noRescale.
[INFO] [ #281464534987040] 2026-06-03 15:15:21  :>>>>restoreGates before recovery mailbox loop
[INFO] [ #281464534987040] 2026-06-03 15:15:21  :>>>>MailboxProcessor::runMailboxLoop - starting
Complete future complete!
[INFO] [ #281464534987040] 2026-06-03 15:15:21  :>>>>CheckpointedInputGate::PollNext() is event
[INFO] [ #281464534987040] 2026-06-03 15:15:21  :>>>>Start to handle event, eventClassName: EndOfChannelStateEvent
[INFO] [ #281464534987040] 2026-06-03 15:15:21  :>>>>CheckpointedInputGate::HandleEvent received an EndOfChannelStateEvent.
[INFO] [ #281464534987040] 2026-06-03 15:15:21  :>>>>Finish to handle event, eventClassName: EndOfChannelStateEvent
[INFO] [ #281464534987040] 2026-06-03 15:15:21  :>>>>received EndOfChannelStateEvent start, inputIndex=0, channel={"@class":"org.apache.flink.runtime.checkpoint.channel.InputChannelInfo","gateIdx":0,"inputChannelIdx":0}
Complete future complete!
[INFO] [ #281464534987040] 2026-06-03 15:15:21  :>>>>CheckpointedInputGate::PollNext() is event
[INFO] [ #281464534987040] 2026-06-03 15:15:21  :>>>>Start to handle event, eventClassName: EndOfChannelStateEvent
[INFO] [ #281464534987040] 2026-06-03 15:15:21  :>>>>CheckpointedInputGate::HandleEvent received an EndOfChannelStateEvent.
[INFO] [ #281464534987040] 2026-06-03 15:15:21  :>>>>Finish to handle event, eventClassName: EndOfChannelStateEvent
[INFO] [ #281464534987040] 2026-06-03 15:15:21  :>>>>received EndOfChannelStateEvent start, inputIndex=0, channel={"@class":"org.apache.flink.runtime.checkpoint.channel.InputChannelInfo","gateIdx":0,"inputChannelIdx":1}
Complete future complete!
[INFO] [ #281464534987040] 2026-06-03 15:15:21  :>>>>CheckpointedInputGate::PollNext() is event
[INFO] [ #281464534987040] 2026-06-03 15:15:21  :>>>>Start to handle event, eventClassName: EndOfChannelStateEvent
[INFO] [ #281464534987040] 2026-06-03 15:15:21  :>>>>CheckpointedInputGate::HandleEvent received an EndOfChannelStateEvent.
[INFO] [ #281464534987040] 2026-06-03 15:15:21  :>>>>Finish to handle event, eventClassName: EndOfChannelStateEvent
[INFO] [ #281464534987040] 2026-06-03 15:15:21  :>>>>received EndOfChannelStateEvent start, inputIndex=0, channel={"@class":"org.apache.flink.runtime.checkpoint.channel.InputChannelInfo","gateIdx":0,"inputChannelIdx":2}
Complete future complete!
[INFO] [ #281464534987040] 2026-06-03 15:15:21  :>>>>CheckpointedInputGate::PollNext() is event
[INFO] [ #281464534987040] 2026-06-03 15:15:21  :>>>>Start to handle event, eventClassName: EndOfChannelStateEvent
[INFO] [ #281464534987040] 2026-06-03 15:15:21  :>>>>CheckpointedInputGate::HandleEvent received an EndOfChannelStateEvent.
[INFO] [ #281464534987040] 2026-06-03 15:15:21  :>>>>Finish to handle event, eventClassName: EndOfChannelStateEvent
[INFO] [ #281464534987040] 2026-06-03 15:15:21  :>>>>received EndOfChannelStateEvent start, inputIndex=0, channel={"@class":"org.apache.flink.runtime.checkpoint.channel.InputChannelInfo","gateIdx":0,"inputChannelIdx":3}
Complete future complete!
[INFO] [ #281464534987040] 2026-06-03 15:15:21  :>>>>CheckpointedInputGate::PollNext() is event
[INFO] [ #281464534987040] 2026-06-03 15:15:21  :>>>>Start to handle event, eventClassName: EndOfChannelStateEvent
[INFO] [ #281464534987040] 2026-06-03 15:15:21  :>>>>CheckpointedInputGate::HandleEvent received an EndOfChannelStateEvent.
[INFO] [ #281464534987040] 2026-06-03 15:15:21  :>>>>Finish to handle event, eventClassName: EndOfChannelStateEvent
[INFO] [ #281464534987040] 2026-06-03 15:15:21  :>>>>received EndOfChannelStateEvent start, inputIndex=0, channel={"@class":"org.apache.flink.runtime.checkpoint.channel.InputChannelInfo","gateIdx":0,"inputChannelIdx":4}
Complete future complete!
[INFO] [ #281464534987040] 2026-06-03 15:15:21  :>>>>CheckpointedInputGate::PollNext() is event
[INFO] [ #281464534987040] 2026-06-03 15:15:21  :>>>>Start to handle event, eventClassName: EndOfChannelStateEvent
[INFO] [ #281464534987040] 2026-06-03 15:15:21  :>>>>CheckpointedInputGate::HandleEvent received an EndOfChannelStateEvent.
[INFO] [ #281464534987040] 2026-06-03 15:15:21  :>>>>Finish to handle event, eventClassName: EndOfChannelStateEvent
[INFO] [ #281464534987040] 2026-06-03 15:15:21  :>>>>received EndOfChannelStateEvent start, inputIndex=0, channel={"@class":"org.apache.flink.runtime.checkpoint.channel.InputChannelInfo","gateIdx":0,"inputChannelIdx":5}
Complete future complete!
[INFO] [ #281464534987040] 2026-06-03 15:15:21  :>>>>CheckpointedInputGate::PollNext() is event
[INFO] [ #281464534987040] 2026-06-03 15:15:21  :>>>>Start to handle event, eventClassName: EndOfChannelStateEvent
[INFO] [ #281464534987040] 2026-06-03 15:15:21  :>>>>CheckpointedInputGate::HandleEvent received an EndOfChannelStateEvent.
[INFO] [ #281464534987040] 2026-06-03 15:15:21  :>>>>Finish to handle event, eventClassName: EndOfChannelStateEvent
[INFO] [ #281464534987040] 2026-06-03 15:15:21  :>>>>received EndOfChannelStateEvent start, inputIndex=0, channel={"@class":"org.apache.flink.runtime.checkpoint.channel.InputChannelInfo","gateIdx":0,"inputChannelIdx":6}
Complete future complete!
[INFO] [ #281464534987040] 2026-06-03 15:15:21  :>>>>CheckpointedInputGate::PollNext() is event
[INFO] [ #281464534987040] 2026-06-03 15:15:21  :>>>>Start to handle event, eventClassName: EndOfChannelStateEvent
[INFO] [ #281464534987040] 2026-06-03 15:15:21  :>>>>CheckpointedInputGate::HandleEvent received an EndOfChannelStateEvent.
[INFO] [ #281464534987040] 2026-06-03 15:15:21  :>>>>Finish to handle event, eventClassName: EndOfChannelStateEvent
[INFO] [ #281464534987040] 2026-06-03 15:15:21  :>>>>received EndOfChannelStateEvent start, inputIndex=0, channel={"@class":"org.apache.flink.runtime.checkpoint.channel.InputChannelInfo","gateIdx":0,"inputChannelIdx":7}
[INFO] [ #281464534987040] 2026-06-03 15:15:21  :>>>>received EndOfChannelStateEvent end, inputIndex=0
[INFO] [ #281464534987040] 2026-06-03 15:15:21  :>>>>processInput END_OF_RECOVERY, stop recovery mail box!
[INFO] [ #281464534987040] 2026-06-03 15:15:21  :>>>>MailboxProcessor::runMailboxLoop - exiting
[INFO] [ #281464534987040] 2026-06-03 15:15:21  :>>>>>>>after isNextLoopPossible
[INFO] [ #281464534987040] 2026-06-03 15:15:21  :>>>>restoreGates after recovery mailbox loop
[INFO] [ #281464534987040] 2026-06-03 15:15:21  :>>>>restoreGates requestPartitions directly after recovery loop
[INFO] [ #281464534987040] 2026-06-03 15:15:21  :>>>>restoreGates complete!
[INFO] [ #281464534987040] 2026-06-03 15:15:21  :>>>> OmniTask::DoRunRestore Invokable restore after
[INFO] [ #281464534987040] 2026-06-03 15:15:21  :>>>>find OmniTask initialized, task name: GroupAggregate(groupBy=[category], select=[category, AVG_RETRACT(final) AS EXPR$1]) -> Sink: nexmark_q4[17]#3
[INFO] [ #281465344487712] 2026-06-03 15:15:21  :>>>> DoRunRestore starting: GroupAggregate(groupBy=[id, category], select=[id, category, MAX(price) AS final]) -> Calc[14]#7
ResultPartitionManager::registerResultPartition: 12
[INFO] [ #281465344487712] 2026-06-03 15:15:21  :>>>> OmniTask::DoRunRestore Invokable restore before
[INFO] [ #281465344487712] 2026-06-03 15:15:21  :>>>>StreamOperatorFactory operatorID  :StreamExecCalc
[INFO] [ #281465344487712] 2026-06-03 15:15:21  :>>>>savepoint: OperatorChainV2 assign operatorId=426441f3dc6934f9ccf56e9e27c294ec name=Calc[14] id=StreamExecCalc
[INFO] [ #281465344487712] 2026-06-03 15:15:21  :>>>>StreamOperatorFactory operatorID  :org.apache.flink.streaming.api.operators.KeyedProcessOperator
[INFO] [ #281465344487712] 2026-06-03 15:15:21  :>>>>savepoint: OperatorChainV2 assign operatorId=987497bfc681cca54be4ca4b6cce3386 name=GroupAggregate(groupBy=[id, category], select=[id, category, MAX(price) AS final]) id=org.apache.flink.streaming.api.operators.KeyedProcessOperator
[INFO] [ #281465344487712] 2026-06-03 15:15:21  :>>>>OperatorDependenciesDeal opMap empty
[INFO] [ #281465344487712] 2026-06-03 15:15:21  :>>>>savepoint: KeyedProcessOperator initializeState with initializer, operatorID: 987497bfc681cca54be4ca4b6cce3386
[INFO] [ #281465344487712] 2026-06-03 15:15:21  :>>>>operatorIndex 7 maxParallelism 128 parallelism 8 start 112 end 127
[INFO] [ #281465344487712] 2026-06-03 15:15:21  :>>>>HashMapStateBackend: no JobManagerTaskRestore, starting with empty heap state
[INFO] [ #281465344487712] 2026-06-03 15:15:21  :>>>>[RocksDB-HEAP-PQ-CP-restore] operatorId=987497bfc681cca54be4ca4b6cce3386 rawKeyedStateHandles=0
{"condition":null,"hash_path":"/home/tmp/tm_172.31.0.3:46757-b4ff63/blobStorage/job_e7f90a63856d1dd63161918fa469b292/native_dir/","indices":[{"colVal":1,"dataType":2,"exprType":"FIELD_REFERENCE"},{"colVal":2,"dataType":2,"exprType":"FIELD_REFERENCE"}],"inputTypes":["BIGINT","BIGINT","BIGINT"],"originDescription":"[14]:Calc(select=[category, final])","outputTypes":["BIGINT","BIGINT"]}
[INFO] [ #281465344487712] 2026-06-03 15:15:21  :>>>>inflight is null:1
[INFO] [ #281465344487712] 2026-06-03 15:15:21  :>>>>create OmniStreamTaskNetworkInput
[INFO] [ #281465344487712] 2026-06-03 15:15:21  :>>>>create OmniAbstractStreamTaskNetworkInput, task type is:1
[INFO] [ #281465344487712] 2026-06-03 15:15:21  :>>>>restoreGates begin GroupAggregate(groupBy=[id, category], select=[id, category, MAX(price) AS final]) -> Calc[14]
[INFO] [ #281465344487712] 2026-06-03 15:15:21  :>>>>restoreGates before readOutputData, task=GroupAggregate(groupBy=[id, category], select=[id, category, MAX(price) AS final]) -> Calc[14]
[INFO] [ #281465344487712] 2026-06-03 15:15:21  :>>>>restoreGates after readOutputData, task=GroupAggregate(groupBy=[id, category], select=[id, category, MAX(price) AS final]) -> Calc[14]
[INFO] [ #281465344487712] 2026-06-03 15:15:21  :>>>>GetInputRescalingDescriptor descriptor size: 0
[INFO] [ #281465344487712] 2026-06-03 15:15:21  :>>>>InputRescaling is noRescale.
[INFO] [ #281465344487712] 2026-06-03 15:15:21  :>>>>restoreGates before recovery mailbox loop
[INFO] [ #281465344487712] 2026-06-03 15:15:21  :>>>>MailboxProcessor::runMailboxLoop - starting
Complete future complete!
[INFO] [ #281465344487712] 2026-06-03 15:15:21  :>>>>CheckpointedInputGate::PollNext() is event
[INFO] [ #281465344487712] 2026-06-03 15:15:21  :>>>>Start to handle event, eventClassName: EndOfChannelStateEvent
[INFO] [ #281465344487712] 2026-06-03 15:15:21  :>>>>CheckpointedInputGate::HandleEvent received an EndOfChannelStateEvent.
[INFO] [ #281465344487712] 2026-06-03 15:15:21  :>>>>Finish to handle event, eventClassName: EndOfChannelStateEvent
[INFO] [ #281465344487712] 2026-06-03 15:15:21  :>>>>received EndOfChannelStateEvent start, inputIndex=0, channel={"@class":"org.apache.flink.runtime.checkpoint.channel.InputChannelInfo","gateIdx":0,"inputChannelIdx":0}
Complete future complete!
[INFO] [ #281465344487712] 2026-06-03 15:15:21  :>>>>CheckpointedInputGate::PollNext() is event
[INFO] [ #281465344487712] 2026-06-03 15:15:21  :>>>>Start to handle event, eventClassName: EndOfChannelStateEvent
[INFO] [ #281465344487712] 2026-06-03 15:15:21  :>>>>CheckpointedInputGate::HandleEvent received an EndOfChannelStateEvent.
[INFO] [ #281465344487712] 2026-06-03 15:15:21  :>>>>Finish to handle event, eventClassName: EndOfChannelStateEvent
[INFO] [ #281465344487712] 2026-06-03 15:15:21  :>>>>received EndOfChannelStateEvent start, inputIndex=0, channel={"@class":"org.apache.flink.runtime.checkpoint.channel.InputChannelInfo","gateIdx":0,"inputChannelIdx":1}
Complete future complete!
[INFO] [ #281465344487712] 2026-06-03 15:15:21  :>>>>CheckpointedInputGate::PollNext() is event
[INFO] [ #281465344487712] 2026-06-03 15:15:21  :>>>>Start to handle event, eventClassName: EndOfChannelStateEvent
[INFO] [ #281465344487712] 2026-06-03 15:15:21  :>>>>CheckpointedInputGate::HandleEvent received an EndOfChannelStateEvent.
[INFO] [ #281465344487712] 2026-06-03 15:15:21  :>>>>Finish to handle event, eventClassName: EndOfChannelStateEvent
[INFO] [ #281465344487712] 2026-06-03 15:15:21  :>>>>received EndOfChannelStateEvent start, inputIndex=0, channel={"@class":"org.apache.flink.runtime.checkpoint.channel.InputChannelInfo","gateIdx":0,"inputChannelIdx":2}
Complete future complete!
[INFO] [ #281465344487712] 2026-06-03 15:15:21  :>>>>CheckpointedInputGate::PollNext() is event
[INFO] [ #281465344487712] 2026-06-03 15:15:21  :>>>>Start to handle event, eventClassName: EndOfChannelStateEvent
[INFO] [ #281465344487712] 2026-06-03 15:15:21  :>>>>CheckpointedInputGate::HandleEvent received an EndOfChannelStateEvent.
[INFO] [ #281465344487712] 2026-06-03 15:15:21  :>>>>Finish to handle event, eventClassName: EndOfChannelStateEvent
[INFO] [ #281465344487712] 2026-06-03 15:15:21  :>>>>received EndOfChannelStateEvent start, inputIndex=0, channel={"@class":"org.apache.flink.runtime.checkpoint.channel.InputChannelInfo","gateIdx":0,"inputChannelIdx":3}
Complete future complete!
[INFO] [ #281465344487712] 2026-06-03 15:15:21  :>>>>CheckpointedInputGate::PollNext() is event
[INFO] [ #281465344487712] 2026-06-03 15:15:21  :>>>>Start to handle event, eventClassName: EndOfChannelStateEvent
[INFO] [ #281465344487712] 2026-06-03 15:15:21  :>>>>CheckpointedInputGate::HandleEvent received an EndOfChannelStateEvent.
[INFO] [ #281465344487712] 2026-06-03 15:15:21  :>>>>Finish to handle event, eventClassName: EndOfChannelStateEvent
[INFO] [ #281465344487712] 2026-06-03 15:15:21  :>>>>received EndOfChannelStateEvent start, inputIndex=0, channel={"@class":"org.apache.flink.runtime.checkpoint.channel.InputChannelInfo","gateIdx":0,"inputChannelIdx":4}
Complete future complete!
[INFO] [ #281465344487712] 2026-06-03 15:15:21  :>>>>CheckpointedInputGate::PollNext() is event
[INFO] [ #281465344487712] 2026-06-03 15:15:21  :>>>>Start to handle event, eventClassName: EndOfChannelStateEvent
[INFO] [ #281465344487712] 2026-06-03 15:15:21  :>>>>CheckpointedInputGate::HandleEvent received an EndOfChannelStateEvent.
[INFO] [ #281465344487712] 2026-06-03 15:15:21  :>>>>Finish to handle event, eventClassName: EndOfChannelStateEvent
[INFO] [ #281465344487712] 2026-06-03 15:15:21  :>>>>received EndOfChannelStateEvent start, inputIndex=0, channel={"@class":"org.apache.flink.runtime.checkpoint.channel.InputChannelInfo","gateIdx":0,"inputChannelIdx":5}
Complete future complete!
[INFO] [ #281465344487712] 2026-06-03 15:15:21  :>>>>CheckpointedInputGate::PollNext() is event
[INFO] [ #281465344487712] 2026-06-03 15:15:21  :>>>>Start to handle event, eventClassName: EndOfChannelStateEvent
[INFO] [ #281465344487712] 2026-06-03 15:15:21  :>>>>CheckpointedInputGate::HandleEvent received an EndOfChannelStateEvent.
[INFO] [ #281465344487712] 2026-06-03 15:15:21  :>>>>Finish to handle event, eventClassName: EndOfChannelStateEvent
[INFO] [ #281465344487712] 2026-06-03 15:15:21  :>>>>received EndOfChannelStateEvent start, inputIndex=0, channel={"@class":"org.apache.flink.runtime.checkpoint.channel.InputChannelInfo","gateIdx":0,"inputChannelIdx":6}
Complete future complete!
[INFO] [ #281465344487712] 2026-06-03 15:15:21  :>>>>CheckpointedInputGate::PollNext() is event
[INFO] [ #281465344487712] 2026-06-03 15:15:21  :>>>>Start to handle event, eventClassName: EndOfChannelStateEvent
[INFO] [ #281465344487712] 2026-06-03 15:15:21  :>>>>CheckpointedInputGate::HandleEvent received an EndOfChannelStateEvent.
[INFO] [ #281465344487712] 2026-06-03 15:15:21  :>>>>Finish to handle event, eventClassName: EndOfChannelStateEvent
[INFO] [ #281465344487712] 2026-06-03 15:15:21  :>>>>received EndOfChannelStateEvent start, inputIndex=0, channel={"@class":"org.apache.flink.runtime.checkpoint.channel.InputChannelInfo","gateIdx":0,"inputChannelIdx":7}
[INFO] [ #281465344487712] 2026-06-03 15:15:21  :>>>>received EndOfChannelStateEvent end, inputIndex=0
[INFO] [ #281465344487712] 2026-06-03 15:15:21  :>>>>processInput END_OF_RECOVERY, stop recovery mail box!
[INFO] [ #281465344487712] 2026-06-03 15:15:21  :>>>>MailboxProcessor::runMailboxLoop - exiting
[INFO] [ #281465344487712] 2026-06-03 15:15:21  :>>>>>>>after isNextLoopPossible
[INFO] [ #281465344487712] 2026-06-03 15:15:21  :>>>>restoreGates after recovery mailbox loop
[INFO] [ #281465344487712] 2026-06-03 15:15:21  :>>>>restoreGates requestPartitions directly after recovery loop
[INFO] [ #281465344487712] 2026-06-03 15:15:21  :>>>>restoreGates complete!
[INFO] [ #281465344487712] 2026-06-03 15:15:21  :>>>> OmniTask::DoRunRestore Invokable restore after
[INFO] [ #281465344487712] 2026-06-03 15:15:21  :>>>>find OmniTask initialized, task name: GroupAggregate(groupBy=[id, category], select=[id, category, MAX(price) AS final]) -> Calc[14]#7
[INFO] [ #281464129909024] 2026-06-03 15:15:21  :>>>>LocalInputChannel sleep time: 300000
[INFO] [ #281464121454880] 2026-06-03 15:15:21  :>>>>OutputFlusher::run startingGroupAggregate(groupBy=[id, category], select=[id, category, MAX(price) AS final]) -> Calc[14] timeout 100runnning 1
[INFO] [ #281464534987040] 2026-06-03 15:15:21  :>>>>OmniTask::DoRunInvoke welcome to native
[INFO] [ #281464534987040] 2026-06-03 15:15:21  :>>>>MailboxProcessor::runMailboxLoop - starting
[INFO] [ #281465344487712] 2026-06-03 15:15:21  :>>>>OmniTask::DoRunInvoke welcome to native
[INFO] [ #281465344487712] 2026-06-03 15:15:21  :>>>>MailboxProcessor::runMailboxLoop - starting
[INFO] [ #281464058081568] 2026-06-03 15:15:21  :>>>> DoRunRestore starting: GroupAggregate(groupBy=[category], select=[category, AVG_RETRACT(final) AS EXPR$1]) -> Sink: nexmark_q4[17]#7
[INFO] [ #281464058081568] 2026-06-03 15:15:21  :>>>> OmniTask::DoRunRestore Invokable restore before
[INFO] [ #281464058081568] 2026-06-03 15:15:21  :>>>>StreamOperatorFactory operatorID  :org.apache.flink.table.runtime.operators.sink.SinkOperator
[INFO] [ #281464058081568] 2026-06-03 15:15:21  :>>>>savepoint: OperatorChainV2 assign operatorId=40a7915a627e7b57cc26cb0bcbfc886d name=Sink: nexmark_q4[17] id=org.apache.flink.table.runtime.operators.sink.SinkOperator
[INFO] [ #281464058081568] 2026-06-03 15:15:21  :>>>>StreamOperatorFactory operatorID  :org.apache.flink.streaming.api.operators.KeyedProcessOperator
[INFO] [ #281464058081568] 2026-06-03 15:15:21  :>>>>savepoint: OperatorChainV2 assign operatorId=452769245d6eb1c1f65f53c5004299eb name=GroupAggregate(groupBy=[category], select=[category, AVG_RETRACT(final) AS EXPR$1]) id=org.apache.flink.streaming.api.operators.KeyedProcessOperator
[INFO] [ #281464058081568] 2026-06-03 15:15:21  :>>>>OperatorDependenciesDeal opMap empty
[INFO] [ #281464058081568] 2026-06-03 15:15:21  :>>>>savepoint: KeyedProcessOperator initializeState with initializer, operatorID: 452769245d6eb1c1f65f53c5004299eb
[INFO] [ #281464058081568] 2026-06-03 15:15:21  :>>>>operatorIndex 7 maxParallelism 128 parallelism 8 start 112 end 127
[INFO] [ #281464058081568] 2026-06-03 15:15:21  :>>>>HashMapStateBackend: no JobManagerTaskRestore, starting with empty heap state
[INFO] [ #281464058081568] 2026-06-03 15:15:21  :>>>>[RocksDB-HEAP-PQ-CP-restore] operatorId=452769245d6eb1c1f65f53c5004299eb rawKeyedStateHandles=0
[INFO] [ #281464058081568] 2026-06-03 15:15:21  :>>>>SinkOperator::initializeState not impl
[INFO] [ #281464058081568] 2026-06-03 15:15:21  :>>>>inflight is null:1
[INFO] [ #281464058081568] 2026-06-03 15:15:21  :>>>>create OmniStreamTaskNetworkInput
[INFO] [ #281464058081568] 2026-06-03 15:15:21  :>>>>create OmniAbstractStreamTaskNetworkInput, task type is:1
[INFO] [ #281464058081568] 2026-06-03 15:15:21  :>>>>restoreGates begin GroupAggregate(groupBy=[category], select=[category, AVG_RETRACT(final) AS EXPR$1]) -> Sink: nexmark_q4[17]
[INFO] [ #281464058081568] 2026-06-03 15:15:21  :>>>>restoreGates before readOutputData, task=GroupAggregate(groupBy=[category], select=[category, AVG_RETRACT(final) AS EXPR$1]) -> Sink: nexmark_q4[17]
[INFO] [ #281464058081568] 2026-06-03 15:15:21  :>>>>restoreGates after readOutputData, task=GroupAggregate(groupBy=[category], select=[category, AVG_RETRACT(final) AS EXPR$1]) -> Sink: nexmark_q4[17]
[INFO] [ #281464058081568] 2026-06-03 15:15:21  :>>>>GetInputRescalingDescriptor descriptor size: 0
[INFO] [ #281464058081568] 2026-06-03 15:15:21  :>>>>InputRescaling is noRescale.
[INFO] [ #281464058081568] 2026-06-03 15:15:21  :>>>>restoreGates before recovery mailbox loop
[INFO] [ #281464058081568] 2026-06-03 15:15:21  :>>>>MailboxProcessor::runMailboxLoop - starting
Complete future complete!
[INFO] [ #281464058081568] 2026-06-03 15:15:21  :>>>>CheckpointedInputGate::PollNext() is event
[INFO] [ #281464058081568] 2026-06-03 15:15:21  :>>>>Start to handle event, eventClassName: EndOfChannelStateEvent
[INFO] [ #281464058081568] 2026-06-03 15:15:21  :>>>>CheckpointedInputGate::HandleEvent received an EndOfChannelStateEvent.
[INFO] [ #281464058081568] 2026-06-03 15:15:21  :>>>>Finish to handle event, eventClassName: EndOfChannelStateEvent
[INFO] [ #281464058081568] 2026-06-03 15:15:21  :>>>>received EndOfChannelStateEvent start, inputIndex=0, channel={"@class":"org.apache.flink.runtime.checkpoint.channel.InputChannelInfo","gateIdx":0,"inputChannelIdx":0}
Complete future complete!
[INFO] [ #281464058081568] 2026-06-03 15:15:21  :>>>>CheckpointedInputGate::PollNext() is event
[INFO] [ #281464058081568] 2026-06-03 15:15:21  :>>>>Start to handle event, eventClassName: EndOfChannelStateEvent
[INFO] [ #281464058081568] 2026-06-03 15:15:21  :>>>>CheckpointedInputGate::HandleEvent received an EndOfChannelStateEvent.
[INFO] [ #281464058081568] 2026-06-03 15:15:21  :>>>>Finish to handle event, eventClassName: EndOfChannelStateEvent
[INFO] [ #281464058081568] 2026-06-03 15:15:21  :>>>>received EndOfChannelStateEvent start, inputIndex=0, channel={"@class":"org.apache.flink.runtime.checkpoint.channel.InputChannelInfo","gateIdx":0,"inputChannelIdx":1}
Complete future complete!
[INFO] [ #281464058081568] 2026-06-03 15:15:21  :>>>>CheckpointedInputGate::PollNext() is event
[INFO] [ #281464058081568] 2026-06-03 15:15:21  :>>>>Start to handle event, eventClassName: EndOfChannelStateEvent
[INFO] [ #281464058081568] 2026-06-03 15:15:21  :>>>>CheckpointedInputGate::HandleEvent received an EndOfChannelStateEvent.
[INFO] [ #281464058081568] 2026-06-03 15:15:21  :>>>>Finish to handle event, eventClassName: EndOfChannelStateEvent
[INFO] [ #281464058081568] 2026-06-03 15:15:21  :>>>>received EndOfChannelStateEvent start, inputIndex=0, channel={"@class":"org.apache.flink.runtime.checkpoint.channel.InputChannelInfo","gateIdx":0,"inputChannelIdx":2}
Complete future complete!
[INFO] [ #281464058081568] 2026-06-03 15:15:21  :>>>>CheckpointedInputGate::PollNext() is event
[INFO] [ #281464058081568] 2026-06-03 15:15:21  :>>>>Start to handle event, eventClassName: EndOfChannelStateEvent
[INFO] [ #281464058081568] 2026-06-03 15:15:21  :>>>>CheckpointedInputGate::HandleEvent received an EndOfChannelStateEvent.
[INFO] [ #281464058081568] 2026-06-03 15:15:21  :>>>>Finish to handle event, eventClassName: EndOfChannelStateEvent
[INFO] [ #281464058081568] 2026-06-03 15:15:21  :>>>>received EndOfChannelStateEvent start, inputIndex=0, channel={"@class":"org.apache.flink.runtime.checkpoint.channel.InputChannelInfo","gateIdx":0,"inputChannelIdx":3}
Complete future complete!
[INFO] [ #281464058081568] 2026-06-03 15:15:21  :>>>>CheckpointedInputGate::PollNext() is event
[INFO] [ #281464058081568] 2026-06-03 15:15:21  :>>>>Start to handle event, eventClassName: EndOfChannelStateEvent
[INFO] [ #281464058081568] 2026-06-03 15:15:21  :>>>>CheckpointedInputGate::HandleEvent received an EndOfChannelStateEvent.
[INFO] [ #281464058081568] 2026-06-03 15:15:21  :>>>>Finish to handle event, eventClassName: EndOfChannelStateEvent
[INFO] [ #281464058081568] 2026-06-03 15:15:21  :>>>>received EndOfChannelStateEvent start, inputIndex=0, channel={"@class":"org.apache.flink.runtime.checkpoint.channel.InputChannelInfo","gateIdx":0,"inputChannelIdx":4}
Complete future complete!
[INFO] [ #281464058081568] 2026-06-03 15:15:21  :>>>>CheckpointedInputGate::PollNext() is event
[INFO] [ #281464058081568] 2026-06-03 15:15:21  :>>>>Start to handle event, eventClassName: EndOfChannelStateEvent
[INFO] [ #281464058081568] 2026-06-03 15:15:21  :>>>>CheckpointedInputGate::HandleEvent received an EndOfChannelStateEvent.
[INFO] [ #281464058081568] 2026-06-03 15:15:21  :>>>>Finish to handle event, eventClassName: EndOfChannelStateEvent
[INFO] [ #281464058081568] 2026-06-03 15:15:21  :>>>>received EndOfChannelStateEvent start, inputIndex=0, channel={"@class":"org.apache.flink.runtime.checkpoint.channel.InputChannelInfo","gateIdx":0,"inputChannelIdx":5}
Complete future complete!
[INFO] [ #281464058081568] 2026-06-03 15:15:21  :>>>>CheckpointedInputGate::PollNext() is event
[INFO] [ #281464058081568] 2026-06-03 15:15:21  :>>>>Start to handle event, eventClassName: EndOfChannelStateEvent
[INFO] [ #281464058081568] 2026-06-03 15:15:21  :>>>>CheckpointedInputGate::HandleEvent received an EndOfChannelStateEvent.
[INFO] [ #281464058081568] 2026-06-03 15:15:21  :>>>>Finish to handle event, eventClassName: EndOfChannelStateEvent
[INFO] [ #281464058081568] 2026-06-03 15:15:21  :>>>>received EndOfChannelStateEvent start, inputIndex=0, channel={"@class":"org.apache.flink.runtime.checkpoint.channel.InputChannelInfo","gateIdx":0,"inputChannelIdx":6}
Complete future complete!
[INFO] [ #281464058081568] 2026-06-03 15:15:21  :>>>>CheckpointedInputGate::PollNext() is event
[INFO] [ #281464058081568] 2026-06-03 15:15:21  :>>>>Start to handle event, eventClassName: EndOfChannelStateEvent
[INFO] [ #281464058081568] 2026-06-03 15:15:21  :>>>>CheckpointedInputGate::HandleEvent received an EndOfChannelStateEvent.
[INFO] [ #281464058081568] 2026-06-03 15:15:21  :>>>>Finish to handle event, eventClassName: EndOfChannelStateEvent
[INFO] [ #281464058081568] 2026-06-03 15:15:21  :>>>>received EndOfChannelStateEvent start, inputIndex=0, channel={"@class":"org.apache.flink.runtime.checkpoint.channel.InputChannelInfo","gateIdx":0,"inputChannelIdx":7}
[INFO] [ #281464058081568] 2026-06-03 15:15:21  :>>>>received EndOfChannelStateEvent end, inputIndex=0
[INFO] [ #281464058081568] 2026-06-03 15:15:21  :>>>>processInput END_OF_RECOVERY, stop recovery mail box!
[INFO] [ #281464058081568] 2026-06-03 15:15:21  :>>>>MailboxProcessor::runMailboxLoop - exiting
[INFO] [ #281464058081568] 2026-06-03 15:15:21  :>>>>>>>after isNextLoopPossible
[INFO] [ #281464058081568] 2026-06-03 15:15:21  :>>>>restoreGates after recovery mailbox loop
[INFO] [ #281464058081568] 2026-06-03 15:15:21  :>>>>restoreGates requestPartitions directly after recovery loop
[INFO] [ #281464058081568] 2026-06-03 15:15:21  :>>>>restoreGates complete!
[INFO] [ #281464058081568] 2026-06-03 15:15:21  :>>>> OmniTask::DoRunRestore Invokable restore after
[INFO] [ #281464058081568] 2026-06-03 15:15:21  :>>>>find OmniTask initialized, task name: GroupAggregate(groupBy=[category], select=[category, AVG_RETRACT(final) AS EXPR$1]) -> Sink: nexmark_q4[17]#7
[INFO] [ #281464058081568] 2026-06-03 15:15:21  :>>>>OmniTask::DoRunInvoke welcome to native
[INFO] [ #281464058081568] 2026-06-03 15:15:21  :>>>>MailboxProcessor::runMailboxLoop - starting
Native byte order is little-endian
Native byte order is little-endian
[INFO] [ #281465732067616] 2026-06-03 15:15:22  :>>>>processBufferOrEventOptForSQL for loop execution time: 1 microseconds, processed 1 objects
Native byte order is little-endian
Native byte order is little-endian
Native byte order is little-endian
Native byte order is little-endian
Native byte order is little-endian
Native byte order is little-endian
Native byte order is little-endian
Native byte order is little-endian
Native byte order is little-endian
Native byte order is little-endian
Native byte order is little-endian
Native byte order is little-endian
Native byte order is little-endian
Native byte order is little-endian
Native byte order is little-endian
Native byte order is little-endian
Native byte order is little-endian
Native byte order is little-endian
Native byte order is little-endian
Native byte order is little-endian
Native byte order is little-endian
Native byte order is little-endian
Native byte order is little-endian
Native byte order is little-endian
[INFO] [ #281466388869408] 2026-06-03 15:15:24  :>>>>processBufferOrEventOptForSQL for loop execution time: 1 microseconds, processed 1 objects
[INFO] [ #281465732067616] 2026-06-03 15:15:24  :>>>>processBufferOrEventOptForSQL for loop execution time: 0 microseconds, processed 1 objects
[INFO] [ #281465732067616] 2026-06-03 15:15:24  :>>>>processBufferOrEventOptForSQL for loop execution time: 0 microseconds, processed 1 objects
Native byte order is little-endian
Native byte order is little-endian
Native byte order is little-endian
Native byte order is little-endian
Native byte order is little-endian
Native byte order is little-endian
Native byte order is little-endian
Native byte order is little-endian
Native byte order is little-endian
Native byte order is little-endian
[INFO] [ #281465732067616] 2026-06-03 15:15:25  :>>>>processBufferOrEventOptForSQL for loop execution time: 0 microseconds, processed 1 objects
[INFO] [ #281465732067616] 2026-06-03 15:15:25  :>>>>processBufferOrEventOptForSQL for loop execution time: 0 microseconds, processed 1 objects
[INFO] [ #281465732067616] 2026-06-03 15:15:25  :>>>>processBufferOrEventOptForSQL for loop execution time: 0 microseconds, processed 1 objects
[INFO] [ #281465732067616] 2026-06-03 15:15:25  :>>>>processBufferOrEventOptForSQL for loop execution time: 0 microseconds, processed 1 objects
[INFO] [ #281465732067616] 2026-06-03 15:15:25  :>>>>processBufferOrEventOptForSQL for loop execution time: 0 microseconds, processed 1 objects
[INFO] [ #281465732067616] 2026-06-03 15:15:25  :>>>>processBufferOrEventOptForSQL for loop execution time: 18 microseconds, processed 1 objects
[INFO] [ #281465732067616] 2026-06-03 15:15:25  :>>>>processBufferOrEventOptForSQL for loop execution time: 0 microseconds, processed 1 objects
[INFO] [ #281465732067616] 2026-06-03 15:15:25  :>>>>processBufferOrEventOptForSQL for loop execution time: 0 microseconds, processed 1 objects
[INFO] [ #281465732067616] 2026-06-03 15:15:25  :>>>>processBufferOrEventOptForSQL for loop execution time: 52 microseconds, processed 1 objects
[INFO] [ #281466388869408] 2026-06-03 15:15:25  :>>>>processBufferOrEventOptForSQL for loop execution time: 0 microseconds, processed 1 objects
[INFO] [ #281466388869408] 2026-06-03 15:15:25  :>>>>processBufferOrEventOptForSQL for loop execution time: 0 microseconds, processed 1 objects
[INFO] [ #281466388869408] 2026-06-03 15:15:25  :>>>>processBufferOrEventOptForSQL for loop execution time: 0 microseconds, processed 1 objects
[INFO] [ #281466388869408] 2026-06-03 15:15:25  :>>>>processBufferOrEventOptForSQL for loop execution time: 0 microseconds, processed 1 objects
[INFO] [ #281466388869408] 2026-06-03 15:15:25  :>>>>processBufferOrEventOptForSQL for loop execution time: 0 microseconds, processed 1 objects
[INFO] [ #281466388869408] 2026-06-03 15:15:25  :>>>>processBufferOrEventOptForSQL for loop execution time: 0 microseconds, processed 1 objects
[INFO] [ #281466388869408] 2026-06-03 15:15:25  :>>>>processBufferOrEventOptForSQL for loop execution time: 0 microseconds, processed 1 objects
[INFO] [ #281466388869408] 2026-06-03 15:15:25  :>>>>processBufferOrEventOptForSQL for loop execution time: 0 microseconds, processed 1 objects
[INFO] [ #281466388869408] 2026-06-03 15:15:25  :>>>>processBufferOrEventOptForSQL for loop execution time: 0 microseconds, processed 1 objects
[INFO] [ #281466388869408] 2026-06-03 15:15:25  :>>>>processBufferOrEventOptForSQL for loop execution time: 1 microseconds, processed 1 objects
[INFO] [ #281466388869408] 2026-06-03 15:15:25  :>>>>processBufferOrEventOptForSQL for loop execution time: 35 microseconds, processed 1 objects
[INFO] [ #281465352876320] 2026-06-03 15:15:25  :>>>>processBufferOrEventOptForSQL for loop execution time: 0 microseconds, processed 1 objects
Native byte order is little-endian
[INFO] [ #281465344487712] 2026-06-03 15:15:25  :>>>>processBufferOrEventOptForSQL for loop execution time: 0 microseconds, processed 1 objects
[INFO] [ #281465344487712] 2026-06-03 15:15:25  :>>>>processBufferOrEventOptForSQL for loop execution time: 0 microseconds, processed 1 objects
[INFO] [ #281465352876320] 2026-06-03 15:15:25  :>>>>processBufferOrEventOptForSQL for loop execution time: 0 microseconds, processed 1 objects
Native byte order is little-endian
Native byte order is little-endian
Native byte order is little-endian
Native byte order is little-endian
Native byte order is little-endian
Native byte order is little-endian
Native byte order is little-endian
Native byte order is little-endian
Native byte order is little-endian
Native byte order is little-endian
[INFO] [ #281465352876320] 2026-06-03 15:15:26  :>>>>processBufferOrEventOptForSQL for loop execution time: 0 microseconds, processed 1 objects
Native byte order is little-endian
[INFO] [ #281465352876320] 2026-06-03 15:15:26  :>>>>processBufferOrEventOptForSQL for loop execution time: 0 microseconds, processed 1 objects
[INFO] [ #281465344487712] 2026-06-03 15:15:26  :>>>>processBufferOrEventOptForSQL for loop execution time: 0 microseconds, processed 1 objects
[INFO] [ #281465344487712] 2026-06-03 15:15:26  :>>>>processBufferOrEventOptForSQL for loop execution time: 0 microseconds, processed 1 objects
[INFO] [ #281465352876320] 2026-06-03 15:15:26  :>>>>processBufferOrEventOptForSQL for loop execution time: 1 microseconds, processed 1 objects
[INFO] [ #281465344487712] 2026-06-03 15:15:26  :>>>>processBufferOrEventOptForSQL for loop execution time: 0 microseconds, processed 1 objects
[INFO] [ #281465344487712] 2026-06-03 15:15:26  :>>>>processBufferOrEventOptForSQL for loop execution time: 0 microseconds, processed 1 objects
[INFO] [ #281465344487712] 2026-06-03 15:15:26  :>>>>processBufferOrEventOptForSQL for loop execution time: 0 microseconds, processed 1 objects
[INFO] [ #281465352876320] 2026-06-03 15:15:27  :>>>>processBufferOrEventOptForSQL for loop execution time: 0 microseconds, processed 1 objects
[INFO] [ #281465352876320] 2026-06-03 15:15:27  :>>>>processBufferOrEventOptForSQL for loop execution time: 0 microseconds, processed 1 objects
[INFO] [ #281465352876320] 2026-06-03 15:15:27  :>>>>processBufferOrEventOptForSQL for loop execution time: 69 microseconds, processed 1 objects
[INFO] [ #281465344487712] 2026-06-03 15:15:27  :>>>>processBufferOrEventOptForSQL for loop execution time: 37 microseconds, processed 1 objects
[INFO] [ #281464058081568] 2026-06-03 15:15:27  :>>>>processBufferOrEventOptForSQL for loop execution time: 1 microseconds, processed 1 objects
[INFO] [ #281464058081568] 2026-06-03 15:15:27  :>>>>processBufferOrEventOptForSQL for loop execution time: 0 microseconds, processed 1 objects
[INFO] [ #281464534987040] 2026-06-03 15:15:27  :>>>>processBufferOrEventOptForSQL for loop execution time: 1 microseconds, processed 1 objects
[INFO] [ #281464534987040] 2026-06-03 15:15:27  :>>>>processBufferOrEventOptForSQL for loop execution time: 0 microseconds, processed 1 objects
[INFO] [ #281464534987040] 2026-06-03 15:15:27  :>>>>processBufferOrEventOptForSQL for loop execution time: 0 microseconds, processed 1 objects
[INFO] [ #281464534987040] 2026-06-03 15:15:27  :>>>>processBufferOrEventOptForSQL for loop execution time: 0 microseconds, processed 1 objects
[INFO] [ #281464058081568] 2026-06-03 15:15:27  :>>>>processBufferOrEventOptForSQL for loop execution time: 0 microseconds, processed 1 objects
[INFO] [ #281464058081568] 2026-06-03 15:15:27  :>>>>processBufferOrEventOptForSQL for loop execution time: 0 microseconds, processed 1 objects
[INFO] [ #281464058081568] 2026-06-03 15:15:27  :>>>>processBufferOrEventOptForSQL for loop execution time: 0 microseconds, processed 1 objects
[INFO] [ #281464058081568] 2026-06-03 15:15:27  :>>>>processBufferOrEventOptForSQL for loop execution time: 0 microseconds, processed 1 objects
[INFO] [ #281464058081568] 2026-06-03 15:15:27  :>>>>processBufferOrEventOptForSQL for loop execution time: 0 microseconds, processed 1 objects
[INFO] [ #281464058081568] 2026-06-03 15:15:27  :>>>>processBufferOrEventOptForSQL for loop execution time: 7 microseconds, processed 1 objects
[INFO] [ #281464534987040] 2026-06-03 15:15:27  :>>>>processBufferOrEventOptForSQL for loop execution time: 0 microseconds, processed 1 objects
[INFO] [ #281464534987040] 2026-06-03 15:15:27  :>>>>processBufferOrEventOptForSQL for loop execution time: 0 microseconds, processed 1 objects
[INFO] [ #281464534987040] 2026-06-03 15:15:27  :>>>>processBufferOrEventOptForSQL for loop execution time: 0 microseconds, processed 1 objects
[INFO] [ #281466978169120] 2026-06-03 15:15:48  :>>>>OmniTask::triggerCheckpointBarrier - checkpointId=1, timestamp=1780470948361, task=Source: kafka[1] -> (Calc[2] -> WatermarkAssigner(rowtime=[dateTime], watermark=[(dateTime - 4000:INTERVAL SECOND)]) -> Calc[4], Calc[6] -> WatermarkAssigner(rowtime=[dateTime], watermark=[(dateTime - 4000:INTERVAL SECOND)]) -> Calc[8])#3
[INFO] [ #281466978169120] 2026-06-03 15:15:48  :>>>>OmniTask::triggerCheckpointBarrier - calling triggerCheckpointAsync, checkpointId=1
[INFO] [ #281466978169120] 2026-06-03 15:15:48  :>>>>OmniStreamTask::triggerCheckpointAsync - checkpointId=1, task=Source: kafka[1] -> (Calc[2] -> WatermarkAssigner(rowtime=[dateTime], watermark=[(dateTime - 4000:INTERVAL SECOND)]) -> Calc[4], Calc[6] -> WatermarkAssigner(rowtime=[dateTime], watermark=[(dateTime - 4000:INTERVAL SECOND)]) -> Calc[8])
[INFO] [ #281466978169120] 2026-06-03 15:15:48  :>>>>triggerCheckpointAsync - submitting to mailbox, checkpointId=1
[INFO] [ #281466978169120] 2026-06-03 15:15:48  :>>>>MailboxExecutorImpl::execute - description=triggerCheckpointInMailbox
[INFO] [ #281466978169120] 2026-06-03 15:15:48  :>>>>TaskMailboxImpl::put - checkpoint mail added, queue size=1, description=triggerCheckpointInMailbox
[INFO] [ #281466978169120] 2026-06-03 15:15:48  :>>>>MailboxExecutorImpl::execute - mail put successfully, description=triggerCheckpointInMailbox
[INFO] [ #281470096634144] 2026-06-03 15:15:48  :>>>>triggerCheckpointInMailbox - executing, checkpointId=1
[INFO] [ #281470096634144] 2026-06-03 15:15:48  :>>>>TriggerCheckpointAsyncInMailbox - START, checkpointId=1, task=Source: kafka[1] -> (Calc[2] -> WatermarkAssigner(rowtime=[dateTime], watermark=[(dateTime - 4000:INTERVAL SECOND)]) -> Calc[4], Calc[6] -> WatermarkAssigner(rowtime=[dateTime], watermark=[(dateTime - 4000:INTERVAL SECOND)]) -> Calc[8])
[INFO] [ #281470096634144] 2026-06-03 15:15:48  :>>>>TriggerCheckpointAsyncInMailbox - calling PerformCheckpoint, checkpointId=1
[INFO] [ #281470096634144] 2026-06-03 15:15:48  :>>>>PerformCheckpoint - START, checkpointId=1, task=Source: kafka[1] -> (Calc[2] -> WatermarkAssigner(rowtime=[dateTime], watermark=[(dateTime - 4000:INTERVAL SECOND)]) -> Calc[4], Calc[6] -> WatermarkAssigner(rowtime=[dateTime], watermark=[(dateTime - 4000:INTERVAL SECOND)]) -> Calc[8])
[INFO] [ #281470096634144] 2026-06-03 15:15:48  :>>>>PerformCheckpoint - calling subtaskCheckpointCoordinator->checkpointState, checkpointId=1
[INFO] [ #281470096634144] 2026-06-03 15:15:48  :>>>>PipelinedSubpartition is blocked when pollBuffer, event data type: ObjectBufferDataType{isBuffer=false, isEvent=true, isBlockingUpstream=true, hasPriority=false, requiresAnnouncement=false}, subpartitionInfo: {"@class":"org.apache.flink.runtime.checkpoint.channel.ResultSubpartitionInfo","partitionIdx":0,"subPartitionIdx":0}
[INFO] [ #281470096634144] 2026-06-03 15:15:48  :>>>>PipelinedSubpartition is blocked when pollBuffer, event data type: ObjectBufferDataType{isBuffer=false, isEvent=true, isBlockingUpstream=true, hasPriority=false, requiresAnnouncement=false}, subpartitionInfo: {"@class":"org.apache.flink.runtime.checkpoint.channel.ResultSubpartitionInfo","partitionIdx":0,"subPartitionIdx":1}
[INFO] [ #281470096634144] 2026-06-03 15:15:48  :>>>>PipelinedSubpartition is blocked when pollBuffer, event data type: ObjectBufferDataType{isBuffer=false, isEvent=true, isBlockingUpstream=true, hasPriority=false, requiresAnnouncement=false}, subpartitionInfo: {"@class":"org.apache.flink.runtime.checkpoint.channel.ResultSubpartitionInfo","partitionIdx":0,"subPartitionIdx":2}
[INFO] [ #281470096634144] 2026-06-03 15:15:48  :>>>>PipelinedSubpartition is blocked when pollBuffer, event data type: ObjectBufferDataType{isBuffer=false, isEvent=true, isBlockingUpstream=true, hasPriority=false, requiresAnnouncement=false}, subpartitionInfo: {"@class":"org.apache.flink.runtime.checkpoint.channel.ResultSubpartitionInfo","partitionIdx":0,"subPartitionIdx":4}
[INFO] [ #281470096634144] 2026-06-03 15:15:48  :>>>>PipelinedSubpartition is blocked when pollBuffer, event data type: ObjectBufferDataType{isBuffer=false, isEvent=true, isBlockingUpstream=true, hasPriority=false, requiresAnnouncement=false}, subpartitionInfo: {"@class":"org.apache.flink.runtime.checkpoint.channel.ResultSubpartitionInfo","partitionIdx":0,"subPartitionIdx":5}
[INFO] [ #281470096634144] 2026-06-03 15:15:48  :>>>>PipelinedSubpartition is blocked when pollBuffer, event data type: ObjectBufferDataType{isBuffer=false, isEvent=true, isBlockingUpstream=true, hasPriority=false, requiresAnnouncement=false}, subpartitionInfo: {"@class":"org.apache.flink.runtime.checkpoint.channel.ResultSubpartitionInfo","partitionIdx":0,"subPartitionIdx":6}
[INFO] [ #281465732067616] 2026-06-03 15:15:48  :>>>>PipelinedSubpartition is blocked when pollBuffer, event data type: ObjectBufferDataType{isBuffer=false, isEvent=true, isBlockingUpstream=true, hasPriority=false, requiresAnnouncement=false}, subpartitionInfo: [INFO] [ #281470096634144] 2026-06-03 15:15:48  :>>>>PipelinedSubpartition is blocked when pollBuffer, event data type: {"@class":"org.apache.flink.runtime.checkpoint.channel.ResultSubpartitionInfo","partitionIdx":0,"subPartitionIdx":7}ObjectBufferDataType{isBuffer=false, isEvent=true, isBlockingUpstream=true, hasPriority=false, requiresAnnouncement=false}
, subpartitionInfo: {"@class":"org.apache.flink.runtime.checkpoint.channel.ResultSubpartitionInfo","partitionIdx":1,"subPartitionIdx":0}
[INFO] [ #281465732067616] 2026-06-03 15:15:48  :>>>>CheckpointedInputGate::PollNext() is event
[INFO] [ #281465732067616] 2026-06-03 15:15:48  :>>>>Start to handle event, eventClassName: CheckpointBarrier
[INFO] [ #281470096634144] 2026-06-03 15:15:48  :>>>>PipelinedSubpartition is blocked when pollBuffer, event data type: ObjectBufferDataType{isBuffer=false, isEvent=true, isBlockingUpstream=true, hasPriority=false, requiresAnnouncement=false}, subpartitionInfo: {"@class":"org.apache.flink.runtime.checkpoint.channel.ResultSubpartitionInfo","partitionIdx":1,"subPartitionIdx":1}
[INFO] [ #281470096634144] 2026-06-03 15:15:48  :>>>>PipelinedSubpartition is blocked when pollBuffer, event data type: ObjectBufferDataType{isBuffer=false, isEvent=true, isBlockingUpstream=true, hasPriority=false, requiresAnnouncement=false}, subpartitionInfo: {"@class":"org.apache.flink.runtime.checkpoint.channel.ResultSubpartitionInfo","partitionIdx":1,"subPartitionIdx":2}
[INFO] [ #281470096634144] 2026-06-03 15:15:48  :>>>>PipelinedSubpartition is blocked when pollBuffer, event data type: ObjectBufferDataType{isBuffer=false, isEvent=true, isBlockingUpstream=true, hasPriority=false, requiresAnnouncement=false}, subpartitionInfo: {"@class":"org.apache.flink.runtime.checkpoint.channel.ResultSubpartitionInfo","partitionIdx":1,"subPartitionIdx":4}
[INFO] [ #281470096634144] 2026-06-03 15:15:48  :>>>>PipelinedSubpartition is blocked when pollBuffer, event data type: ObjectBufferDataType{isBuffer=false, isEvent=true, isBlockingUpstream=true, hasPriority=false, requiresAnnouncement=false}, subpartitionInfo: {"@class":"org.apache.flink.runtime.checkpoint.channel.ResultSubpartitionInfo","partitionIdx":1,"subPartitionIdx":5}
[INFO] [ #281470096634144] 2026-06-03 15:15:48  :>>>>PipelinedSubpartition is blocked when pollBuffer, event data type: ObjectBufferDataType{isBuffer=false, isEvent=true, isBlockingUpstream=true, hasPriority=false, requiresAnnouncement=false}, subpartitionInfo: {"@class":"org.apache.flink.runtime.checkpoint.channel.ResultSubpartitionInfo","partitionIdx":1,"subPartitionIdx":6}
[INFO] [ #281470096634144] 2026-06-03 15:15:48  :>>>>savepoint: OperatorChainV2::CheckpointStreamOperator op type=15StreamCalcBatch
[INFO] [ #281470096634144] 2026-06-03 15:15:48  :>>>>savepoint: OperatorChainV2::CheckpointStreamOperator StreamOperator::SnapshotState
[INFO] [ #281470096634144] 2026-06-03 15:15:48  :>>>>savepoint: OperatorChainV2::CheckpointStreamOperator op type=25WatermarkAssignerOperator
[INFO] [ #281470096634144] 2026-06-03 15:15:48  :>>>>savepoint: OperatorChainV2::CheckpointStreamOperator StreamOperator::SnapshotState
[INFO] [ #281470096634144] 2026-06-03 15:15:48  :>>>>savepoint: OperatorChainV2::CheckpointStreamOperator op type=15StreamCalcBatch
[INFO] [ #281470096634144] 2026-06-03 15:15:48  :>>>>savepoint: OperatorChainV2::CheckpointStreamOperator StreamOperator::SnapshotState
[INFO] [ #281470096634144] 2026-06-03 15:15:48  :>>>>savepoint: OperatorChainV2::CheckpointStreamOperator op type=15StreamCalcBatch
[INFO] [ #281470096634144] 2026-06-03 15:15:48  :>>>>savepoint: OperatorChainV2::CheckpointStreamOperator StreamOperator::SnapshotState
[INFO] [ #281470096634144] 2026-06-03 15:15:48  :>>>>savepoint: OperatorChainV2::CheckpointStreamOperator op type=25WatermarkAssignerOperator
[INFO] [ #281470096634144] 2026-06-03 15:15:48  :>>>>savepoint: OperatorChainV2::CheckpointStreamOperator StreamOperator::SnapshotState
[INFO] [ #281470096634144] 2026-06-03 15:15:48  :>>>>savepoint: OperatorChainV2::CheckpointStreamOperator op type=15StreamCalcBatch
[INFO] [ #281470096634144] 2026-06-03 15:15:48  :>>>>savepoint: OperatorChainV2::CheckpointStreamOperator StreamOperator::SnapshotState
[INFO] [ #281470096634144] 2026-06-03 15:15:48  :>>>>savepoint: OperatorChainV2::CheckpointStreamOperator op type=N10omnistream12StreamSourceINS_11VectorBatchEEE
[INFO] [ #281470096634144] 2026-06-03 15:15:48  :>>>>savepoint: OperatorChainV2::CheckpointStreamOperator StreamOperator::SnapshotState
[INFO] [ #281470096634144] 2026-06-03 15:15:48  :>>>>savepoint: StreamOperatorStateHandler::snapshotState streamOperator type=N10omnistream12StreamSourceINS_11VectorBatchEEE
[INFO] [ #281470096634144] 2026-06-03 15:15:48  :>>>>Error:HeapSnapshotStrategy: no states to snapshot, returning empty
[INFO] [ #281470096634144] 2026-06-03 15:15:48  :>>>>PerformCheckpoint - checkpointState completed, checkpointId=1
[INFO] [ #281470096634144] 2026-06-03 15:15:48  :>>>>TriggerCheckpointAsyncInMailbox - PerformCheckpoint returned=1, checkpointId=1
[INFO] [ #281466978169120] 2026-06-03 15:15:48  :>>>>OmniTask::triggerCheckpointBarrier - checkpointId=1, timestamp=1780470948361, task=Source: kafka[1] -> (Calc[2] -> WatermarkAssigner(rowtime=[dateTime], watermark=[(dateTime - 4000:INTERVAL SECOND)]) -> Calc[4], Calc[6] -> WatermarkAssigner(rowtime=[dateTime], watermark=[(dateTime - 4000:INTERVAL SECOND)]) -> Calc[8])#7
[INFO] [ #281466978169120] 2026-06-03 15:15:48  :>>>>OmniTask::triggerCheckpointBarrier - calling triggerCheckpointAsync, checkpointId=1
[INFO] [ #281466978169120] 2026-06-03 15:15:48  :>>>>OmniStreamTask::triggerCheckpointAsync - checkpointId=1, task=Source: kafka[1] -> (Calc[2] -> WatermarkAssigner(rowtime=[dateTime], watermark=[(dateTime - 4000:INTERVAL SECOND)]) -> Calc[4], Calc[6] -> WatermarkAssigner(rowtime=[dateTime], watermark=[(dateTime - 4000:INTERVAL SECOND)]) -> Calc[8])
[INFO] [ #281466978169120] 2026-06-03 15:15:48  :>>>>triggerCheckpointAsync - submitting to mailbox, checkpointId=1
[INFO] [ #281466978169120] 2026-06-03 15:15:48  :>>>>MailboxExecutorImpl::execute - description=triggerCheckpointInMailbox
[INFO] [ #281466978169120] 2026-06-03 15:15:48  :>>>>TaskMailboxImpl::put - checkpoint mail added, queue size=1, description=triggerCheckpointInMailbox
[INFO] [ #281466978169120] 2026-06-03 15:15:48  :>>>>MailboxExecutorImpl::execute - mail put successfully, description=triggerCheckpointInMailbox
[INFO] [ #281466964877600] 2026-06-03 15:15:48  :>>>>triggerCheckpointInMailbox - executing, checkpointId=1
[INFO] [ #281466964877600] 2026-06-03 15:15:48  :>>>>TriggerCheckpointAsyncInMailbox - START, checkpointId=1, task=Source: kafka[1] -> (Calc[2] -> WatermarkAssigner(rowtime=[dateTime], watermark=[(dateTime - 4000:INTERVAL SECOND)]) -> Calc[4], Calc[6] -> WatermarkAssigner(rowtime=[dateTime], watermark=[(dateTime - 4000:INTERVAL SECOND)]) -> Calc[8])
[INFO] [ #281466964877600] 2026-06-03 15:15:48  :>>>>TriggerCheckpointAsyncInMailbox - calling PerformCheckpoint, checkpointId=1
[INFO] [ #281466964877600] 2026-06-03 15:15:48  :>>>>PerformCheckpoint - START, checkpointId=1, task=Source: kafka[1] -> (Calc[2] -> WatermarkAssigner(rowtime=[dateTime], watermark=[(dateTime - 4000:INTERVAL SECOND)]) -> Calc[4], Calc[6] -> WatermarkAssigner(rowtime=[dateTime], watermark=[(dateTime - 4000:INTERVAL SECOND)]) -> Calc[8])
[INFO] [ #281466964877600] 2026-06-03 15:15:48  :>>>>PerformCheckpoint - calling subtaskCheckpointCoordinator->checkpointState, checkpointId=1
[INFO] [ #281466964877600] 2026-06-03 15:15:48  :>>>>PipelinedSubpartition is blocked when pollBuffer, event data type: ObjectBufferDataType{isBuffer=false, isEvent=true, isBlockingUpstream=true, hasPriority=false, requiresAnnouncement=false}, subpartitionInfo: {"@class":"org.apache.flink.runtime.checkpoint.channel.ResultSubpartitionInfo","partitionIdx":0,"subPartitionIdx":0}
[INFO] [ #281466964877600] 2026-06-03 15:15:48  :>>>>PipelinedSubpartition is blocked when pollBuffer, event data type: ObjectBufferDataType{isBuffer=false, isEvent=true, isBlockingUpstream=true, hasPriority=false, requiresAnnouncement=false}, subpartitionInfo: {"@class":"org.apache.flink.runtime.checkpoint.channel.ResultSubpartitionInfo","partitionIdx":0,"subPartitionIdx":1}
[INFO] [ #281466964877600] 2026-06-03 15:15:48  :>>>>PipelinedSubpartition is blocked when pollBuffer, event data type: ObjectBufferDataType{isBuffer=false, isEvent=true, isBlockingUpstream=true, hasPriority=false, requiresAnnouncement=false}, subpartitionInfo: {"@class":"org.apache.flink.runtime.checkpoint.channel.ResultSubpartitionInfo","partitionIdx":0,"subPartitionIdx":2}
[INFO] [ #281466964877600] 2026-06-03 15:15:48  :>>>>PipelinedSubpartition is blocked when pollBuffer, event data type: ObjectBufferDataType{isBuffer=false, isEvent=true, isBlockingUpstream=true, hasPriority=false, requiresAnnouncement=false}, subpartitionInfo: {"@class":"org.apache.flink.runtime.checkpoint.channel.ResultSubpartitionInfo","partitionIdx":0,"subPartitionIdx":4}
[INFO] [ #281466964877600] 2026-06-03 15:15:48  :>>>>PipelinedSubpartition is blocked when pollBuffer, event data type: ObjectBufferDataType{isBuffer=false, isEvent=true, isBlockingUpstream=true, hasPriority=false, requiresAnnouncement=false}, subpartitionInfo: {"@class":"org.apache.flink.runtime.checkpoint.channel.ResultSubpartitionInfo","partitionIdx":0,"subPartitionIdx":5}
[INFO] [ #281466964877600] 2026-06-03 15:15:48  :>>>>PipelinedSubpartition is blocked when pollBuffer, event data type: ObjectBufferDataType{isBuffer=false, isEvent=true, isBlockingUpstream=true, hasPriority=false, requiresAnnouncement=false}, subpartitionInfo: {"@class":"org.apache.flink.runtime.checkpoint.channel.ResultSubpartitionInfo","partitionIdx":0,"subPartitionIdx":6}
[INFO] [ #281466964877600] 2026-06-03 15:15:48  :>>>>PipelinedSubpartition is blocked when pollBuffer, event data type: ObjectBufferDataType{isBuffer=false, isEvent=true, isBlockingUpstream=true, hasPriority=false, requiresAnnouncement=false}, subpartitionInfo: {"@class":"org.apache.flink.runtime.checkpoint.channel.ResultSubpartitionInfo","partitionIdx":1,"subPartitionIdx":0}
[INFO] [ #281466964877600] 2026-06-03 15:15:48  :>>>>PipelinedSubpartition is blocked when pollBuffer, event data type: ObjectBufferDataType{isBuffer=false, isEvent=true, isBlockingUpstream=true, hasPriority=false, requiresAnnouncement=false}, subpartitionInfo: {"@class":"org.apache.flink.runtime.checkpoint.channel.ResultSubpartitionInfo","partitionIdx":1,"subPartitionIdx":1}
[INFO] [ #281466964877600] 2026-06-03 15:15:48  :>>>>PipelinedSubpartition is blocked when pollBuffer, event data type: ObjectBufferDataType{isBuffer=false, isEvent=true, isBlockingUpstream=true, hasPriority=false, requiresAnnouncement=false}, subpartitionInfo: {"@class":"org.apache.flink.runtime.checkpoint.channel.ResultSubpartitionInfo","partitionIdx":1,"subPartitionIdx":2}
[INFO] [ #281466964877600] 2026-06-03 15:15:48  :>>>>PipelinedSubpartition is blocked when pollBuffer, event data type: ObjectBufferDataType{isBuffer=false, isEvent=true, isBlockingUpstream=true, hasPriority=false, requiresAnnouncement=false}, subpartitionInfo: {"@class":"org.apache.flink.runtime.checkpoint.channel.ResultSubpartitionInfo","partitionIdx":1,"subPartitionIdx":4}
[INFO] [ #281466964877600] 2026-06-03 15:15:48  :>>>>PipelinedSubpartition is blocked when pollBuffer, event data type: ObjectBufferDataType{isBuffer=false, isEvent=true, isBlockingUpstream=true, hasPriority=false, requiresAnnouncement=false}, subpartitionInfo: {"@class":"org.apache.flink.runtime.checkpoint.channel.ResultSubpartitionInfo","partitionIdx":1,"subPartitionIdx":5}
[INFO] [ #281466964877600] 2026-06-03 15:15:48  :>>>>PipelinedSubpartition is blocked when pollBuffer, event data type: ObjectBufferDataType{isBuffer=false, isEvent=true, isBlockingUpstream=true, hasPriority=false, requiresAnnouncement=false}, subpartitionInfo: {"@class":"org.apache.flink.runtime.checkpoint.channel.ResultSubpartitionInfo","partitionIdx":1,"subPartitionIdx":6}
[INFO] [ #281466964877600] 2026-06-03 15:15:48  :>>>>savepoint: OperatorChainV2::CheckpointStreamOperator op type=15StreamCalcBatch
[INFO] [ #281466964877600] 2026-06-03 15:15:48  :>>>>savepoint: OperatorChainV2::CheckpointStreamOperator StreamOperator::SnapshotState
[INFO] [ #281466964877600] 2026-06-03 15:15:48  :>>>>savepoint: OperatorChainV2::CheckpointStreamOperator op type=25WatermarkAssignerOperator
[INFO] [ #281466964877600] 2026-06-03 15:15:48  :>>>>savepoint: OperatorChainV2::CheckpointStreamOperator StreamOperator::SnapshotState
[INFO] [ #281466964877600] 2026-06-03 15:15:48  :>>>>savepoint: OperatorChainV2::CheckpointStreamOperator op type=15StreamCalcBatch
[INFO] [ #281466964877600] 2026-06-03 15:15:48  :>>>>savepoint: OperatorChainV2::CheckpointStreamOperator StreamOperator::SnapshotState
[INFO] [ #281466964877600] 2026-06-03 15:15:48  :>>>>savepoint: OperatorChainV2::CheckpointStreamOperator op type=15StreamCalcBatch
[INFO] [ #281466964877600] 2026-06-03 15:15:48  :>>>>savepoint: OperatorChainV2::CheckpointStreamOperator StreamOperator::SnapshotState
[INFO] [ #281466964877600] 2026-06-03 15:15:48  :>>>>savepoint: OperatorChainV2::CheckpointStreamOperator op type=25WatermarkAssignerOperator
[INFO] [ #281466964877600] 2026-06-03 15:15:48  :>>>>savepoint: OperatorChainV2::CheckpointStreamOperator StreamOperator::SnapshotState
[INFO] [ #281466964877600] 2026-06-03 15:15:48  :>>>>savepoint: OperatorChainV2::CheckpointStreamOperator op type=15StreamCalcBatch
[INFO] [ #281466964877600] 2026-06-03 15:15:48  :>>>>savepoint: OperatorChainV2::CheckpointStreamOperator StreamOperator::SnapshotState
[INFO] [ #281466964877600] 2026-06-03 15:15:48  :>>>>savepoint: OperatorChainV2::CheckpointStreamOperator op type=N10omnistream12StreamSourceINS_11VectorBatchEEE
[INFO] [ #281466964877600] 2026-06-03 15:15:48  :>>>>savepoint: OperatorChainV2::CheckpointStreamOperator StreamOperator::SnapshotState
[INFO] [ #281466964877600] 2026-06-03 15:15:48  :>>>>savepoint: StreamOperatorStateHandler::snapshotState streamOperator type=N10omnistream12StreamSourceINS_11VectorBatchEEE
[INFO] [ #281466964877600] 2026-06-03 15:15:48  :>>>>Error:HeapSnapshotStrategy: no states to snapshot, returning empty
[INFO] [ #281466964877600] 2026-06-03 15:15:48  :>>>>PerformCheckpoint - checkpointState completed, checkpointId=1
[INFO] [ #281466964877600] 2026-06-03 15:15:48  :>>>>TriggerCheckpointAsyncInMailbox - PerformCheckpoint returned=1, checkpointId=1
Complete future complete!
Complete future complete!
[INFO] [ #281465732067616] 2026-06-03 15:15:48  :>>>>CheckpointedInputGate::HandleEvent is CheckpointBarrier
[INFO] [ #281465732067616] 2026-06-03 15:15:48  :>>>>CheckpointedInputGate::HandleEvent finish ProcessBarrier
[INFO] [ #281465732067616] 2026-06-03 15:15:48  :>>>>Finish to handle event, eventClassName: CheckpointBarrier
[INFO] [ #281465732067616] 2026-06-03 15:15:48  :>>>>PipelinedSubpartition is blocked when pollBuffer, event data type: ObjectBufferDataType{isBuffer=false, isEvent=true, isBlockingUpstream=true, hasPriority=false, requiresAnnouncement=false}, subpartitionInfo: {"@class":"org.apache.flink.runtime.checkpoint.channel.ResultSubpartitionInfo","partitionIdx":1,"subPartitionIdx":7}
[INFO] [ #281465732067616] 2026-06-03 15:15:48  :>>>>CheckpointedInputGate::PollNext() is event
[INFO] [ #281465732067616] 2026-06-03 15:15:48  :>>>>Start to handle event, eventClassName: CheckpointBarrier
[INFO] [ #281465732067616] 2026-06-03 15:15:48  :>>>>CheckpointedInputGate::HandleEvent is CheckpointBarrier
[INFO] [ #281465732067616] 2026-06-03 15:15:48  :>>>>CheckpointedInputGate::HandleEvent finish ProcessBarrier
[INFO] [ #281465732067616] 2026-06-03 15:15:48  :>>>>Finish to handle event, eventClassName: CheckpointBarrier
[INFO] [ #281465732067616] 2026-06-03 15:15:48  :>>>>PipelinedSubpartition is blocked when pollBuffer, event data type: ObjectBufferDataType{isBuffer=false, isEvent=true, isBlockingUpstream=true, hasPriority=false, requiresAnnouncement=false}, subpartitionInfo: {"@class":"org.apache.flink.runtime.checkpoint.channel.ResultSubpartitionInfo","partitionIdx":0,"subPartitionIdx":7}
[INFO] [ #281465732067616] 2026-06-03 15:15:48  :>>>>CheckpointedInputGate::PollNext() is event
[INFO] [ #281465732067616] 2026-06-03 15:15:48  :>>>>Start to handle event, eventClassName: CheckpointBarrier
[INFO] [ #281465732067616] 2026-06-03 15:15:48  :>>>>CheckpointedInputGate::HandleEvent is CheckpointBarrier
[INFO] [ #281465732067616] 2026-06-03 15:15:48  :>>>>CheckpointedInputGate::HandleEvent finish ProcessBarrier
[INFO] [ #281465732067616] 2026-06-03 15:15:48  :>>>>Finish to handle event, eventClassName: CheckpointBarrier
[INFO] [ #281465732067616] 2026-06-03 15:15:48  :>>>>PipelinedSubpartition is blocked when pollBuffer, event data type: ObjectBufferDataType{isBuffer=false, isEvent=true, isBlockingUpstream=true, hasPriority=false, requiresAnnouncement=false}, subpartitionInfo: {"@class":"org.apache.flink.runtime.checkpoint.channel.ResultSubpartitionInfo","partitionIdx":1,"subPartitionIdx":7}
[INFO] [ #281465732067616] 2026-06-03 15:15:48  :>>>>CheckpointedInputGate::PollNext() is event
[INFO] [ #281465732067616] 2026-06-03 15:15:48  :>>>>Start to handle event, eventClassName: CheckpointBarrier
[INFO] [ #281465732067616] 2026-06-03 15:15:48  :>>>>CheckpointedInputGate::HandleEvent is CheckpointBarrier
[INFO] [ #281465732067616] 2026-06-03 15:15:48  :>>>>CheckpointedInputGate::HandleEvent finish ProcessBarrier
[INFO] [ #281465732067616] 2026-06-03 15:15:48  :>>>>Finish to handle event, eventClassName: CheckpointBarrier
[INFO] [ #281465732067616] 2026-06-03 15:15:48  :>>>>CheckpointedInputGate::PollNext() is event
[INFO] [ #281465732067616] 2026-06-03 15:15:48  :>>>>Start to handle event, eventClassName: CheckpointBarrier
[INFO] [ #281465732067616] 2026-06-03 15:15:48  :>>>>CheckpointedInputGate::HandleEvent is CheckpointBarrier
[INFO] [ #281465732067616] 2026-06-03 15:15:48  :>>>>CheckpointedInputGate::HandleEvent finish ProcessBarrier
[INFO] [ #281465732067616] 2026-06-03 15:15:48  :>>>>Finish to handle event, eventClassName: CheckpointBarrier
[INFO] [ #281465732067616] 2026-06-03 15:15:48  :>>>>CheckpointedInputGate::PollNext() is event
[INFO] [ #281465732067616] 2026-06-03 15:15:48  :>>>>Start to handle event, eventClassName: CheckpointBarrier
[INFO] [ #281465732067616] 2026-06-03 15:15:48  :>>>>CheckpointedInputGate::HandleEvent is CheckpointBarrier
[INFO] [ #281465732067616] 2026-06-03 15:15:48  :>>>>CheckpointedInputGate::HandleEvent finish ProcessBarrier
[INFO] [ #281465732067616] 2026-06-03 15:15:48  :>>>>Finish to handle event, eventClassName: CheckpointBarrier
[INFO] [ #281465732067616] 2026-06-03 15:15:48  :>>>>CheckpointedInputGate::PollNext() is event
[INFO] [ #281465732067616] 2026-06-03 15:15:48  :>>>>Start to handle event, eventClassName: CheckpointBarrier
[INFO] [ #281465732067616] 2026-06-03 15:15:48  :>>>>CheckpointedInputGate::HandleEvent is CheckpointBarrier
[INFO] [ #281465732067616] 2026-06-03 15:15:48  :>>>>CheckpointedInputGate::HandleEvent finish ProcessBarrier
[INFO] [ #281465732067616] 2026-06-03 15:15:48  :>>>>Finish to handle event, eventClassName: CheckpointBarrier
[INFO] [ #281465732067616] 2026-06-03 15:15:48  :>>>>CheckpointedInputGate::PollNext() is event
[INFO] [ #281465732067616] 2026-06-03 15:15:48  :>>>>Start to handle event, eventClassName: CheckpointBarrier
[INFO] [ #281465732067616] 2026-06-03 15:15:48  :>>>>CheckpointedInputGate::HandleEvent is CheckpointBarrier
[INFO] [ #281465732067616] 2026-06-03 15:15:48  :>>>>CheckpointedInputGate::HandleEvent finish ProcessBarrier
[INFO] [ #281465732067616] 2026-06-03 15:15:48  :>>>>Finish to handle event, eventClassName: CheckpointBarrier
[INFO] [ #281465732067616] 2026-06-03 15:15:48  :>>>>CheckpointedInputGate::PollNext() is event
[INFO] [ #281465732067616] 2026-06-03 15:15:48  :>>>>Start to handle event, eventClassName: CheckpointBarrier
[INFO] [ #281465732067616] 2026-06-03 15:15:48  :>>>>CheckpointedInputGate::HandleEvent is CheckpointBarrier
[INFO] [ #281465732067616] 2026-06-03 15:15:48  :>>>>CheckpointedInputGate::HandleEvent finish ProcessBarrier
[INFO] [ #281465732067616] 2026-06-03 15:15:48  :>>>>Finish to handle event, eventClassName: CheckpointBarrier
[INFO] [ #281465732067616] 2026-06-03 15:15:48  :>>>>CheckpointedInputGate::PollNext() is event
[INFO] [ #281465732067616] 2026-06-03 15:15:48  :>>>>Start to handle event, eventClassName: CheckpointBarrier
[INFO] [ #281465732067616] 2026-06-03 15:15:48  :>>>>CheckpointedInputGate::HandleEvent is CheckpointBarrier
[INFO] [ #281465732067616] 2026-06-03 15:15:48  :>>>>CheckpointedInputGate::HandleEvent finish ProcessBarrier
[INFO] [ #281465732067616] 2026-06-03 15:15:48  :>>>>Finish to handle event, eventClassName: CheckpointBarrier
[INFO] [ #281465732067616] 2026-06-03 15:15:48  :>>>>CheckpointedInputGate::PollNext() is event
[INFO] [ #281465732067616] 2026-06-03 15:15:48  :>>>>Start to handle event, eventClassName: CheckpointBarrier
[INFO] [ #281465732067616] 2026-06-03 15:15:48  :>>>>CheckpointedInputGate::HandleEvent is CheckpointBarrier
[INFO] [ #281465732067616] 2026-06-03 15:15:48  :>>>>CheckpointedInputGate::HandleEvent finish ProcessBarrier
[INFO] [ #281465732067616] 2026-06-03 15:15:48  :>>>>Finish to handle event, eventClassName: CheckpointBarrier
[INFO] [ #281465732067616] 2026-06-03 15:15:48  :>>>>CheckpointedInputGate::PollNext() is event
[INFO] [ #281465732067616] 2026-06-03 15:15:48  :>>>>Start to handle event, eventClassName: CheckpointBarrier
[INFO] [ #281465732067616] 2026-06-03 15:15:48  :>>>>CheckpointedInputGate::HandleEvent is CheckpointBarrier
[INFO] [ #281465732067616] 2026-06-03 15:15:48  :>>>>CheckpointedInputGate::HandleEvent finish ProcessBarrier
[INFO] [ #281465732067616] 2026-06-03 15:15:48  :>>>>Finish to handle event, eventClassName: CheckpointBarrier
[INFO] [ #281465732067616] 2026-06-03 15:15:48  :>>>>CheckpointedInputGate::PollNext() is event
[INFO] [ #281465732067616] 2026-06-03 15:15:48  :>>>>Start to handle event, eventClassName: CheckpointBarrier
[INFO] [ #281465732067616] 2026-06-03 15:15:48  :>>>>CheckpointedInputGate::HandleEvent is CheckpointBarrier
[INFO] [ #281465732067616] 2026-06-03 15:15:48  :>>>>CheckpointedInputGate::HandleEvent finish ProcessBarrier
[INFO] [ #281465732067616] 2026-06-03 15:15:48  :>>>>Finish to handle event, eventClassName: CheckpointBarrier
[INFO] [ #281465732067616] 2026-06-03 15:15:48  :>>>>CheckpointedInputGate::PollNext() is event
[INFO] [ #281465732067616] 2026-06-03 15:15:48  :>>>>Start to handle event, eventClassName: CheckpointBarrier
[INFO] [ #281465732067616] 2026-06-03 15:15:48  :>>>>CheckpointedInputGate::HandleEvent is CheckpointBarrier
[INFO] [ #281465732067616] 2026-06-03 15:15:48  :>>>>CheckpointedInputGate::HandleEvent finish ProcessBarrier
[INFO] [ #281465732067616] 2026-06-03 15:15:48  :>>>>Finish to handle event, eventClassName: CheckpointBarrier
[INFO] [ #281463391711520] 2026-06-03 15:15:48  :>>>>PipelinedSubpartition isBlocked = false
[INFO] [ #281463391711520] 2026-06-03 15:15:48  :>>>>PipelinedSubpartition isBlocked = false
[INFO] [ #281463391711520] 2026-06-03 15:15:48  :>>>>PipelinedSubpartition isBlocked = false
[INFO] [ #281463391711520] 2026-06-03 15:15:48  :>>>>PipelinedSubpartition isBlocked = false
[INFO] [ #281466388869408] 2026-06-03 15:15:48  :>>>>PipelinedSubpartition is blocked when pollBuffer, event data type: ObjectBufferDataType{isBuffer=false, isEvent=true, isBlockingUpstream=true, hasPriority=false, requiresAnnouncement=false}, subpartitionInfo: {"@class":"org.apache.flink.runtime.checkpoint.channel.ResultSubpartitionInfo","partitionIdx":1,"subPartitionIdx":3}
[INFO] [ #281466388869408] 2026-06-03 15:15:48  :>>>>CheckpointedInputGate::PollNext() is event
[INFO] [ #281466388869408] 2026-06-03 15:15:48  :>>>>Start to handle event, eventClassName: CheckpointBarrier
[INFO] [ #281466388869408] 2026-06-03 15:15:48  :>>>>CheckpointedInputGate::HandleEvent is CheckpointBarrier
[INFO] [ #281466388869408] 2026-06-03 15:15:48  :>>>>CheckpointedInputGate::HandleEvent finish ProcessBarrier
[INFO] [ #281466388869408] 2026-06-03 15:15:48  :>>>>Finish to handle event, eventClassName: CheckpointBarrier
[INFO] [ #281466388869408] 2026-06-03 15:15:48  :>>>>PipelinedSubpartition is blocked when pollBuffer, event data type: ObjectBufferDataType{isBuffer=false, isEvent=true, isBlockingUpstream=true, hasPriority=false, requiresAnnouncement=false}, subpartitionInfo: {"@class":"org.apache.flink.runtime.checkpoint.channel.ResultSubpartitionInfo","partitionIdx":0,"subPartitionIdx":3}
[INFO] [ #281466388869408] 2026-06-03 15:15:48  :>>>>CheckpointedInputGate::PollNext() is event
[INFO] [ #281466388869408] 2026-06-03 15:15:48  :>>>>Start to handle event, eventClassName: CheckpointBarrier
[INFO] [ #281466388869408] 2026-06-03 15:15:48  :>>>>CheckpointedInputGate::HandleEvent is CheckpointBarrier
[INFO] [ #281466388869408] 2026-06-03 15:15:48  :>>>>CheckpointedInputGate::HandleEvent finish ProcessBarrier
[INFO] [ #281466388869408] 2026-06-03 15:15:48  :>>>>Finish to handle event, eventClassName: CheckpointBarrier
[INFO] [ #281466388869408] 2026-06-03 15:15:48  :>>>>PipelinedSubpartition is blocked when pollBuffer, event data type: ObjectBufferDataType{isBuffer=false, isEvent=true, isBlockingUpstream=true, hasPriority=false, requiresAnnouncement=false}, subpartitionInfo: {"@class":"org.apache.flink.runtime.checkpoint.channel.ResultSubpartitionInfo","partitionIdx":1,"subPartitionIdx":3}
[INFO] [ #281466388869408] 2026-06-03 15:15:48  :>>>>CheckpointedInputGate::PollNext() is event
[INFO] [ #281466388869408] 2026-06-03 15:15:48  :>>>>Start to handle event, eventClassName: CheckpointBarrier
[INFO] [ #281466388869408] 2026-06-03 15:15:48  :>>>>CheckpointedInputGate::HandleEvent is CheckpointBarrier
[INFO] [ #281466388869408] 2026-06-03 15:15:48  :>>>>CheckpointedInputGate::HandleEvent finish ProcessBarrier
[INFO] [ #281466388869408] 2026-06-03 15:15:48  :>>>>Finish to handle event, eventClassName: CheckpointBarrier
[INFO] [ #281466388869408] 2026-06-03 15:15:48  :>>>>PipelinedSubpartition is blocked when pollBuffer, event data type: ObjectBufferDataType{isBuffer=false, isEvent=true, isBlockingUpstream=true, hasPriority=false, requiresAnnouncement=false}, subpartitionInfo: {"@class":"org.apache.flink.runtime.checkpoint.channel.ResultSubpartitionInfo","partitionIdx":0,"subPartitionIdx":3}
[INFO] [ #281466388869408] 2026-06-03 15:15:48  :>>>>CheckpointedInputGate::PollNext() is event
[INFO] [ #281466388869408] 2026-06-03 15:15:48  :>>>>Start to handle event, eventClassName: CheckpointBarrier
[INFO] [ #281466388869408] 2026-06-03 15:15:48  :>>>>CheckpointedInputGate::HandleEvent is CheckpointBarrier
[INFO] [ #281466388869408] 2026-06-03 15:15:48  :>>>>CheckpointedInputGate::HandleEvent finish ProcessBarrier
[INFO] [ #281466388869408] 2026-06-03 15:15:48  :>>>>Finish to handle event, eventClassName: CheckpointBarrier
[INFO] [ #281466388869408] 2026-06-03 15:15:48  :>>>>CheckpointedInputGate::PollNext() is event
[INFO] [ #281466388869408] 2026-06-03 15:15:48  :>>>>Start to handle event, eventClassName: CheckpointBarrier
[INFO] [ #281466388869408] 2026-06-03 15:15:48  :>>>>CheckpointedInputGate::HandleEvent is CheckpointBarrier
[INFO] [ #281466388869408] 2026-06-03 15:15:48  :>>>>CheckpointedInputGate::HandleEvent finish ProcessBarrier
[INFO] [ #281466388869408] 2026-06-03 15:15:48  :>>>>Finish to handle event, eventClassName: CheckpointBarrier
[INFO] [ #281466388869408] 2026-06-03 15:15:48  :>>>>CheckpointedInputGate::PollNext() is event
[INFO] [ #281466388869408] 2026-06-03 15:15:48  :>>>>Start to handle event, eventClassName: CheckpointBarrier
[INFO] [ #281466388869408] 2026-06-03 15:15:48  :>>>>CheckpointedInputGate::HandleEvent is CheckpointBarrier
[INFO] [ #281466388869408] 2026-06-03 15:15:48  :>>>>CheckpointedInputGate::HandleEvent finish ProcessBarrier
[INFO] [ #281466388869408] 2026-06-03 15:15:48  :>>>>Finish to handle event, eventClassName: CheckpointBarrier
[INFO] [ #281466388869408] 2026-06-03 15:15:48  :>>>>CheckpointedInputGate::PollNext() is event
[INFO] [ #281466388869408] 2026-06-03 15:15:48  :>>>>Start to handle event, eventClassName: CheckpointBarrier
[INFO] [ #281466388869408] 2026-06-03 15:15:48  :>>>>CheckpointedInputGate::HandleEvent is CheckpointBarrier
[INFO] [ #281466388869408] 2026-06-03 15:15:48  :>>>>CheckpointedInputGate::HandleEvent finish ProcessBarrier
[INFO] [ #281466388869408] 2026-06-03 15:15:48  :>>>>Finish to handle event, eventClassName: CheckpointBarrier
[INFO] [ #281466388869408] 2026-06-03 15:15:48  :>>>>CheckpointedInputGate::PollNext() is event
[INFO] [ #281466388869408] 2026-06-03 15:15:48  :>>>>Start to handle event, eventClassName: CheckpointBarrier
[INFO] [ #281466388869408] 2026-06-03 15:15:48  :>>>>CheckpointedInputGate::HandleEvent is CheckpointBarrier
[INFO] [ #281466388869408] 2026-06-03 15:15:48  :>>>>CheckpointedInputGate::HandleEvent finish ProcessBarrier
[INFO] [ #281466388869408] 2026-06-03 15:15:48  :>>>>Finish to handle event, eventClassName: CheckpointBarrier
[INFO] [ #281466388869408] 2026-06-03 15:15:48  :>>>>CheckpointedInputGate::PollNext() is event
[INFO] [ #281466388869408] 2026-06-03 15:15:48  :>>>>Start to handle event, eventClassName: CheckpointBarrier
[INFO] [ #281466388869408] 2026-06-03 15:15:48  :>>>>CheckpointedInputGate::HandleEvent is CheckpointBarrier
[INFO] [ #281466388869408] 2026-06-03 15:15:48  :>>>>CheckpointedInputGate::HandleEvent finish ProcessBarrier
[INFO] [ #281466388869408] 2026-06-03 15:15:48  :>>>>Finish to handle event, eventClassName: CheckpointBarrier
[INFO] [ #281466388869408] 2026-06-03 15:15:48  :>>>>CheckpointedInputGate::PollNext() is event
[INFO] [ #281466388869408] 2026-06-03 15:15:48  :>>>>Start to handle event, eventClassName: CheckpointBarrier
[INFO] [ #281466388869408] 2026-06-03 15:15:48  :>>>>CheckpointedInputGate::HandleEvent is CheckpointBarrier
[INFO] [ #281466388869408] 2026-06-03 15:15:48  :>>>>CheckpointedInputGate::HandleEvent finish ProcessBarrier
[INFO] [ #281466388869408] 2026-06-03 15:15:48  :>>>>Finish to handle event, eventClassName: CheckpointBarrier
[INFO] [ #281466388869408] 2026-06-03 15:15:48  :>>>>CheckpointedInputGate::PollNext() is event
[INFO] [ #281466388869408] 2026-06-03 15:15:48  :>>>>Start to handle event, eventClassName: CheckpointBarrier
[INFO] [ #281466388869408] 2026-06-03 15:15:48  :>>>>CheckpointedInputGate::HandleEvent is CheckpointBarrier
[INFO] [ #281466388869408] 2026-06-03 15:15:48  :>>>>CheckpointedInputGate::HandleEvent finish ProcessBarrier
[INFO] [ #281466388869408] 2026-06-03 15:15:48  :>>>>Finish to handle event, eventClassName: CheckpointBarrier
[INFO] [ #281466388869408] 2026-06-03 15:15:48  :>>>>CheckpointedInputGate::PollNext() is event
[INFO] [ #281466388869408] 2026-06-03 15:15:48  :>>>>Start to handle event, eventClassName: CheckpointBarrier
[INFO] [ #281466388869408] 2026-06-03 15:15:48  :>>>>CheckpointedInputGate::HandleEvent is CheckpointBarrier
[INFO] [ #281466388869408] 2026-06-03 15:15:48  :>>>>CheckpointedInputGate::HandleEvent finish ProcessBarrier
[INFO] [ #281466388869408] 2026-06-03 15:15:48  :>>>>Finish to handle event, eventClassName: CheckpointBarrier
[INFO] [ #281466388869408] 2026-06-03 15:15:48  :>>>>CheckpointedInputGate::PollNext() is event
[INFO] [ #281466388869408] 2026-06-03 15:15:48  :>>>>Start to handle event, eventClassName: CheckpointBarrier
[INFO] [ #281466388869408] 2026-06-03 15:15:48  :>>>>CheckpointedInputGate::HandleEvent is CheckpointBarrier
[INFO] [ #281466388869408] 2026-06-03 15:15:48  :>>>>CheckpointedInputGate::HandleEvent finish ProcessBarrier
[INFO] [ #281466388869408] 2026-06-03 15:15:48  :>>>>Finish to handle event, eventClassName: CheckpointBarrier
[INFO] [ #281466388869408] 2026-06-03 15:15:48  :>>>>CheckpointedInputGate::PollNext() is event
[INFO] [ #281466388869408] 2026-06-03 15:15:48  :>>>>Start to handle event, eventClassName: CheckpointBarrier
[INFO] [ #281466388869408] 2026-06-03 15:15:48  :>>>>CheckpointedInputGate::HandleEvent is CheckpointBarrier
[INFO] [ #281466388869408] 2026-06-03 15:15:48  :>>>>CheckpointedInputGate::HandleEvent finish ProcessBarrier
[INFO] [ #281466388869408] 2026-06-03 15:15:48  :>>>>Finish to handle event, eventClassName: CheckpointBarrier
[INFO] [ #281466388869408] 2026-06-03 15:15:48  :>>>>CheckpointedInputGate::PollNext() is event
[INFO] [ #281466388869408] 2026-06-03 15:15:48  :>>>>Start to handle event, eventClassName: CheckpointBarrier
[INFO] [ #281466388869408] 2026-06-03 15:15:48  :>>>>CheckpointedInputGate::HandleEvent is CheckpointBarrier
[INFO] [ #281466388869408] 2026-06-03 15:15:48  :>>>>CheckpointedInputGate::HandleEvent finish ProcessBarrier
[INFO] [ #281466388869408] 2026-06-03 15:15:48  :>>>>Finish to handle event, eventClassName: CheckpointBarrier
[INFO] [ #281466388869408] 2026-06-03 15:15:48  :>>>>CheckpointedInputGate::PollNext() is event
[INFO] [ #281466388869408] 2026-06-03 15:15:48  :>>>>Start to handle event, eventClassName: CheckpointBarrier
[INFO] [ #281466388869408] 2026-06-03 15:15:48  :>>>>CheckpointedInputGate::HandleEvent is CheckpointBarrier
[INFO] [ #281466388869408] 2026-06-03 15:15:48  :>>>>PerformCheckpoint - START, checkpointId=1, task=Join[10] -> Calc[11]
[INFO] [ #281466388869408] 2026-06-03 15:15:48  :>>>>PerformCheckpoint - calling subtaskCheckpointCoordinator->checkpointState, checkpointId=1
[INFO] [ #281466388869408] 2026-06-03 15:15:48  :>>>>PipelinedSubpartition is blocked when pollBuffer, event data type: ObjectBufferDataType{isBuffer=false, isEvent=true, isBlockingUpstream=true, hasPriority=false, requiresAnnouncement=false}, subpartitionInfo: {"@class":"org.apache.flink.runtime.checkpoint.channel.ResultSubpartitionInfo","partitionIdx":0,"subPartitionIdx":0}
[INFO] [ #281466388869408] 2026-06-03 15:15:48  :>>>>PipelinedSubpartition is blocked when pollBuffer, event data type: ObjectBufferDataType{isBuffer=false, isEvent=true, isBlockingUpstream=true, hasPriority=false, requiresAnnouncement=false}, subpartitionInfo: {"@class":"org.apache.flink.runtime.checkpoint.channel.ResultSubpartitionInfo","partitionIdx":0,"subPartitionIdx":1}
[INFO] [ #281466388869408] 2026-06-03 15:15:48  :>>>>PipelinedSubpartition is blocked when pollBuffer, event data type: ObjectBufferDataType{isBuffer=false, isEvent=true, isBlockingUpstream=true, hasPriority=false, requiresAnnouncement=false}, subpartitionInfo: {"@class":"org.apache.flink.runtime.checkpoint.channel.ResultSubpartitionInfo","partitionIdx":0,"subPartitionIdx":2}
[INFO] [ #281466388869408] 2026-06-03 15:15:48  :>>>>PipelinedSubpartition is blocked when pollBuffer, event data type: ObjectBufferDataType{isBuffer=false, isEvent=true, isBlockingUpstream=true, hasPriority=false, requiresAnnouncement=false}, subpartitionInfo: {"@class":"org.apache.flink.runtime.checkpoint.channel.ResultSubpartitionInfo","partitionIdx":0,"subPartitionIdx":4}
[INFO] [ #281466388869408] 2026-06-03 15:15:48  :>>>>PipelinedSubpartition is blocked when pollBuffer, event data type: ObjectBufferDataType{isBuffer=false, isEvent=true, isBlockingUpstream=true, hasPriority=false, requiresAnnouncement=false}, subpartitionInfo: {"@class":"org.apache.flink.runtime.checkpoint.channel.ResultSubpartitionInfo","partitionIdx":0,"subPartitionIdx":5}
[INFO] [ #281466388869408] 2026-06-03 15:15:48  :>>>>PipelinedSubpartition is blocked when pollBuffer, event data type: ObjectBufferDataType{isBuffer=false, isEvent=true, isBlockingUpstream=true, hasPriority=false, requiresAnnouncement=false}, subpartitionInfo: {"@class":"org.apache.flink.runtime.checkpoint.channel.ResultSubpartitionInfo","partitionIdx":0,"subPartitionIdx":6}
[INFO] [ #281466388869408] 2026-06-03 15:15:48  :>>>>savepoint: OperatorChainV2::CheckpointStreamOperator op type=15StreamCalcBatch
[INFO] [ #281466388869408] 2026-06-03 15:15:48  :>>>>savepoint: OperatorChainV2::CheckpointStreamOperator StreamOperator::SnapshotState
[INFO] [ #281466388869408] 2026-06-03 15:15:48  :>>>>savepoint: OperatorChainV2::CheckpointStreamOperator op type=21StreamingJoinOperatorIP7RowDataE
[INFO] [ #281466388869408] 2026-06-03 15:15:48  :>>>>savepoint: StreamOperatorStateHandler::snapshotState streamOperator type=21StreamingJoinOperatorIP7RowDataE
[INFO] [ #281466388869408] 2026-06-03 15:15:48  :>>>>PerformCheckpoint - checkpointState completed, checkpointId=1
[INFO] [ #281466388869408] 2026-06-03 15:15:48  :>>>>PipelinedSubpartition isBlocked = false
[INFO] [ #281466388869408] 2026-06-03 15:15:48  :>>>>PipelinedSubpartition isBlocked = false
[INFO] [ #281466388869408] 2026-06-03 15:15:48  :>>>>PipelinedSubpartition isBlocked = false
[INFO] [ #281466388869408] 2026-06-03 15:15:48  :>>>>PipelinedSubpartition isBlocked = false
Complete future complete!
[INFO] [ #281466388869408] 2026-06-03 15:15:48  :>>>>CheckpointedInputGate::HandleEvent finish ProcessBarrier
[INFO] [ #281466388869408] 2026-06-03 15:15:48  :>>>>Finish to handle event, eventClassName: CheckpointBarrier
[INFO] [ #281463391711520] 2026-06-03 15:15:48  :>>>>PipelinedSubpartition isBlocked = false
[INFO] [ #281463391711520] 2026-06-03 15:15:48  :>>>>PipelinedSubpartition isBlocked = false
[INFO] [ #281463391711520] 2026-06-03 15:15:48  :>>>>PipelinedSubpartition isBlocked = false
[INFO] [ #281463391711520] 2026-06-03 15:15:48  :>>>>PipelinedSubpartition isBlocked = false
[INFO] [ #281465352876320] 2026-06-03 15:15:48  :>>>>PipelinedSubpartition is blocked when pollBuffer, event data type: ObjectBufferDataType{isBuffer=false, isEvent=true, isBlockingUpstream=true, hasPriority=false, requiresAnnouncement=false}, subpartitionInfo: {"@class":"org.apache.flink.runtime.checkpoint.channel.ResultSubpartitionInfo","partitionIdx":0,"subPartitionIdx":3}
[INFO] [ #281465352876320] 2026-06-03 15:15:48  :>>>>CheckpointedInputGate::PollNext() is event
[INFO] [ #281465352876320] 2026-06-03 15:15:48  :>>>>Start to handle event, eventClassName: CheckpointBarrier
[INFO] [ #281465352876320] 2026-06-03 15:15:48  :>>>>CheckpointedInputGate::HandleEvent is CheckpointBarrier
[INFO] [ #281465352876320] 2026-06-03 15:15:48  :>>>>CheckpointedInputGate::HandleEvent finish ProcessBarrier
[INFO] [ #281465352876320] 2026-06-03 15:15:48  :>>>>Finish to handle event, eventClassName: CheckpointBarrier
[INFO] [ #281463391711520] 2026-06-03 15:15:48  :>>>>PipelinedSubpartition isBlocked = false
[INFO] [ #281463391711520] 2026-06-03 15:15:48  :>>>>PipelinedSubpartition isBlocked = false
[INFO] [ #281463391711520] 2026-06-03 15:15:48  :>>>>PipelinedSubpartition isBlocked = false
[INFO] [ #281463391711520] 2026-06-03 15:15:48  :>>>>PipelinedSubpartition isBlocked = false
[INFO] [ #281465732067616] 2026-06-03 15:15:48  :>>>>CheckpointedInputGate::PollNext() is event
[INFO] [ #281465732067616] 2026-06-03 15:15:48  :>>>>Start to handle event, eventClassName: CheckpointBarrier
[INFO] [ #281465732067616] 2026-06-03 15:15:48  :>>>>CheckpointedInputGate::HandleEvent is CheckpointBarrier
[INFO] [ #281465732067616] 2026-06-03 15:15:48  :>>>>CheckpointedInputGate::HandleEvent finish ProcessBarrier
[INFO] [ #281465732067616] 2026-06-03 15:15:48  :>>>>Finish to handle event, eventClassName: CheckpointBarrier
[INFO] [ #281465732067616] 2026-06-03 15:15:48  :>>>>CheckpointedInputGate::PollNext() is event
[INFO] [ #281465732067616] 2026-06-03 15:15:48  :>>>>Start to handle event, eventClassName: CheckpointBarrier
[INFO] [ #281465732067616] 2026-06-03 15:15:48  :>>>>CheckpointedInputGate::HandleEvent is CheckpointBarrier
[INFO] [ #281465732067616] 2026-06-03 15:15:48  :>>>>PerformCheckpoint - START, checkpointId=1, task=Join[10] -> Calc[11]
[INFO] [ #281465732067616] 2026-06-03 15:15:48  :>>>>PerformCheckpoint - calling subtaskCheckpointCoordinator->checkpointState, checkpointId=1
[INFO] [ #281465732067616] 2026-06-03 15:15:48  :>>>>PipelinedSubpartition is blocked when pollBuffer, event data type: ObjectBufferDataType{isBuffer=false, isEvent=true, isBlockingUpstream=true, hasPriority=false, requiresAnnouncement=false}, subpartitionInfo: {"@class":"org.apache.flink.runtime.checkpoint.channel.ResultSubpartitionInfo","partitionIdx":0,"subPartitionIdx":0}
[INFO] [ #281465732067616] 2026-06-03 15:15:48  :>>>>PipelinedSubpartition is blocked when pollBuffer, event data type: ObjectBufferDataType{isBuffer=false, isEvent=true, isBlockingUpstream=true, hasPriority=false, requiresAnnouncement=false}, subpartitionInfo: {"@class":"org.apache.flink.runtime.checkpoint.channel.ResultSubpartitionInfo","partitionIdx":0,"subPartitionIdx":1}
[INFO] [ #281465732067616] 2026-06-03 15:15:48  :>>>>PipelinedSubpartition is blocked when pollBuffer, event data type: ObjectBufferDataType{isBuffer=false, isEvent=true, isBlockingUpstream=true, hasPriority=false, requiresAnnouncement=false}, subpartitionInfo: {"@class":"org.apache.flink.runtime.checkpoint.channel.ResultSubpartitionInfo","partitionIdx":0,"subPartitionIdx":2}
[INFO] [ #281465732067616] 2026-06-03 15:15:48  :>>>>PipelinedSubpartition is blocked when pollBuffer, event data type: ObjectBufferDataType{isBuffer=false, isEvent=true, isBlockingUpstream=true, hasPriority=false, requiresAnnouncement=false}, subpartitionInfo: {"@class":"org.apache.flink.runtime.checkpoint.channel.ResultSubpartitionInfo","partitionIdx":0,"subPartitionIdx":4}
[INFO] [ #281465732067616] 2026-06-03 15:15:48  :>>>>PipelinedSubpartition is blocked when pollBuffer, event data type: ObjectBufferDataType{isBuffer=false, isEvent=true, isBlockingUpstream=true, hasPriority=false, requiresAnnouncement=false}, subpartitionInfo: {"@class":"org.apache.flink.runtime.checkpoint.channel.ResultSubpartitionInfo","partitionIdx":0,"subPartitionIdx":5}
[INFO] [ #281465732067616] 2026-06-03 15:15:48  :>>>>PipelinedSubpartition is blocked when pollBuffer, event data type: ObjectBufferDataType{isBuffer=false, isEvent=true, isBlockingUpstream=true, hasPriority=false, requiresAnnouncement=false}, subpartitionInfo: {"@class":"org.apache.flink.runtime.checkpoint.channel.ResultSubpartitionInfo","partitionIdx":0,"subPartitionIdx":6}
[INFO] [ #281465732067616] 2026-06-03 15:15:48  :>>>>savepoint: OperatorChainV2::CheckpointStreamOperator op type=15StreamCalcBatch
[INFO] [ #281465732067616] 2026-06-03 15:15:48  :>>>>savepoint: OperatorChainV2::CheckpointStreamOperator StreamOperator::SnapshotState
[INFO] [ #281465732067616] 2026-06-03 15:15:48  :>>>>savepoint: OperatorChainV2::CheckpointStreamOperator op type=21StreamingJoinOperatorIP7RowDataE
[INFO] [ #281465732067616] 2026-06-03 15:15:48  :>>>>savepoint: StreamOperatorStateHandler::snapshotState streamOperator type=21StreamingJoinOperatorIP7RowDataE
[INFO] [ #281465732067616] 2026-06-03 15:15:48  :>>>>PerformCheckpoint - checkpointState completed, checkpointId=1
[INFO] [ #281465732067616] 2026-06-03 15:15:48  :>>>>PipelinedSubpartition isBlocked = false
[INFO] [ #281465732067616] 2026-06-03 15:15:48  :>>>>PipelinedSubpartition isBlocked = false
[INFO] [ #281465732067616] 2026-06-03 15:15:48  :>>>>PipelinedSubpartition isBlocked = false
[INFO] [ #281465732067616] 2026-06-03 15:15:48  :>>>>PipelinedSubpartition isBlocked = false
Complete future complete!
[INFO] [ #281465732067616] 2026-06-03 15:15:48  :>>>>CheckpointedInputGate::HandleEvent finish ProcessBarrier
[INFO] [ #281465732067616] 2026-06-03 15:15:48  :>>>>Finish to handle event, eventClassName: CheckpointBarrier
[INFO] [ #281465352876320] 2026-06-03 15:15:48  :>>>>CheckpointedInputGate::PollNext() is event
[INFO] [ #281465352876320] 2026-06-03 15:15:48  :>>>>Start to handle event, eventClassName: CheckpointBarrier
[INFO] [ #281465352876320] 2026-06-03 15:15:48  :>>>>CheckpointedInputGate::HandleEvent is CheckpointBarrier
[INFO] [ #281465352876320] 2026-06-03 15:15:48  :>>>>CheckpointedInputGate::HandleEvent finish ProcessBarrier
[INFO] [ #281465352876320] 2026-06-03 15:15:48  :>>>>Finish to handle event, eventClassName: CheckpointBarrier
[INFO] [ #281465352876320] 2026-06-03 15:15:48  :>>>>PipelinedSubpartition is blocked when pollBuffer, event data type: ObjectBufferDataType{isBuffer=false, isEvent=true, isBlockingUpstream=true, hasPriority=false, requiresAnnouncement=false}, subpartitionInfo: {"@class":"org.apache.flink.runtime.checkpoint.channel.ResultSubpartitionInfo","partitionIdx":0,"subPartitionIdx":3}
[INFO] [ #281465352876320] 2026-06-03 15:15:48  :>>>>CheckpointedInputGate::PollNext() is event
[INFO] [ #281465352876320] 2026-06-03 15:15:48  :>>>>Start to handle event, eventClassName: CheckpointBarrier
[INFO] [ #281465352876320] 2026-06-03 15:15:48  :>>>>CheckpointedInputGate::HandleEvent is CheckpointBarrier
[INFO] [ #281465352876320] 2026-06-03 15:15:48  :>>>>CheckpointedInputGate::HandleEvent finish ProcessBarrier
[INFO] [ #281465352876320] 2026-06-03 15:15:48  :>>>>Finish to handle event, eventClassName: CheckpointBarrier
[INFO] [ #281465352876320] 2026-06-03 15:15:48  :>>>>CheckpointedInputGate::PollNext() is event
[INFO] [ #281465352876320] 2026-06-03 15:15:48  :>>>>Start to handle event, eventClassName: CheckpointBarrier
[INFO] [ #281465352876320] 2026-06-03 15:15:48  :>>>>CheckpointedInputGate::HandleEvent is CheckpointBarrier
[INFO] [ #281465352876320] 2026-06-03 15:15:48  :>>>>CheckpointedInputGate::HandleEvent finish ProcessBarrier
[INFO] [ #281465352876320] 2026-06-03 15:15:48  :>>>>Finish to handle event, eventClassName: CheckpointBarrier
[INFO] [ #281465352876320] 2026-06-03 15:15:48  :>>>>CheckpointedInputGate::PollNext() is event
[INFO] [ #281465352876320] 2026-06-03 15:15:48  :>>>>Start to handle event, eventClassName: CheckpointBarrier
[INFO] [ #281465352876320] 2026-06-03 15:15:48  :>>>>CheckpointedInputGate::HandleEvent is CheckpointBarrier
[INFO] [ #281465352876320] 2026-06-03 15:15:48  :>>>>CheckpointedInputGate::HandleEvent finish ProcessBarrier
[INFO] [ #281465352876320] 2026-06-03 15:15:48  :>>>>Finish to handle event, eventClassName: CheckpointBarrier
[INFO] [ #281465344487712] 2026-06-03 15:15:48  :>>>>PipelinedSubpartition is blocked when pollBuffer, event data type: ObjectBufferDataType{isBuffer=false, isEvent=true, isBlockingUpstream=true, hasPriority=false, requiresAnnouncement=false}, subpartitionInfo: {"@class":"org.apache.flink.runtime.checkpoint.channel.ResultSubpartitionInfo","partitionIdx":0,"subPartitionIdx":7}
[INFO] [ #281465344487712] 2026-06-03 15:15:48  :>>>>CheckpointedInputGate::PollNext() is event
[INFO] [ #281465344487712] 2026-06-03 15:15:48  :>>>>Start to handle event, eventClassName: CheckpointBarrier
[INFO] [ #281465344487712] 2026-06-03 15:15:48  :>>>>CheckpointedInputGate::HandleEvent is CheckpointBarrier
[INFO] [ #281465344487712] 2026-06-03 15:15:48  :>>>>CheckpointedInputGate::HandleEvent finish ProcessBarrier
[INFO] [ #281465344487712] 2026-06-03 15:15:48  :>>>>Finish to handle event, eventClassName: CheckpointBarrier
[INFO] [ #281465344487712] 2026-06-03 15:15:48  :>>>>CheckpointedInputGate::PollNext() is event
[INFO] [ #281465344487712] 2026-06-03 15:15:48  :>>>>Start to handle event, eventClassName: CheckpointBarrier
[INFO] [ #281465344487712] 2026-06-03 15:15:48  :>>>>CheckpointedInputGate::HandleEvent is CheckpointBarrier
[INFO] [ #281465344487712] 2026-06-03 15:15:48  :>>>>CheckpointedInputGate::HandleEvent finish ProcessBarrier
[INFO] [ #281465344487712] 2026-06-03 15:15:48  :>>>>Finish to handle event, eventClassName: CheckpointBarrier
[INFO] [ #281465344487712] 2026-06-03 15:15:48  :>>>>CheckpointedInputGate::PollNext() is event
[INFO] [ #281465344487712] 2026-06-03 15:15:48  :>>>>Start to handle event, eventClassName: CheckpointBarrier
[INFO] [ #281465344487712] 2026-06-03 15:15:48  :>>>>CheckpointedInputGate::HandleEvent is CheckpointBarrier
[INFO] [ #281465344487712] 2026-06-03 15:15:48  :>>>>CheckpointedInputGate::HandleEvent finish ProcessBarrier
[INFO] [ #281465344487712] 2026-06-03 15:15:48  :>>>>Finish to handle event, eventClassName: CheckpointBarrier
[INFO] [ #281465344487712] 2026-06-03 15:15:48  :>>>>CheckpointedInputGate::PollNext() is event
[INFO] [ #281465344487712] 2026-06-03 15:15:48  :>>>>Start to handle event, eventClassName: CheckpointBarrier
[INFO] [ #281465344487712] 2026-06-03 15:15:48  :>>>>CheckpointedInputGate::HandleEvent is CheckpointBarrier
[INFO] [ #281465344487712] 2026-06-03 15:15:48  :>>>>CheckpointedInputGate::HandleEvent finish ProcessBarrier
[INFO] [ #281465344487712] 2026-06-03 15:15:48  :>>>>Finish to handle event, eventClassName: CheckpointBarrier
[INFO] [ #281465344487712] 2026-06-03 15:15:48  :>>>>PipelinedSubpartition is blocked when pollBuffer, event data type: ObjectBufferDataType{isBuffer=false, isEvent=true, isBlockingUpstream=true, hasPriority=false, requiresAnnouncement=false}, subpartitionInfo: {"@class":"org.apache.flink.runtime.checkpoint.channel.ResultSubpartitionInfo","partitionIdx":0,"subPartitionIdx":7}
[INFO] [ #281465344487712] 2026-06-03 15:15:48  :>>>>CheckpointedInputGate::PollNext() is event
[INFO] [ #281465344487712] 2026-06-03 15:15:48  :>>>>Start to handle event, eventClassName: CheckpointBarrier
[INFO] [ #281465344487712] 2026-06-03 15:15:48  :>>>>CheckpointedInputGate::HandleEvent is CheckpointBarrier
[INFO] [ #281465344487712] 2026-06-03 15:15:48  :>>>>CheckpointedInputGate::HandleEvent finish ProcessBarrier
[INFO] [ #281465344487712] 2026-06-03 15:15:48  :>>>>Finish to handle event, eventClassName: CheckpointBarrier
[INFO] [ #281465352876320] 2026-06-03 15:15:48  :>>>>CheckpointedInputGate::PollNext() is event
[INFO] [ #281465352876320] 2026-06-03 15:15:48  :>>>>Start to handle event, eventClassName: CheckpointBarrier
[INFO] [ #281465352876320] 2026-06-03 15:15:48  :>>>>CheckpointedInputGate::HandleEvent is CheckpointBarrier
[INFO] [ #281465352876320] 2026-06-03 15:15:48  :>>>>CheckpointedInputGate::HandleEvent finish ProcessBarrier
[INFO] [ #281465352876320] 2026-06-03 15:15:48  :>>>>Finish to handle event, eventClassName: CheckpointBarrier
Complete future complete!
[INFO] [ #281470079856928] 2026-06-03 15:15:48  :>>>>PipelinedSubpartition isBlocked = false
[INFO] [ #281470079856928] 2026-06-03 15:15:48  :>>>>PipelinedSubpartition isBlocked = false
[INFO] [ #281470079856928] 2026-06-03 15:15:48  :>>>>PipelinedSubpartition isBlocked = false
[INFO] [ #281470079856928] 2026-06-03 15:15:48  :>>>>PipelinedSubpartition isBlocked = false
[INFO] [ #281470079856928] 2026-06-03 15:15:48  :>>>>PipelinedSubpartition isBlocked = false
[INFO] [ #281470079856928] 2026-06-03 15:15:48  :>>>>PipelinedSubpartition isBlocked = false
[INFO] [ #281470079856928] 2026-06-03 15:15:48  :>>>>PipelinedSubpartition isBlocked = false
[INFO] [ #281470079856928] 2026-06-03 15:15:48  :>>>>PipelinedSubpartition isBlocked = false
[INFO] [ #281463391711520] 2026-06-03 15:15:48  :>>>>PipelinedSubpartition isBlocked = false
[INFO] [ #281463391711520] 2026-06-03 15:15:48  :>>>>PipelinedSubpartition isBlocked = false
[INFO] [ #281463391711520] 2026-06-03 15:15:48  :>>>>PipelinedSubpartition isBlocked = false
[INFO] [ #281463391711520] 2026-06-03 15:15:48  :>>>>PipelinedSubpartition isBlocked = false
[INFO] [ #281465344487712] 2026-06-03 15:15:48  :>>>>CheckpointedInputGate::PollNext() is event
[INFO] [ #281465344487712] 2026-06-03 15:15:48  :>>>>Start to handle event, eventClassName: CheckpointBarrier
[INFO] [ #281465344487712] 2026-06-03 15:15:48  :>>>>CheckpointedInputGate::HandleEvent is CheckpointBarrier
[INFO] [ #281465344487712] 2026-06-03 15:15:48  :>>>>CheckpointedInputGate::HandleEvent finish ProcessBarrier
[INFO] [ #281465344487712] 2026-06-03 15:15:48  :>>>>Finish to handle event, eventClassName: CheckpointBarrier
[INFO] [ #281465344487712] 2026-06-03 15:15:48  :>>>>CheckpointedInputGate::PollNext() is event
[INFO] [ #281465344487712] 2026-06-03 15:15:48  :>>>>Start to handle event, eventClassName: CheckpointBarrier
[INFO] [ #281465344487712] 2026-06-03 15:15:48  :>>>>CheckpointedInputGate::HandleEvent is CheckpointBarrier
[INFO] [ #281465344487712] 2026-06-03 15:15:48  :>>>>CheckpointedInputGate::HandleEvent finish ProcessBarrier
[INFO] [ #281465344487712] 2026-06-03 15:15:48  :>>>>Finish to handle event, eventClassName: CheckpointBarrier
[INFO] [ #281465344487712] 2026-06-03 15:15:48  :>>>>CheckpointedInputGate::PollNext() is event
[INFO] [ #281465344487712] 2026-06-03 15:15:48  :>>>>Start to handle event, eventClassName: CheckpointBarrier
[INFO] [ #281465344487712] 2026-06-03 15:15:48  :>>>>CheckpointedInputGate::HandleEvent is CheckpointBarrier
[INFO] [ #281465344487712] 2026-06-03 15:15:48  :>>>>PerformCheckpoint - START, checkpointId=1, task=GroupAggregate(groupBy=[id, category], select=[id, category, MAX(price) AS final]) -> Calc[14]
[INFO] [ #281465344487712] 2026-06-03 15:15:48  :>>>>PerformCheckpoint - calling subtaskCheckpointCoordinator->checkpointState, checkpointId=1
[INFO] [ #281465344487712] 2026-06-03 15:15:48  :>>>>PipelinedSubpartition is blocked when pollBuffer, event data type: ObjectBufferDataType{isBuffer=false, isEvent=true, isBlockingUpstream=true, hasPriority=false, requiresAnnouncement=false}, subpartitionInfo: {"@class":"org.apache.flink.runtime.checkpoint.channel.ResultSubpartitionInfo","partitionIdx":0,"subPartitionIdx":0}
[INFO] [ #281465344487712] 2026-06-03 15:15:48  :>>>>PipelinedSubpartition is blocked when pollBuffer, event data type: ObjectBufferDataType{isBuffer=false, isEvent=true, isBlockingUpstream=true, hasPriority=false, requiresAnnouncement=false}, subpartitionInfo: {"@class":"org.apache.flink.runtime.checkpoint.channel.ResultSubpartitionInfo","partitionIdx":0,"subPartitionIdx":1}
[INFO] [ #281465344487712] 2026-06-03 15:15:48  :>>>>PipelinedSubpartition is blocked when pollBuffer, event data type: ObjectBufferDataType{isBuffer=false, isEvent=true, isBlockingUpstream=true, hasPriority=false, requiresAnnouncement=false}, subpartitionInfo: {"@class":"org.apache.flink.runtime.checkpoint.channel.ResultSubpartitionInfo","partitionIdx":0,"subPartitionIdx":2}
[INFO] [ #281465344487712] 2026-06-03 15:15:48  :>>>>PipelinedSubpartition is blocked when pollBuffer, event data type: ObjectBufferDataType{isBuffer=false, isEvent=true, isBlockingUpstream=true, hasPriority=false, requiresAnnouncement=false}, subpartitionInfo: {"@class":"org.apache.flink.runtime.checkpoint.channel.ResultSubpartitionInfo","partitionIdx":0,"subPartitionIdx":4}
[INFO] [ #281465344487712] 2026-06-03 15:15:48  :>>>>PipelinedSubpartition is blocked when pollBuffer, event data type: ObjectBufferDataType{isBuffer=false, isEvent=true, isBlockingUpstream=true, hasPriority=false, requiresAnnouncement=false}, subpartitionInfo: {"@class":"org.apache.flink.runtime.checkpoint.channel.ResultSubpartitionInfo","partitionIdx":0,"subPartitionIdx":5}
[INFO] [ #281465344487712] 2026-06-03 15:15:48  :>>>>PipelinedSubpartition is blocked when pollBuffer, event data type: ObjectBufferDataType{isBuffer=false, isEvent=true, isBlockingUpstream=true, hasPriority=false, requiresAnnouncement=false}, subpartitionInfo: {"@class":"org.apache.flink.runtime.checkpoint.channel.ResultSubpartitionInfo","partitionIdx":0,"subPartitionIdx":6}
[INFO] [ #281465344487712] 2026-06-03 15:15:48  :>>>>savepoint: OperatorChainV2::CheckpointStreamOperator op type=15StreamCalcBatch
[INFO] [ #281465344487712] 2026-06-03 15:15:48  :>>>>savepoint: OperatorChainV2::CheckpointStreamOperator StreamOperator::SnapshotState
[INFO] [ #281465344487712] 2026-06-03 15:15:48  :>>>>savepoint: OperatorChainV2::CheckpointStreamOperator op type=20KeyedProcessOperatorIP7RowDataS1_S1_E
[INFO] [ #281465344487712] 2026-06-03 15:15:48  :>>>>savepoint: StreamOperatorStateHandler::snapshotState streamOperator type=20KeyedProcessOperatorIP7RowDataS1_S1_E
[INFO] [ #281465344487712] 2026-06-03 15:15:48  :>>>>PerformCheckpoint - checkpointState completed, checkpointId=1
[INFO] [ #281465344487712] 2026-06-03 15:15:48  :>>>>PipelinedSubpartition isBlocked = false
[INFO] [ #281465344487712] 2026-06-03 15:15:48  :>>>>PipelinedSubpartition isBlocked = false
Complete future complete!
[INFO] [ #281465344487712] 2026-06-03 15:15:48  :>>>>CheckpointedInputGate::HandleEvent finish ProcessBarrier
[INFO] [ #281465344487712] 2026-06-03 15:15:48  :>>>>Finish to handle event, eventClassName: CheckpointBarrier
[INFO] [ #281465352876320] 2026-06-03 15:15:48  :>>>>CheckpointedInputGate::PollNext() is event
[INFO] [ #281465352876320] 2026-06-03 15:15:48  :>>>>Start to handle event, eventClassName: CheckpointBarrier
[INFO] [ #281465352876320] 2026-06-03 15:15:48  :>>>>CheckpointedInputGate::HandleEvent is CheckpointBarrier
[INFO] [ #281465352876320] 2026-06-03 15:15:48  :>>>>CheckpointedInputGate::HandleEvent finish ProcessBarrier
[INFO] [ #281465352876320] 2026-06-03 15:15:48  :>>>>Finish to handle event, eventClassName: CheckpointBarrier
[INFO] [ #281465352876320] 2026-06-03 15:15:48  :>>>>CheckpointedInputGate::PollNext() is event
[INFO] [ #281465352876320] 2026-06-03 15:15:48  :>>>>Start to handle event, eventClassName: CheckpointBarrier
[INFO] [ #281465352876320] 2026-06-03 15:15:48  :>>>>CheckpointedInputGate::HandleEvent is CheckpointBarrier
[INFO] [ #281465352876320] 2026-06-03 15:15:48  :>>>>PerformCheckpoint - START, checkpointId=1, task=GroupAggregate(groupBy=[id, category], select=[id, category, MAX(price) AS final]) -> Calc[14]
[INFO] [ #281465352876320] 2026-06-03 15:15:48  :>>>>PerformCheckpoint - calling subtaskCheckpointCoordinator->checkpointState, checkpointId=1
[INFO] [ #281465352876320] 2026-06-03 15:15:48  :>>>>PipelinedSubpartition is blocked when pollBuffer, event data type: ObjectBufferDataType{isBuffer=false, isEvent=true, isBlockingUpstream=true, hasPriority=false, requiresAnnouncement=false}, subpartitionInfo: {"@class":"org.apache.flink.runtime.checkpoint.channel.ResultSubpartitionInfo","partitionIdx":0,"subPartitionIdx":0}
[INFO] [ #281465352876320] 2026-06-03 15:15:48  :>>>>PipelinedSubpartition is blocked when pollBuffer, event data type: ObjectBufferDataType{isBuffer=false, isEvent=true, isBlockingUpstream=true, hasPriority=false, requiresAnnouncement=false}, subpartitionInfo: {"@class":"org.apache.flink.runtime.checkpoint.channel.ResultSubpartitionInfo","partitionIdx":0,"subPartitionIdx":1}
[INFO] [ #281465352876320] 2026-06-03 15:15:48  :>>>>PipelinedSubpartition is blocked when pollBuffer, event data type: ObjectBufferDataType{isBuffer=false, isEvent=true, isBlockingUpstream=true, hasPriority=false, requiresAnnouncement=false}, subpartitionInfo: {"@class":"org.apache.flink.runtime.checkpoint.channel.ResultSubpartitionInfo","partitionIdx":0,"subPartitionIdx":2}
[INFO] [ #281465352876320] 2026-06-03 15:15:48  :>>>>PipelinedSubpartition is blocked when pollBuffer, event data type: ObjectBufferDataType{isBuffer=false, isEvent=true, isBlockingUpstream=true, hasPriority=false, requiresAnnouncement=false}, subpartitionInfo: {"@class":"org.apache.flink.runtime.checkpoint.channel.ResultSubpartitionInfo","partitionIdx":0,"subPartitionIdx":4}
[INFO] [ #281465352876320] 2026-06-03 15:15:48  :>>>>PipelinedSubpartition is blocked when pollBuffer, event data type: ObjectBufferDataType{isBuffer=false, isEvent=true, isBlockingUpstream=true, hasPriority=false, requiresAnnouncement=false}, subpartitionInfo: {"@class":"org.apache.flink.runtime.checkpoint.channel.ResultSubpartitionInfo","partitionIdx":0,"subPartitionIdx":5}
[INFO] [ #281465352876320] 2026-06-03 15:15:48  :>>>>PipelinedSubpartition is blocked when pollBuffer, event data type: ObjectBufferDataType{isBuffer=false, isEvent=true, isBlockingUpstream=true, hasPriority=false, requiresAnnouncement=false}, subpartitionInfo: {"@class":"org.apache.flink.runtime.checkpoint.channel.ResultSubpartitionInfo","partitionIdx":0,"subPartitionIdx":6}
[INFO] [ #281465352876320] 2026-06-03 15:15:48  :>>>>savepoint: OperatorChainV2::CheckpointStreamOperator op type=15StreamCalcBatch
[INFO] [ #281465352876320] 2026-06-03 15:15:48  :>>>>savepoint: OperatorChainV2::CheckpointStreamOperator StreamOperator::SnapshotState
[INFO] [ #281465352876320] 2026-06-03 15:15:48  :>>>>savepoint: OperatorChainV2::CheckpointStreamOperator op type=20KeyedProcessOperatorIP7RowDataS1_S1_E
[INFO] [ #281465352876320] 2026-06-03 15:15:48  :>>>>savepoint: StreamOperatorStateHandler::snapshotState streamOperator type=20KeyedProcessOperatorIP7RowDataS1_S1_E
[INFO] [ #281465352876320] 2026-06-03 15:15:48  :>>>>PerformCheckpoint - checkpointState completed, checkpointId=1
[INFO] [ #281465352876320] 2026-06-03 15:15:48  :>>>>PipelinedSubpartition isBlocked = false
[INFO] [ #281465352876320] 2026-06-03 15:15:48  :>>>>PipelinedSubpartition isBlocked = false
Complete future complete!
[INFO] [ #281465352876320] 2026-06-03 15:15:48  :>>>>CheckpointedInputGate::HandleEvent finish ProcessBarrier
[INFO] [ #281465352876320] 2026-06-03 15:15:48  :>>>>Finish to handle event, eventClassName: CheckpointBarrier
[INFO] [ #281464058081568] 2026-06-03 15:15:48  :>>>>PipelinedSubpartition is blocked when pollBuffer, event data type: ObjectBufferDataType{isBuffer=false, isEvent=true, isBlockingUpstream=true, hasPriority=false, requiresAnnouncement=false}, subpartitionInfo: {"@class":"org.apache.flink.runtime.checkpoint.channel.ResultSubpartitionInfo","partitionIdx":0,"subPartitionIdx":7}
[INFO] [ #281464058081568] 2026-06-03 15:15:48  :>>>>CheckpointedInputGate::PollNext() is event
[INFO] [ #281464058081568] 2026-06-03 15:15:48  :>>>>Start to handle event, eventClassName: CheckpointBarrier
[INFO] [ #281464058081568] 2026-06-03 15:15:48  :>>>>CheckpointedInputGate::HandleEvent is CheckpointBarrier
[INFO] [ #281464058081568] 2026-06-03 15:15:48  :>>>>CheckpointedInputGate::HandleEvent finish ProcessBarrier
[INFO] [ #281464058081568] 2026-06-03 15:15:48  :>>>>Finish to handle event, eventClassName: CheckpointBarrier
[INFO] [ #281464058081568] 2026-06-03 15:15:48  :>>>>PipelinedSubpartition is blocked when pollBuffer, event data type: ObjectBufferDataType{isBuffer=false, isEvent=true, isBlockingUpstream=true, hasPriority=false, requiresAnnouncement=false}, subpartitionInfo: {"@class":"org.apache.flink.runtime.checkpoint.channel.ResultSubpartitionInfo","partitionIdx":0,"subPartitionIdx":7}
[INFO] [ #281464058081568] 2026-06-03 15:15:48  :>>>>CheckpointedInputGate::PollNext() is event
[INFO] [ #281464058081568] 2026-06-03 15:15:48  :>>>>Start to handle event, eventClassName: CheckpointBarrier
[INFO] [ #281464058081568] 2026-06-03 15:15:48  :>>>>CheckpointedInputGate::HandleEvent is CheckpointBarrier
[INFO] [ #281464058081568] 2026-06-03 15:15:48  :>>>>CheckpointedInputGate::HandleEvent finish ProcessBarrier
[INFO] [ #281464058081568] 2026-06-03 15:15:48  :>>>>Finish to handle event, eventClassName: CheckpointBarrier
[INFO] [ #281470079856928] 2026-06-03 15:15:48  :>>>>PipelinedSubpartition isBlocked = false
[INFO] [ #281470079856928] 2026-06-03 15:15:48  :>>>>PipelinedSubpartition isBlocked = false
[INFO] [ #281463391711520] 2026-06-03 15:15:48  :>>>>PipelinedSubpartition isBlocked = false
[INFO] [ #281463391711520] 2026-06-03 15:15:48  :>>>>PipelinedSubpartition isBlocked = false
[INFO] [ #281463391711520] 2026-06-03 15:15:48  :>>>>PipelinedSubpartition isBlocked = false
[INFO] [ #281463391711520] 2026-06-03 15:15:48  :>>>>PipelinedSubpartition isBlocked = false
[INFO] [ #281463391711520] 2026-06-03 15:15:48  :>>>>PipelinedSubpartition isBlocked = false
[INFO] [ #281463391711520] 2026-06-03 15:15:48  :>>>>PipelinedSubpartition isBlocked = false
Complete future complete!
Complete future complete!
Complete future complete!
[INFO] [ #281470079856928] 2026-06-03 15:15:48  :>>>>PipelinedSubpartition isBlocked = false
[INFO] [ #281470079856928] 2026-06-03 15:15:48  :>>>>PipelinedSubpartition isBlocked = false
[INFO] [ #281463391711520] 2026-06-03 15:15:48  :>>>>PipelinedSubpartition isBlocked = false
[INFO] [ #281463391711520] 2026-06-03 15:15:48  :>>>>PipelinedSubpartition isBlocked = false
[INFO] [ #281464058081568] 2026-06-03 15:15:48  :>>>>CheckpointedInputGate::PollNext() is event
[INFO] [ #281464058081568] 2026-06-03 15:15:48  :>>>>Start to handle event, eventClassName: CheckpointBarrier
[INFO] [ #281464058081568] 2026-06-03 15:15:48  :>>>>CheckpointedInputGate::HandleEvent is CheckpointBarrier
[INFO] [ #281464058081568] 2026-06-03 15:15:48  :>>>>CheckpointedInputGate::HandleEvent finish ProcessBarrier
[INFO] [ #281464058081568] 2026-06-03 15:15:48  :>>>>Finish to handle event, eventClassName: CheckpointBarrier
[INFO] [ #281464058081568] 2026-06-03 15:15:48  :>>>>CheckpointedInputGate::PollNext() is event
[INFO] [ #281464058081568] 2026-06-03 15:15:48  :>>>>Start to handle event, eventClassName: CheckpointBarrier
[INFO] [ #281464058081568] 2026-06-03 15:15:48  :>>>>CheckpointedInputGate::HandleEvent is CheckpointBarrier
[INFO] [ #281464058081568] 2026-06-03 15:15:48  :>>>>CheckpointedInputGate::HandleEvent finish ProcessBarrier
[INFO] [ #281464058081568] 2026-06-03 15:15:48  :>>>>Finish to handle event, eventClassName: CheckpointBarrier
[INFO] [ #281464058081568] 2026-06-03 15:15:48  :>>>>CheckpointedInputGate::PollNext() is event
[INFO] [ #281464058081568] 2026-06-03 15:15:48  :>>>>Start to handle event, eventClassName: CheckpointBarrier
[INFO] [ #281464058081568] 2026-06-03 15:15:48  :>>>>CheckpointedInputGate::HandleEvent is CheckpointBarrier
[INFO] [ #281464058081568] 2026-06-03 15:15:48  :>>>>CheckpointedInputGate::HandleEvent finish ProcessBarrier
[INFO] [ #281464058081568] 2026-06-03 15:15:48  :>>>>Finish to handle event, eventClassName: CheckpointBarrier
[INFO] [ #281464058081568] 2026-06-03 15:15:48  :>>>>CheckpointedInputGate::PollNext() is event
[INFO] [ #281464058081568] 2026-06-03 15:15:48  :>>>>Start to handle event, eventClassName: CheckpointBarrier
[INFO] [ #281464058081568] 2026-06-03 15:15:48  :>>>>CheckpointedInputGate::HandleEvent is CheckpointBarrier
[INFO] [ #281464058081568] 2026-06-03 15:15:48  :>>>>CheckpointedInputGate::HandleEvent finish ProcessBarrier
[INFO] [ #281464058081568] 2026-06-03 15:15:48  :>>>>Finish to handle event, eventClassName: CheckpointBarrier
[INFO] [ #281464058081568] 2026-06-03 15:15:48  :>>>>CheckpointedInputGate::PollNext() is event
[INFO] [ #281464058081568] 2026-06-03 15:15:48  :>>>>Start to handle event, eventClassName: CheckpointBarrier
[INFO] [ #281464058081568] 2026-06-03 15:15:48  :>>>>CheckpointedInputGate::HandleEvent is CheckpointBarrier
[INFO] [ #281464058081568] 2026-06-03 15:15:48  :>>>>CheckpointedInputGate::HandleEvent finish ProcessBarrier
[INFO] [ #281464058081568] 2026-06-03 15:15:48  :>>>>Finish to handle event, eventClassName: CheckpointBarrier
[INFO] [ #281463391711520] 2026-06-03 15:15:48  :>>>>PipelinedSubpartition isBlocked = false
[INFO] [ #281463391711520] 2026-06-03 15:15:48  :>>>>PipelinedSubpartition isBlocked = false
[INFO] [ #281470079856928] 2026-06-03 15:15:48  :>>>>PipelinedSubpartition isBlocked = false
[INFO] [ #281470079856928] 2026-06-03 15:15:48  :>>>>PipelinedSubpartition isBlocked = false
[INFO] [ #281463391711520] 2026-06-03 15:15:48  :>>>>PipelinedSubpartition isBlocked = false
[INFO] [ #281463391711520] 2026-06-03 15:15:48  :>>>>PipelinedSubpartition isBlocked = false
[INFO] [ #281463391711520] 2026-06-03 15:15:48  :>>>>PipelinedSubpartition isBlocked = false
[INFO] [ #281463391711520] 2026-06-03 15:15:48  :>>>>PipelinedSubpartition isBlocked = false
[INFO] [ #281463391711520] 2026-06-03 15:15:48  :>>>>PipelinedSubpartition isBlocked = false
[INFO] [ #281463391711520] 2026-06-03 15:15:48  :>>>>PipelinedSubpartition isBlocked = false
[INFO] [ #281470079856928] 2026-06-03 15:15:48  :>>>>PipelinedSubpartition isBlocked = false
[INFO] [ #281470079856928] 2026-06-03 15:15:48  :>>>>PipelinedSubpartition isBlocked = false
[INFO] [ #281464058081568] 2026-06-03 15:15:48  :>>>>CheckpointedInputGate::PollNext() is event
[INFO] [ #281464058081568] 2026-06-03 15:15:48  :>>>>Start to handle event, eventClassName: CheckpointBarrier
[INFO] [ #281464058081568] 2026-06-03 15:15:48  :>>>>CheckpointedInputGate::HandleEvent is CheckpointBarrier
[INFO] [ #281464058081568] 2026-06-03 15:15:48  :>>>>PerformCheckpoint - START, checkpointId=1, task=GroupAggregate(groupBy=[category], select=[category, AVG_RETRACT(final) AS EXPR$1]) -> Sink: nexmark_q4[17]
[INFO] [ #281464058081568] 2026-06-03 15:15:48  :>>>>PerformCheckpoint - calling subtaskCheckpointCoordinator->checkpointState, checkpointId=1
[INFO] [ #281464058081568] 2026-06-03 15:15:48  :>>>>savepoint: OperatorChainV2::CheckpointStreamOperator op type=12SinkOperator
[INFO] [ #281464058081568] 2026-06-03 15:15:48  :>>>>savepoint: OperatorChainV2::CheckpointStreamOperator StreamOperator::SnapshotState
[INFO] [ #281464058081568] 2026-06-03 15:15:48  :>>>>savepoint: OperatorChainV2::CheckpointStreamOperator op type=20KeyedProcessOperatorIP7RowDataS1_S1_E
[INFO] [ #281464058081568] 2026-06-03 15:15:48  :>>>>savepoint: StreamOperatorStateHandler::snapshotState streamOperator type=20KeyedProcessOperatorIP7RowDataS1_S1_E
[INFO] [ #281464058081568] 2026-06-03 15:15:48  :>>>>PerformCheckpoint - checkpointState completed, checkpointId=1
[INFO] [ #281464058081568] 2026-06-03 15:15:48  :>>>>PipelinedSubpartition isBlocked = false
[INFO] [ #281464058081568] 2026-06-03 15:15:48  :>>>>PipelinedSubpartition isBlocked = false
Complete future complete!
[INFO] [ #281464058081568] 2026-06-03 15:15:48  :>>>>CheckpointedInputGate::HandleEvent finish ProcessBarrier
[INFO] [ #281464058081568] 2026-06-03 15:15:48  :>>>>Finish to handle event, eventClassName: CheckpointBarrier
Complete future complete!
[INFO] [ #281464534987040] 2026-06-03 15:15:48  :>>>>PipelinedSubpartition is blocked when pollBuffer, event data type: ObjectBufferDataType{isBuffer=false, isEvent=true, isBlockingUpstream=true, hasPriority=false, requiresAnnouncement=false}, subpartitionInfo: {"@class":"org.apache.flink.runtime.checkpoint.channel.ResultSubpartitionInfo","partitionIdx":0,"subPartitionIdx":3}
[INFO] [ #281464534987040] 2026-06-03 15:15:48  :>>>>CheckpointedInputGate::PollNext() is event
[INFO] [ #281464534987040] 2026-06-03 15:15:48  :>>>>Start to handle event, eventClassName: CheckpointBarrier
[INFO] [ #281464534987040] 2026-06-03 15:15:48  :>>>>CheckpointedInputGate::HandleEvent is CheckpointBarrier
[INFO] [ #281464534987040] 2026-06-03 15:15:48  :>>>>CheckpointedInputGate::HandleEvent finish ProcessBarrier
[INFO] [ #281464534987040] 2026-06-03 15:15:48  :>>>>Finish to handle event, eventClassName: CheckpointBarrier
[INFO] [ #281464534987040] 2026-06-03 15:15:48  :>>>>CheckpointedInputGate::PollNext() is event
[INFO] [ #281464534987040] 2026-06-03 15:15:48  :>>>>Start to handle event, eventClassName: CheckpointBarrier
[INFO] [ #281464534987040] 2026-06-03 15:15:48  :>>>>CheckpointedInputGate::HandleEvent is CheckpointBarrier
[INFO] [ #281464534987040] 2026-06-03 15:15:48  :>>>>CheckpointedInputGate::HandleEvent finish ProcessBarrier
[INFO] [ #281464534987040] 2026-06-03 15:15:48  :>>>>Finish to handle event, eventClassName: CheckpointBarrier
[INFO] [ #281464534987040] 2026-06-03 15:15:48  :>>>>CheckpointedInputGate::PollNext() is event
[INFO] [ #281464534987040] 2026-06-03 15:15:48  :>>>>Start to handle event, eventClassName: CheckpointBarrier
[INFO] [ #281464534987040] 2026-06-03 15:15:48  :>>>>CheckpointedInputGate::HandleEvent is CheckpointBarrier
[INFO] [ #281464534987040] 2026-06-03 15:15:48  :>>>>CheckpointedInputGate::HandleEvent finish ProcessBarrier
[INFO] [ #281464534987040] 2026-06-03 15:15:48  :>>>>Finish to handle event, eventClassName: CheckpointBarrier
[INFO] [ #281464534987040] 2026-06-03 15:15:48  :>>>>CheckpointedInputGate::PollNext() is event
[INFO] [ #281464534987040] 2026-06-03 15:15:48  :>>>>Start to handle event, eventClassName: CheckpointBarrier
[INFO] [ #281464534987040] 2026-06-03 15:15:48  :>>>>CheckpointedInputGate::HandleEvent is CheckpointBarrier
[INFO] [ #281464534987040] 2026-06-03 15:15:48  :>>>>CheckpointedInputGate::HandleEvent finish ProcessBarrier
[INFO] [ #281464534987040] 2026-06-03 15:15:48  :>>>>Finish to handle event, eventClassName: CheckpointBarrier
[INFO] [ #281464534987040] 2026-06-03 15:15:48  :>>>>CheckpointedInputGate::PollNext() is event
[INFO] [ #281464534987040] 2026-06-03 15:15:48  :>>>>Start to handle event, eventClassName: CheckpointBarrier
[INFO] [ #281464534987040] 2026-06-03 15:15:48  :>>>>CheckpointedInputGate::HandleEvent is CheckpointBarrier
[INFO] [ #281464534987040] 2026-06-03 15:15:48  :>>>>CheckpointedInputGate::HandleEvent finish ProcessBarrier
[INFO] [ #281464534987040] 2026-06-03 15:15:48  :>>>>Finish to handle event, eventClassName: CheckpointBarrier
[INFO] [ #281464534987040] 2026-06-03 15:15:48  :>>>>CheckpointedInputGate::PollNext() is event
[INFO] [ #281464534987040] 2026-06-03 15:15:48  :>>>>Start to handle event, eventClassName: CheckpointBarrier
[INFO] [ #281464534987040] 2026-06-03 15:15:48  :>>>>CheckpointedInputGate::HandleEvent is CheckpointBarrier
[INFO] [ #281464534987040] 2026-06-03 15:15:48  :>>>>CheckpointedInputGate::HandleEvent finish ProcessBarrier
[INFO] [ #281464534987040] 2026-06-03 15:15:48  :>>>>Finish to handle event, eventClassName: CheckpointBarrier
[INFO] [ #281464534987040] 2026-06-03 15:15:48  :>>>>CheckpointedInputGate::PollNext() is event
[INFO] [ #281464534987040] 2026-06-03 15:15:48  :>>>>Start to handle event, eventClassName: CheckpointBarrier
[INFO] [ #281464534987040] 2026-06-03 15:15:48  :>>>>CheckpointedInputGate::HandleEvent is CheckpointBarrier
[INFO] [ #281464534987040] 2026-06-03 15:15:48  :>>>>CheckpointedInputGate::HandleEvent finish ProcessBarrier
[INFO] [ #281464534987040] 2026-06-03 15:15:48  :>>>>Finish to handle event, eventClassName: CheckpointBarrier
[INFO] [ #281465732067616] 2026-06-03 15:16:01  :>>>>processBufferOrEventOptForSQL for loop execution time: 115 microseconds, processed 30 objects
[INFO] [ #281465732067616] 2026-06-03 15:16:01  :>>>>processBufferOrEventOptForSQL for loop execution time: 37 microseconds, processed 30 objects
[INFO] [ #281465732067616] 2026-06-03 15:16:01  :>>>>processBufferOrEventOptForSQL for loop execution time: 42 microseconds, processed 30 objects
[INFO] [ #281465732067616] 2026-06-03 15:16:01  :>>>>processBufferOrEventOptForSQL for loop execution time: 43 microseconds, processed 30 objects
[INFO] [ #281465732067616] 2026-06-03 15:16:01  :>>>>processBufferOrEventOptForSQL for loop execution time: 61 microseconds, processed 30 objects
[INFO] [ #281465732067616] 2026-06-03 15:16:01  :>>>>processBufferOrEventOptForSQL for loop execution time: 45 microseconds, processed 30 objects
[INFO] [ #281465732067616] 2026-06-03 15:16:01  :>>>>processBufferOrEventOptForSQL for loop execution time: 123 microseconds, processed 30 objects
[INFO] [ #281466388869408] 2026-06-03 15:16:01  :>>>>processBufferOrEventOptForSQL for loop execution time: 73 microseconds, processed 30 objects
[INFO] [ #281466388869408] 2026-06-03 15:16:01  :>>>>processBufferOrEventOptForSQL for loop execution time: 62 microseconds, processed 30 objects
[INFO] [ #281466388869408] 2026-06-03 15:16:01  :>>>>processBufferOrEventOptForSQL for loop execution time: 36 microseconds, processed 30 objects
[INFO] [ #281466388869408] 2026-06-03 15:16:01  :>>>>processBufferOrEventOptForSQL for loop execution time: 55 microseconds, processed 30 objects
[INFO] [ #281466388869408] 2026-06-03 15:16:01  :>>>>processBufferOrEventOptForSQL for loop execution time: 50 microseconds, processed 30 objects
[INFO] [ #281466388869408] 2026-06-03 15:16:01  :>>>>processBufferOrEventOptForSQL for loop execution time: 52 microseconds, processed 30 objects
[INFO] [ #281466388869408] 2026-06-03 15:16:01  :>>>>processBufferOrEventOptForSQL for loop execution time: 46 microseconds, processed 30 objects
[INFO] [ #281466388869408] 2026-06-03 15:16:01  :>>>>processBufferOrEventOptForSQL for loop execution time: 30 microseconds, processed 30 objects
[INFO] [ #281466388869408] 2026-06-03 15:16:01  :>>>>processBufferOrEventOptForSQL for loop execution time: 47 microseconds, processed 30 objects
[INFO] [ #281466388869408] 2026-06-03 15:16:01  :>>>>processBufferOrEventOptForSQL for loop execution time: 37 microseconds, processed 30 objects
[INFO] [ #281466388869408] 2026-06-03 15:16:01  :>>>>processBufferOrEventOptForSQL for loop execution time: 29 microseconds, processed 30 objects
[INFO] [ #281466388869408] 2026-06-03 15:16:01  :>>>>processBufferOrEventOptForSQL for loop execution time: 15 microseconds, processed 30 objects
[INFO] [ #281466388869408] 2026-06-03 15:16:01  :>>>>processBufferOrEventOptForSQL for loop execution time: 37 microseconds, processed 30 objects
[INFO] [ #281466388869408] 2026-06-03 15:16:01  :>>>>processBufferOrEventOptForSQL for loop execution time: 22 microseconds, processed 14 objects
[INFO] [ #281466388869408] 2026-06-03 15:16:01  :>>>>processBufferOrEventOptForSQL for loop execution time: 34 microseconds, processed 30 objects
[INFO] [ #281466388869408] 2026-06-03 15:16:01  :>>>>processBufferOrEventOptForSQL for loop execution time: 48 microseconds, processed 30 objects
[INFO] [ #281466388869408] 2026-06-03 15:16:01  :>>>>processBufferOrEventOptForSQL for loop execution time: 22 microseconds, processed 30 objects
[INFO] [ #281466388869408] 2026-06-03 15:16:01  :>>>>processBufferOrEventOptForSQL for loop execution time: 26 microseconds, processed 30 objects
[INFO] [ #281466388869408] 2026-06-03 15:16:01  :>>>>processBufferOrEventOptForSQL for loop execution time: 44 microseconds, processed 30 objects
[INFO] [ #281466388869408] 2026-06-03 15:16:01  :>>>>processBufferOrEventOptForSQL for loop execution time: 42 microseconds, processed 30 objects
[INFO] [ #281466388869408] 2026-06-03 15:16:01  :>>>>processBufferOrEventOptForSQL for loop execution time: 14 microseconds, processed 11 objects
[INFO] [ #281466388869408] 2026-06-03 15:16:01  :>>>>processBufferOrEventOptForSQL for loop execution time: 0 microseconds, processed 1 objects
[INFO] [ #281466388869408] 2026-06-03 15:16:01  :>>>>processBufferOrEventOptForSQL for loop execution time: 24 microseconds, processed 18 objects
[INFO] [ #281466388869408] 2026-06-03 15:16:01  :>>>>processBufferOrEventOptForSQL for loop execution time: 0 microseconds, processed 1 objects
[INFO] [ #281465732067616] 2026-06-03 15:16:01  :>>>>processBufferOrEventOptForSQL for loop execution time: 56 microseconds, processed 30 objects
[INFO] [ #281465732067616] 2026-06-03 15:16:01  :>>>>processBufferOrEventOptForSQL for loop execution time: 50 microseconds, processed 30 objects
[INFO] [ #281465732067616] 2026-06-03 15:16:01  :>>>>processBufferOrEventOptForSQL for loop execution time: 33 microseconds, processed 30 objects
[INFO] [ #281465732067616] 2026-06-03 15:16:01  :>>>>processBufferOrEventOptForSQL for loop execution time: 38 microseconds, processed 30 objects
[INFO] [ #281465732067616] 2026-06-03 15:16:01  :>>>>processBufferOrEventOptForSQL for loop execution time: 43 microseconds, processed 30 objects
[INFO] [ #281465732067616] 2026-06-03 15:16:01  :>>>>processBufferOrEventOptForSQL for loop execution time: 33 microseconds, processed 30 objects
[INFO] [ #281465732067616] 2026-06-03 15:16:01  :>>>>processBufferOrEventOptForSQL for loop execution time: 24 microseconds, processed 30 objects
[INFO] [ #281465732067616] 2026-06-03 15:16:01  :>>>>processBufferOrEventOptForSQL for loop execution time: 34 microseconds, processed 30 objects
[INFO] [ #281465732067616] 2026-06-03 15:16:01  :>>>>processBufferOrEventOptForSQL for loop execution time: 42 microseconds, processed 30 objects
[INFO] [ #281465732067616] 2026-06-03 15:16:01  :>>>>processBufferOrEventOptForSQL for loop execution time: 40 microseconds, processed 30 objects
[INFO] [ #281465732067616] 2026-06-03 15:16:01  :>>>>processBufferOrEventOptForSQL for loop execution time: 27 microseconds, processed 30 objects
[INFO] [ #281465732067616] 2026-06-03 15:16:01  :>>>>processBufferOrEventOptForSQL for loop execution time: 33 microseconds, processed 30 objects
[INFO] [ #281465732067616] 2026-06-03 15:16:01  :>>>>processBufferOrEventOptForSQL for loop execution time: 38 microseconds, processed 30 objects
[INFO] [ #281465732067616] 2026-06-03 15:16:01  :>>>>processBufferOrEventOptForSQL for loop execution time: 27 microseconds, processed 30 objects
[INFO] [ #281465732067616] 2026-06-03 15:16:01  :>>>>processBufferOrEventOptForSQL for loop execution time: 33 microseconds, processed 30 objects
[INFO] [ #281465732067616] 2026-06-03 15:16:01  :>>>>processBufferOrEventOptForSQL for loop execution time: 35 microseconds, processed 30 objects
[INFO] [ #281465732067616] 2026-06-03 15:16:01  :>>>>processBufferOrEventOptForSQL for loop execution time: 30 microseconds, processed 30 objects
[INFO] [ #281465732067616] 2026-06-03 15:16:01  :>>>>processBufferOrEventOptForSQL for loop execution time: 20 microseconds, processed 30 objects
[INFO] [ #281465732067616] 2026-06-03 15:16:01  :>>>>processBufferOrEventOptForSQL for loop execution time: 33 microseconds, processed 30 objects
[INFO] [ #281465732067616] 2026-06-03 15:16:01  :>>>>processBufferOrEventOptForSQL for loop execution time: 27 microseconds, processed 30 objects
[INFO] [ #281465732067616] 2026-06-03 15:16:01  :>>>>processBufferOrEventOptForSQL for loop execution time: 25 microseconds, processed 27 objects
[INFO] [ #281465732067616] 2026-06-03 15:16:01  :>>>>processBufferOrEventOptForSQL for loop execution time: 21 microseconds, processed 24 objects
[INFO] [ #281465732067616] 2026-06-03 15:16:01  :>>>>processBufferOrEventOptForSQL for loop execution time: 29 microseconds, processed 30 objects
[INFO] [ #281465732067616] 2026-06-03 15:16:01  :>>>>processBufferOrEventOptForSQL for loop execution time: 0 microseconds, processed 1 objects
[INFO] [ #281465732067616] 2026-06-03 15:16:01  :>>>>processBufferOrEventOptForSQL for loop execution time: 0 microseconds, processed 5 objects
[INFO] [ #281465732067616] 2026-06-03 15:16:01  :>>>>processBufferOrEventOptForSQL for loop execution time: 12433 microseconds, processed 30 objects
[INFO] [ #281465732067616] 2026-06-03 15:16:01  :>>>>processBufferOrEventOptForSQL for loop execution time: 20 microseconds, processed 30 objects
[INFO] [ #281465732067616] 2026-06-03 15:16:01  :>>>>processBufferOrEventOptForSQL for loop execution time: 621 microseconds, processed 30 objects
[INFO] [ #281465732067616] 2026-06-03 15:16:01  :>>>>processBufferOrEventOptForSQL for loop execution time: 27 microseconds, processed 30 objects
[INFO] [ #281465352876320] 2026-06-03 15:16:01  :>>>>processBufferOrEventOptForSQL for loop execution time: 361 microseconds, processed 30 objects
[INFO] [ #281465352876320] 2026-06-03 15:16:01  :>>>>processBufferOrEventOptForSQL for loop execution time: 97 microseconds, processed 11 objects
[INFO] [ #281465352876320] 2026-06-03 15:16:01  :>>>>processBufferOrEventOptForSQL for loop execution time: 13 microseconds, processed 1 objects
[INFO] [ #281465732067616] 2026-06-03 15:16:01  :>>>>processBufferOrEventOptForSQL for loop execution time: 14044 microseconds, processed 30 objects
[INFO] [ #281465732067616] 2026-06-03 15:16:01  :>>>>processBufferOrEventOptForSQL for loop execution time: 66 microseconds, processed 30 objects
[INFO] [ #281465732067616] 2026-06-03 15:16:01  :>>>>processBufferOrEventOptForSQL for loop execution time: 278 microseconds, processed 30 objects
[INFO] [ #281465732067616] 2026-06-03 15:16:01  :>>>>processBufferOrEventOptForSQL for loop execution time: 0 microseconds, processed 3 objects
[INFO] [ #281465732067616] 2026-06-03 15:16:01  :>>>>processBufferOrEventOptForSQL for loop execution time: 625 microseconds, processed 30 objects
[INFO] [ #281465732067616] 2026-06-03 15:16:01  :>>>>processBufferOrEventOptForSQL for loop execution time: 35 microseconds, processed 30 objects
[INFO] [ #281465732067616] 2026-06-03 15:16:01  :>>>>processBufferOrEventOptForSQL for loop execution time: 357 microseconds, processed 30 objects
[INFO] [ #281465732067616] 2026-06-03 15:16:01  :>>>>processBufferOrEventOptForSQL for loop execution time: 52 microseconds, processed 30 objects
[INFO] [ #281465732067616] 2026-06-03 15:16:01  :>>>>processBufferOrEventOptForSQL for loop execution time: 336 microseconds, processed 30 objects
[INFO] [ #281465732067616] 2026-06-03 15:16:01  :>>>>processBufferOrEventOptForSQL for loop execution time: 9 microseconds, processed 11 objects
[INFO] [ #281466388869408] 2026-06-03 15:16:01  :>>>>processBufferOrEventOptForSQL for loop execution time: 312 microseconds, processed 30 objects
[INFO] [ #281466388869408] 2026-06-03 15:16:01  :>>>>processBufferOrEventOptForSQL for loop execution time: 50 microseconds, processed 30 objects
[INFO] [ #281466388869408] 2026-06-03 15:16:01  :>>>>processBufferOrEventOptForSQL for loop execution time: 277 microseconds, processed 30 objects
[INFO] [ #281466388869408] 2026-06-03 15:16:01  :>>>>processBufferOrEventOptForSQL for loop execution time: 24 microseconds, processed 16 objects
[INFO] [ #281466388869408] 2026-06-03 15:16:01  :>>>>processBufferOrEventOptForSQL for loop execution time: 265 microseconds, processed 30 objects
[INFO] [ #281466388869408] 2026-06-03 15:16:01  :>>>>processBufferOrEventOptForSQL for loop execution time: 24 microseconds, processed 30 objects
[INFO] [ #281466388869408] 2026-06-03 15:16:01  :>>>>processBufferOrEventOptForSQL for loop execution time: 252 microseconds, processed 30 objects
[INFO] [ #281466388869408] 2026-06-03 15:16:01  :>>>>processBufferOrEventOptForSQL for loop execution time: 30 microseconds, processed 30 objects
[INFO] [ #281466388869408] 2026-06-03 15:16:01  :>>>>processBufferOrEventOptForSQL for loop execution time: 278 microseconds, processed 30 objects
[INFO] [ #281466388869408] 2026-06-03 15:16:01  :>>>>processBufferOrEventOptForSQL for loop execution time: 25 microseconds, processed 29 objects
[INFO] [ #281466388869408] 2026-06-03 15:16:01  :>>>>processBufferOrEventOptForSQL for loop execution time: 373 microseconds, processed 30 objects
[INFO] [ #281466388869408] 2026-06-03 15:16:01  :>>>>processBufferOrEventOptForSQL for loop execution time: 21 microseconds, processed 30 objects
[INFO] [ #281466388869408] 2026-06-03 15:16:01  :>>>>processBufferOrEventOptForSQL for loop execution time: 325 microseconds, processed 30 objects
[INFO] [ #281466388869408] 2026-06-03 15:16:01  :>>>>processBufferOrEventOptForSQL for loop execution time: 38 microseconds, processed 30 objects
[INFO] [ #281466388869408] 2026-06-03 15:16:01  :>>>>processBufferOrEventOptForSQL for loop execution time: 354 microseconds, processed 30 objects
[INFO] [ #281466388869408] 2026-06-03 15:16:01  :>>>>processBufferOrEventOptForSQL for loop execution time: 0 microseconds, processed 2 objects
[INFO] [ #281466388869408] 2026-06-03 15:16:01  :>>>>processBufferOrEventOptForSQL for loop execution time: 447 microseconds, processed 30 objects
[INFO] [ #281466388869408] 2026-06-03 15:16:01  :>>>>processBufferOrEventOptForSQL for loop execution time: 40 microseconds, processed 30 objects
[INFO] [ #281466388869408] 2026-06-03 15:16:01  :>>>>processBufferOrEventOptForSQL for loop execution time: 367 microseconds, processed 30 objects
[INFO] [ #281466388869408] 2026-06-03 15:16:01  :>>>>processBufferOrEventOptForSQL for loop execution time: 46 microseconds, processed 30 objects
[INFO] [ #281466388869408] 2026-06-03 15:16:01  :>>>>processBufferOrEventOptForSQL for loop execution time: 2380 microseconds, processed 30 objects
[INFO] [ #281466388869408] 2026-06-03 15:16:01  :>>>>processBufferOrEventOptForSQL for loop execution time: 44 microseconds, processed 30 objects
[INFO] [ #281466388869408] 2026-06-03 15:16:01  :>>>>processBufferOrEventOptForSQL for loop execution time: 585 microseconds, processed 30 objects
[INFO] [ #281466388869408] 2026-06-03 15:16:01  :>>>>processBufferOrEventOptForSQL for loop execution time: 74 microseconds, processed 30 objects
[INFO] [ #281466388869408] 2026-06-03 15:16:01  :>>>>processBufferOrEventOptForSQL for loop execution time: 426 microseconds, processed 30 objects
[INFO] [ #281466388869408] 2026-06-03 15:16:01  :>>>>processBufferOrEventOptForSQL for loop execution time: 17 microseconds, processed 18 objects
[INFO] [ #281466388869408] 2026-06-03 15:16:01  :>>>>processBufferOrEventOptForSQL for loop execution time: 495 microseconds, processed 30 objects
[INFO] [ #281466388869408] 2026-06-03 15:16:01  :>>>>processBufferOrEventOptForSQL for loop execution time: 42 microseconds, processed 30 objects
[INFO] [ #281466388869408] 2026-06-03 15:16:01  :>>>>processBufferOrEventOptForSQL for loop execution time: 326 microseconds, processed 30 objects
[INFO] [ #281466388869408] 2026-06-03 15:16:01  :>>>>processBufferOrEventOptForSQL for loop execution time: 50 microseconds, processed 30 objects
[INFO] [ #281466388869408] 2026-06-03 15:16:01  :>>>>processBufferOrEventOptForSQL for loop execution time: 633 microseconds, processed 30 objects
[INFO] [ #281466388869408] 2026-06-03 15:16:01  :>>>>processBufferOrEventOptForSQL for loop execution time: 29 microseconds, processed 28 objects
[INFO] [ #281465732067616] 2026-06-03 15:16:01  :>>>>processBufferOrEventOptForSQL for loop execution time: 33863 microseconds, processed 30 objects
[INFO] [ #281465732067616] 2026-06-03 15:16:01  :>>>>processBufferOrEventOptForSQL for loop execution time: 12 microseconds, processed 11 objects
[INFO] [ #281465732067616] 2026-06-03 15:16:01  :>>>>processBufferOrEventOptForSQL for loop execution time: 374 microseconds, processed 30 objects
[INFO] [ #281465732067616] 2026-06-03 15:16:01  :>>>>processBufferOrEventOptForSQL for loop execution time: 41 microseconds, processed 28 objects
[INFO] [ #281465732067616] 2026-06-03 15:16:01  :>>>>processBufferOrEventOptForSQL for loop execution time: 394 microseconds, processed 30 objects
[INFO] [ #281465732067616] 2026-06-03 15:16:01  :>>>>processBufferOrEventOptForSQL for loop execution time: 42 microseconds, processed 30 objects
[INFO] [ #281465732067616] 2026-06-03 15:16:01  :>>>>processBufferOrEventOptForSQL for loop execution time: 367 microseconds, processed 30 objects
[INFO] [ #281465732067616] 2026-06-03 15:16:01  :>>>>processBufferOrEventOptForSQL for loop execution time: 35 microseconds, processed 30 objects
[INFO] [ #281465732067616] 2026-06-03 15:16:01  :>>>>processBufferOrEventOptForSQL for loop execution time: 228 microseconds, processed 30 objects
[INFO] [ #281465732067616] 2026-06-03 15:16:01  :>>>>processBufferOrEventOptForSQL for loop execution time: 41 microseconds, processed 30 objects
[INFO] [ #281465732067616] 2026-06-03 15:16:01  :>>>>processBufferOrEventOptForSQL for loop execution time: 588 microseconds, processed 30 objects
[INFO] [ #281465732067616] 2026-06-03 15:16:01  :>>>>processBufferOrEventOptForSQL for loop execution time: 40 microseconds, processed 30 objects
[INFO] [ #281465732067616] 2026-06-03 15:16:01  :>>>>processBufferOrEventOptForSQL for loop execution time: 387 microseconds, processed 30 objects
[INFO] [ #281465732067616] 2026-06-03 15:16:01  :>>>>processBufferOrEventOptForSQL for loop execution time: 31 microseconds, processed 30 objects
[INFO] [ #281465732067616] 2026-06-03 15:16:01  :>>>>processBufferOrEventOptForSQL for loop execution time: 599 microseconds, processed 30 objects
[INFO] [ #281465732067616] 2026-06-03 15:16:01  :>>>>processBufferOrEventOptForSQL for loop execution time: 33 microseconds, processed 19 objects
[INFO] [ #281465732067616] 2026-06-03 15:16:01  :>>>>processBufferOrEventOptForSQL for loop execution time: 981 microseconds, processed 30 objects
[INFO] [ #281465732067616] 2026-06-03 15:16:01  :>>>>processBufferOrEventOptForSQL for loop execution time: 28 microseconds, processed 19 objects
[INFO] [ #281465732067616] 2026-06-03 15:16:01  :>>>>processBufferOrEventOptForSQL for loop execution time: 552 microseconds, processed 30 objects
[INFO] [ #281465732067616] 2026-06-03 15:16:01  :>>>>processBufferOrEventOptForSQL for loop execution time: 30 microseconds, processed 30 objects
[INFO] [ #281465732067616] 2026-06-03 15:16:01  :>>>>processBufferOrEventOptForSQL for loop execution time: 414 microseconds, processed 30 objects
[INFO] [ #281465732067616] 2026-06-03 15:16:01  :>>>>processBufferOrEventOptForSQL for loop execution time: 46 microseconds, processed 30 objects
[INFO] [ #281465732067616] 2026-06-03 15:16:01  :>>>>processBufferOrEventOptForSQL for loop execution time: 771 microseconds, processed 30 objects
[INFO] [ #281465732067616] 2026-06-03 15:16:01  :>>>>processBufferOrEventOptForSQL for loop execution time: 17 microseconds, processed 18 objects
[INFO] [ #281465732067616] 2026-06-03 15:16:01  :>>>>processBufferOrEventOptForSQL for loop execution time: 119 microseconds, processed 30 objects
[INFO] [ #281465732067616] 2026-06-03 15:16:01  :>>>>processBufferOrEventOptForSQL for loop execution time: 50 microseconds, processed 30 objects
[INFO] [ #281465732067616] 2026-06-03 15:16:01  :>>>>processBufferOrEventOptForSQL for loop execution time: 246 microseconds, processed 30 objects
[INFO] [ #281465732067616] 2026-06-03 15:16:01  :>>>>processBufferOrEventOptForSQL for loop execution time: 27 microseconds, processed 30 objects
[INFO] [ #281465732067616] 2026-06-03 15:16:01  :>>>>processBufferOrEventOptForSQL for loop execution time: 420 microseconds, processed 30 objects
[INFO] [ #281465732067616] 2026-06-03 15:16:01  :>>>>processBufferOrEventOptForSQL for loop execution time: 35 microseconds, processed 30 objects
[INFO] [ #281465732067616] 2026-06-03 15:16:01  :>>>>processBufferOrEventOptForSQL for loop execution time: 388 microseconds, processed 30 objects
[INFO] [ #281465732067616] 2026-06-03 15:16:01  :>>>>processBufferOrEventOptForSQL for loop execution time: 27 microseconds, processed 30 objects
[INFO] [ #281465732067616] 2026-06-03 15:16:01  :>>>>processBufferOrEventOptForSQL for loop execution time: 358 microseconds, processed 30 objects
[INFO] [ #281465732067616] 2026-06-03 15:16:01  :>>>>processBufferOrEventOptForSQL for loop execution time: 45 microseconds, processed 30 objects
[INFO] [ #281465732067616] 2026-06-03 15:16:01  :>>>>processBufferOrEventOptForSQL for loop execution time: 360 microseconds, processed 30 objects
[INFO] [ #281465732067616] 2026-06-03 15:16:01  :>>>>processBufferOrEventOptForSQL for loop execution time: 44 microseconds, processed 30 objects
[INFO] [ #281465732067616] 2026-06-03 15:16:01  :>>>>processBufferOrEventOptForSQL for loop execution time: 386 microseconds, processed 30 objects
[INFO] [ #281465732067616] 2026-06-03 15:16:01  :>>>>processBufferOrEventOptForSQL for loop execution time: 41 microseconds, processed 30 objects
[INFO] [ #281465732067616] 2026-06-03 15:16:01  :>>>>processBufferOrEventOptForSQL for loop execution time: 598 microseconds, processed 30 objects
[INFO] [ #281465732067616] 2026-06-03 15:16:01  :>>>>processBufferOrEventOptForSQL for loop execution time: 36 microseconds, processed 30 objects
[INFO] [ #281465732067616] 2026-06-03 15:16:01  :>>>>processBufferOrEventOptForSQL for loop execution time: 23 microseconds, processed 3 objects
[INFO] [ #281465732067616] 2026-06-03 15:16:01  :>>>>processBufferOrEventOptForSQL for loop execution time: 22 microseconds, processed 30 objects
[INFO] [ #281465732067616] 2026-06-03 15:16:01  :>>>>processBufferOrEventOptForSQL for loop execution time: 969 microseconds, processed 30 objects
[INFO] [ #281465732067616] 2026-06-03 15:16:01  :>>>>processBufferOrEventOptForSQL for loop execution time: 58 microseconds, processed 30 objects
[INFO] [ #281465732067616] 2026-06-03 15:16:01  :>>>>processBufferOrEventOptForSQL for loop execution time: 351 microseconds, processed 30 objects
[INFO] [ #281465732067616] 2026-06-03 15:16:01  :>>>>processBufferOrEventOptForSQL for loop execution time: 34 microseconds, processed 30 objects
[INFO] [ #281465732067616] 2026-06-03 15:16:01  :>>>>processBufferOrEventOptForSQL for loop execution time: 541 microseconds, processed 30 objects
[INFO] [ #281465732067616] 2026-06-03 15:16:01  :>>>>processBufferOrEventOptForSQL for loop execution time: 21 microseconds, processed 30 objects
[INFO] [ #281466388869408] 2026-06-03 15:16:01  :>>>>processBufferOrEventOptForSQL for loop execution time: 35268 microseconds, processed 30 objects
[INFO] [ #281466388869408] 2026-06-03 15:16:01  :>>>>processBufferOrEventOptForSQL for loop execution time: 73 microseconds, processed 30 objects
[INFO] [ #281466388869408] 2026-06-03 15:16:01  :>>>>processBufferOrEventOptForSQL for loop execution time: 354 microseconds, processed 30 objects
[INFO] [ #281466388869408] 2026-06-03 15:16:01  :>>>>processBufferOrEventOptForSQL for loop execution time: 20 microseconds, processed 17 objects
[INFO] [ #281466388869408] 2026-06-03 15:16:01  :>>>>processBufferOrEventOptForSQL for loop execution time: 513 microseconds, processed 30 objects
[INFO] [ #281466388869408] 2026-06-03 15:16:01  :>>>>processBufferOrEventOptForSQL for loop execution time: 21 microseconds, processed 30 objects
[INFO] [ #281466388869408] 2026-06-03 15:16:01  :>>>>processBufferOrEventOptForSQL for loop execution time: 498 microseconds, processed 30 objects
[INFO] [ #281466388869408] 2026-06-03 15:16:01  :>>>>processBufferOrEventOptForSQL for loop execution time: 26 microseconds, processed 30 objects
[INFO] [ #281466388869408] 2026-06-03 15:16:01  :>>>>processBufferOrEventOptForSQL for loop execution time: 621 microseconds, processed 30 objects
[INFO] [ #281466388869408] 2026-06-03 15:16:01  :>>>>processBufferOrEventOptForSQL for loop execution time: 41 microseconds, processed 30 objects
[INFO] [ #281466388869408] 2026-06-03 15:16:01  :>>>>processBufferOrEventOptForSQL for loop execution time: 291 microseconds, processed 30 objects
[INFO] [ #281466388869408] 2026-06-03 15:16:01  :>>>>processBufferOrEventOptForSQL for loop execution time: 25 microseconds, processed 30 objects
[INFO] [ #281466388869408] 2026-06-03 15:16:01  :>>>>processBufferOrEventOptForSQL for loop execution time: 38 microseconds, processed 2 objects
[INFO] [ #281466388869408] 2026-06-03 15:16:01  :>>>>processBufferOrEventOptForSQL for loop execution time: 49 microseconds, processed 30 objects
[INFO] [ #281466388869408] 2026-06-03 15:16:01  :>>>>processBufferOrEventOptForSQL for loop execution time: 3013 microseconds, processed 30 objects
[INFO] [ #281466388869408] 2026-06-03 15:16:01  :>>>>processBufferOrEventOptForSQL for loop execution time: 27 microseconds, processed 30 objects
[INFO] [ #281466388869408] 2026-06-03 15:16:01  :>>>>processBufferOrEventOptForSQL for loop execution time: 258 microseconds, processed 30 objects
[INFO] [ #281466388869408] 2026-06-03 15:16:01  :>>>>processBufferOrEventOptForSQL for loop execution time: 35 microseconds, processed 30 objects
[INFO] [ #281466388869408] 2026-06-03 15:16:01  :>>>>processBufferOrEventOptForSQL for loop execution time: 310 microseconds, processed 30 objects
[INFO] [ #281466388869408] 2026-06-03 15:16:01  :>>>>processBufferOrEventOptForSQL for loop execution time: 29 microseconds, processed 30 objects
[INFO] [ #281466388869408] 2026-06-03 15:16:01  :>>>>processBufferOrEventOptForSQL for loop execution time: 120 microseconds, processed 16 objects
[INFO] [ #281466388869408] 2026-06-03 15:16:01  :>>>>processBufferOrEventOptForSQL for loop execution time: 44 microseconds, processed 30 objects
[INFO] [ #281466388869408] 2026-06-03 15:16:01  :>>>>processBufferOrEventOptForSQL for loop execution time: 347 microseconds, processed 30 objects
[INFO] [ #281466388869408] 2026-06-03 15:16:01  :>>>>processBufferOrEventOptForSQL for loop execution time: 20 microseconds, processed 30 objects
[INFO] [ #281466388869408] 2026-06-03 15:16:01  :>>>>processBufferOrEventOptForSQL for loop execution time: 265 microseconds, processed 30 objects
[INFO] [ #281466388869408] 2026-06-03 15:16:01  :>>>>processBufferOrEventOptForSQL for loop execution time: 21 microseconds, processed 19 objects
[INFO] [ #281466388869408] 2026-06-03 15:16:01  :>>>>processBufferOrEventOptForSQL for loop execution time: 299 microseconds, processed 30 objects
[INFO] [ #281466388869408] 2026-06-03 15:16:01  :>>>>processBufferOrEventOptForSQL for loop execution time: 44 microseconds, processed 30 objects
[INFO] [ #281465344487712] 2026-06-03 15:16:01  :>>>>processBufferOrEventOptForSQL for loop execution time: 217 microseconds, processed 5 objects
[INFO] [ #281466388869408] 2026-06-03 15:16:01  :>>>>processBufferOrEventOptForSQL for loop execution time: 236 microseconds, processed 30 objects
[INFO] [ #281466388869408] 2026-06-03 15:16:01  :>>>>processBufferOrEventOptForSQL for loop execution time: 131 microseconds, processed 30 objects
[INFO] [ #281465344487712] 2026-06-03 15:16:01  :>>>>processBufferOrEventOptForSQL for loop execution time: 315 microseconds, processed 30 objects
[INFO] [ #281466388869408] 2026-06-03 15:16:01  :>>>>processBufferOrEventOptForSQL for loop execution time: 57 microseconds, processed 30 objects
[INFO] [ #281466388869408] 2026-06-03 15:16:01  :>>>>processBufferOrEventOptForSQL for loop execution time: 36 microseconds, processed 30 objects
[INFO] [ #281466388869408] 2026-06-03 15:16:01  :>>>>processBufferOrEventOptForSQL for loop execution time: 30 microseconds, processed 30 objects
[INFO] [ #281465344487712] 2026-06-03 15:16:01  :>>>>processBufferOrEventOptForSQL for loop execution time: 179 microseconds, processed 18 objects
[INFO] [ #281465344487712] 2026-06-03 15:16:01  :>>>>processBufferOrEventOptForSQL for loop execution time: 394 microseconds, processed 30 objects
[INFO] [ #281465344487712] 2026-06-03 15:16:01  :>>>>processBufferOrEventOptForSQL for loop execution time: 298 microseconds, processed 30 objects
[INFO] [ #281465344487712] 2026-06-03 15:16:01  :>>>>processBufferOrEventOptForSQL for loop execution time: 313 microseconds, processed 30 objects
[INFO] [ #281465344487712] 2026-06-03 15:16:01  :>>>>processBufferOrEventOptForSQL for loop execution time: 251 microseconds, processed 30 objects
[INFO] [ #281465344487712] 2026-06-03 15:16:01  :>>>>processBufferOrEventOptForSQL for loop execution time: 252 microseconds, processed 25 objects
[INFO] [ #281465344487712] 2026-06-03 15:16:01  :>>>>processBufferOrEventOptForSQL for loop execution time: 253 microseconds, processed 30 objects
[INFO] [ #281465344487712] 2026-06-03 15:16:01  :>>>>processBufferOrEventOptForSQL for loop execution time: 102 microseconds, processed 12 objects
[INFO] [ #281465344487712] 2026-06-03 15:16:01  :>>>>processBufferOrEventOptForSQL for loop execution time: 235 microseconds, processed 30 objects
[INFO] [ #281465344487712] 2026-06-03 15:16:01  :>>>>processBufferOrEventOptForSQL for loop execution time: 122 microseconds, processed 15 objects
[INFO] [ #281465344487712] 2026-06-03 15:16:01  :>>>>processBufferOrEventOptForSQL for loop execution time: 221 microseconds, processed 30 objects
[INFO] [ #281465344487712] 2026-06-03 15:16:01  :>>>>processBufferOrEventOptForSQL for loop execution time: 229 microseconds, processed 30 objects
[INFO] [ #281465344487712] 2026-06-03 15:16:01  :>>>>processBufferOrEventOptForSQL for loop execution time: 370 microseconds, processed 22 objects
[INFO] [ #281465344487712] 2026-06-03 15:16:01  :>>>>processBufferOrEventOptForSQL for loop execution time: 219 microseconds, processed 30 objects
[INFO] [ #281465344487712] 2026-06-03 15:16:01  :>>>>processBufferOrEventOptForSQL for loop execution time: 310 microseconds, processed 30 objects
[INFO] [ #281465344487712] 2026-06-03 15:16:01  :>>>>processBufferOrEventOptForSQL for loop execution time: 98 microseconds, processed 15 objects
[INFO] [ #281465344487712] 2026-06-03 15:16:01  :>>>>processBufferOrEventOptForSQL for loop execution time: 291 microseconds, processed 30 objects
[INFO] [ #281466388869408] 2026-06-03 15:16:01  :>>>>processBufferOrEventOptForSQL for loop execution time: 36 microseconds, processed 30 objects
[INFO] [ #281466388869408] 2026-06-03 15:16:01  :>>>>processBufferOrEventOptForSQL for loop execution time: 378 microseconds, processed 25 objects
[INFO] [ #281466388869408] 2026-06-03 15:16:01  :>>>>processBufferOrEventOptForSQL for loop execution time: 120 microseconds, processed 30 objects
[INFO] [ #281466388869408] 2026-06-03 15:16:01  :>>>>processBufferOrEventOptForSQL for loop execution time: 137 microseconds, processed 2 objects
[INFO] [ #281466388869408] 2026-06-03 15:16:01  :>>>>processBufferOrEventOptForSQL for loop execution time: 60 microseconds, processed 30 objects
[INFO] [ #281466388869408] 2026-06-03 15:16:01  :>>>>processBufferOrEventOptForSQL for loop execution time: 80 microseconds, processed 5 objects
[INFO] [ #281466388869408] 2026-06-03 15:16:01  :>>>>processBufferOrEventOptForSQL for loop execution time: 33 microseconds, processed 30 objects
[INFO] [ #281466388869408] 2026-06-03 15:16:01  :>>>>processBufferOrEventOptForSQL for loop execution time: 67 microseconds, processed 30 objects
[INFO] [ #281466388869408] 2026-06-03 15:16:01  :>>>>processBufferOrEventOptForSQL for loop execution time: 22 microseconds, processed 30 objects
[INFO] [ #281466388869408] 2026-06-03 15:16:01  :>>>>processBufferOrEventOptForSQL for loop execution time: 0 microseconds, processed 1 objects
[INFO] [ #281466388869408] 2026-06-03 15:16:01  :>>>>processBufferOrEventOptForSQL for loop execution time: 40 microseconds, processed 30 objects
[INFO] [ #281466388869408] 2026-06-03 15:16:01  :>>>>processBufferOrEventOptForSQL for loop execution time: 39 microseconds, processed 29 objects
[INFO] [ #281466388869408] 2026-06-03 15:16:01  :>>>>processBufferOrEventOptForSQL for loop execution time: 37 microseconds, processed 24 objects
[INFO] [ #281466388869408] 2026-06-03 15:16:01  :>>>>processBufferOrEventOptForSQL for loop execution time: 9 microseconds, processed 10 objects
[INFO] [ #281466388869408] 2026-06-03 15:16:01  :>>>>processBufferOrEventOptForSQL for loop execution time: 17 microseconds, processed 10 objects
[INFO] [ #281466388869408] 2026-06-03 15:16:01  :>>>>processBufferOrEventOptForSQL for loop execution time: 36 microseconds, processed 20 objects
[INFO] [ #281466388869408] 2026-06-03 15:16:01  :>>>>processBufferOrEventOptForSQL for loop execution time: 22 microseconds, processed 20 objects
[INFO] [ #281465352876320] 2026-06-03 15:16:01  :>>>>processBufferOrEventOptForSQL for loop execution time: 328 microseconds, processed 30 objects
[INFO] [ #281465352876320] 2026-06-03 15:16:01  :>>>>processBufferOrEventOptForSQL for loop execution time: 199 microseconds, processed 26 objects
[INFO] [ #281465352876320] 2026-06-03 15:16:01  :>>>>processBufferOrEventOptForSQL for loop execution time: 287 microseconds, processed 30 objects
[INFO] [ #281465352876320] 2026-06-03 15:16:01  :>>>>processBufferOrEventOptForSQL for loop execution time: 202 microseconds, processed 30 objects
[INFO] [ #281465352876320] 2026-06-03 15:16:01  :>>>>processBufferOrEventOptForSQL for loop execution time: 265 microseconds, processed 30 objects
[INFO] [ #281465352876320] 2026-06-03 15:16:01  :>>>>processBufferOrEventOptForSQL for loop execution time: 148 microseconds, processed 18 objects
[INFO] [ #281465352876320] 2026-06-03 15:16:01  :>>>>processBufferOrEventOptForSQL for loop execution time: 264 microseconds, processed 30 objects
[INFO] [ #281465352876320] 2026-06-03 15:16:01  :>>>>processBufferOrEventOptForSQL for loop execution time: 261 microseconds, processed 30 objects
[INFO] [ #281465352876320] 2026-06-03 15:16:01  :>>>>processBufferOrEventOptForSQL for loop execution time: 299 microseconds, processed 30 objects
[INFO] [ #281465352876320] 2026-06-03 15:16:01  :>>>>processBufferOrEventOptForSQL for loop execution time: 87 microseconds, processed 9 objects
[INFO] [ #281466388869408] 2026-06-03 15:16:01  :>>>>processBufferOrEventOptForSQL for loop execution time: 0 microseconds, processed 1 objects
[INFO] [ #281465352876320] 2026-06-03 15:16:01  :>>>>processBufferOrEventOptForSQL for loop execution time: 245 microseconds, processed 30 objects
[INFO] [ #281465352876320] 2026-06-03 15:16:01  :>>>>processBufferOrEventOptForSQL for loop execution time: 286 microseconds, processed 30 objects
[INFO] [ #281465352876320] 2026-06-03 15:16:01  :>>>>processBufferOrEventOptForSQL for loop execution time: 275 microseconds, processed 30 objects
[INFO] [ #281465352876320] 2026-06-03 15:16:01  :>>>>processBufferOrEventOptForSQL for loop execution time: 263 microseconds, processed 28 objects
[INFO] [ #281465352876320] 2026-06-03 15:16:01  :>>>>processBufferOrEventOptForSQL for loop execution time: 179 microseconds, processed 21 objects
[INFO] [ #281465352876320] 2026-06-03 15:16:01  :>>>>processBufferOrEventOptForSQL for loop execution time: 252 microseconds, processed 15 objects
[INFO] [ #281465352876320] 2026-06-03 15:16:01  :>>>>processBufferOrEventOptForSQL for loop execution time: 363 microseconds, processed 30 objects
[INFO] [ #281465352876320] 2026-06-03 15:16:01  :>>>>processBufferOrEventOptForSQL for loop execution time: 30 microseconds, processed 4 objects
[INFO] [ #281465352876320] 2026-06-03 15:16:01  :>>>>processBufferOrEventOptForSQL for loop execution time: 290 microseconds, processed 30 objects
[INFO] [ #281465352876320] 2026-06-03 15:16:01  :>>>>processBufferOrEventOptForSQL for loop execution time: 201 microseconds, processed 20 objects
[INFO] [ #281465352876320] 2026-06-03 15:16:01  :>>>>processBufferOrEventOptForSQL for loop execution time: 9 microseconds, processed 2 objects
[INFO] [ #281465352876320] 2026-06-03 15:16:01  :>>>>processBufferOrEventOptForSQL for loop execution time: 402 microseconds, processed 30 objects
[INFO] [ #281465352876320] 2026-06-03 15:16:01  :>>>>processBufferOrEventOptForSQL for loop execution time: 276 microseconds, processed 30 objects
[INFO] [ #281465352876320] 2026-06-03 15:16:01  :>>>>processBufferOrEventOptForSQL for loop execution time: 60 microseconds, processed 9 objects
[INFO] [ #281465352876320] 2026-06-03 15:16:01  :>>>>processBufferOrEventOptForSQL for loop execution time: 328 microseconds, processed 30 objects
[INFO] [ #281465352876320] 2026-06-03 15:16:01  :>>>>processBufferOrEventOptForSQL for loop execution time: 312 microseconds, processed 30 objects
[INFO] [ #281465352876320] 2026-06-03 15:16:01  :>>>>processBufferOrEventOptForSQL for loop execution time: 290 microseconds, processed 30 objects
[INFO] [ #281465352876320] 2026-06-03 15:16:01  :>>>>processBufferOrEventOptForSQL for loop execution time: 378 microseconds, processed 30 objects
[INFO] [ #281465344487712] 2026-06-03 15:16:01  :>>>>processBufferOrEventOptForSQL for loop execution time: 42784 microseconds, processed 30 objects
[INFO] [ #281465344487712] 2026-06-03 15:16:01  :>>>>processBufferOrEventOptForSQL for loop execution time: 301 microseconds, processed 30 objects
[INFO] [ #281465344487712] 2026-06-03 15:16:01  :>>>>processBufferOrEventOptForSQL for loop execution time: 279 microseconds, processed 30 objects
[INFO] [ #281465344487712] 2026-06-03 15:16:01  :>>>>processBufferOrEventOptForSQL for loop execution time: 276 microseconds, processed 30 objects
[INFO] [ #281465344487712] 2026-06-03 15:16:01  :>>>>processBufferOrEventOptForSQL for loop execution time: 263 microseconds, processed 30 objects
[INFO] [ #281465344487712] 2026-06-03 15:16:01  :>>>>processBufferOrEventOptForSQL for loop execution time: 72 microseconds, processed 8 objects
[INFO] [ #281465344487712] 2026-06-03 15:16:01  :>>>>processBufferOrEventOptForSQL for loop execution time: 337 microseconds, processed 30 objects
[INFO] [ #281465344487712] 2026-06-03 15:16:01  :>>>>processBufferOrEventOptForSQL for loop execution time: 25 microseconds, processed 2 objects
[INFO] [ #281465344487712] 2026-06-03 15:16:01  :>>>>processBufferOrEventOptForSQL for loop execution time: 291 microseconds, processed 30 objects
[INFO] [ #281465344487712] 2026-06-03 15:16:01  :>>>>processBufferOrEventOptForSQL for loop execution time: 407 microseconds, processed 30 objects
[INFO] [ #281465344487712] 2026-06-03 15:16:01  :>>>>processBufferOrEventOptForSQL for loop execution time: 301 microseconds, processed 30 objects
[INFO] [ #281465344487712] 2026-06-03 15:16:01  :>>>>processBufferOrEventOptForSQL for loop execution time: 56 microseconds, processed 7 objects
[INFO] [ #281465344487712] 2026-06-03 15:16:01  :>>>>processBufferOrEventOptForSQL for loop execution time: 420 microseconds, processed 30 objects
[INFO] [ #281465352876320] 2026-06-03 15:16:01  :>>>>processBufferOrEventOptForSQL for loop execution time: 267 microseconds, processed 30 objects
[INFO] [ #281465352876320] 2026-06-03 15:16:01  :>>>>processBufferOrEventOptForSQL for loop execution time: 197 microseconds, processed 30 objects
[INFO] [ #281465344487712] 2026-06-03 15:16:01  :>>>>processBufferOrEventOptForSQL for loop execution time: 473 microseconds, processed 30 objects
[INFO] [ #281465344487712] 2026-06-03 15:16:01  :>>>>processBufferOrEventOptForSQL for loop execution time: 324 microseconds, processed 30 objects
[INFO] [ #281465344487712] 2026-06-03 15:16:01  :>>>>processBufferOrEventOptForSQL for loop execution time: 731 microseconds, processed 30 objects
[INFO] [ #281465344487712] 2026-06-03 15:16:01  :>>>>processBufferOrEventOptForSQL for loop execution time: 358 microseconds, processed 16 objects
[INFO] [ #281465344487712] 2026-06-03 15:16:01  :>>>>processBufferOrEventOptForSQL for loop execution time: 217 microseconds, processed 23 objects
[INFO] [ #281465344487712] 2026-06-03 15:16:01  :>>>>processBufferOrEventOptForSQL for loop execution time: 757 microseconds, processed 30 objects
[INFO] [ #281465732067616] 2026-06-03 15:16:01  :>>>>processBufferOrEventOptForSQL for loop execution time: 619 microseconds, processed 30 objects
[INFO] [ #281465732067616] 2026-06-03 15:16:01  :>>>>processBufferOrEventOptForSQL for loop execution time: 8 microseconds, processed 1 objects
[INFO] [ #281465732067616] 2026-06-03 15:16:01  :>>>>processBufferOrEventOptForSQL for loop execution time: 365 microseconds, processed 30 objects
[INFO] [ #281465732067616] 2026-06-03 15:16:01  :>>>>processBufferOrEventOptForSQL for loop execution time: 51 microseconds, processed 30 objects
[INFO] [ #281465732067616] 2026-06-03 15:16:01  :>>>>processBufferOrEventOptForSQL for loop execution time: 493 microseconds, processed 30 objects
[INFO] [ #281465732067616] 2026-06-03 15:16:01  :>>>>processBufferOrEventOptForSQL for loop execution time: 34 microseconds, processed 30 objects
[INFO] [ #281465732067616] 2026-06-03 15:16:01  :>>>>processBufferOrEventOptForSQL for loop execution time: 336 microseconds, processed 30 objects
[INFO] [ #281465732067616] 2026-06-03 15:16:01  :>>>>processBufferOrEventOptForSQL for loop execution time: 48 microseconds, processed 30 objects
[INFO] [ #281465732067616] 2026-06-03 15:16:01  :>>>>processBufferOrEventOptForSQL for loop execution time: 354 microseconds, processed 30 objects
[INFO] [ #281465732067616] 2026-06-03 15:16:01  :>>>>processBufferOrEventOptForSQL for loop execution time: 6 microseconds, processed 3 objects
[INFO] [ #281465732067616] 2026-06-03 15:16:01  :>>>>processBufferOrEventOptForSQL for loop execution time: 397 microseconds, processed 30 objects
[INFO] [ #281465732067616] 2026-06-03 15:16:01  :>>>>processBufferOrEventOptForSQL for loop execution time: 0 microseconds, processed 1 objects
[INFO] [ #281465732067616] 2026-06-03 15:16:01  :>>>>processBufferOrEventOptForSQL for loop execution time: 417 microseconds, processed 30 objects
[INFO] [ #281465732067616] 2026-06-03 15:16:01  :>>>>processBufferOrEventOptForSQL for loop execution time: 32 microseconds, processed 29 objects
[INFO] [ #281465732067616] 2026-06-03 15:16:01  :>>>>processBufferOrEventOptForSQL for loop execution time: 768 microseconds, processed 30 objects
[INFO] [ #281465732067616] 2026-06-03 15:16:01  :>>>>processBufferOrEventOptForSQL for loop execution time: 27 microseconds, processed 30 objects
[INFO] [ #281465732067616] 2026-06-03 15:16:01  :>>>>processBufferOrEventOptForSQL for loop execution time: 11354 microseconds, processed 30 objects
[INFO] [ #281465732067616] 2026-06-03 15:16:01  :>>>>processBufferOrEventOptForSQL for loop execution time: 35 microseconds, processed 23 objects
[INFO] [ #281465732067616] 2026-06-03 15:16:01  :>>>>processBufferOrEventOptForSQL for loop execution time: 3094 microseconds, processed 29 objects
[INFO] [ #281465732067616] 2026-06-03 15:16:01  :>>>>processBufferOrEventOptForSQL for loop execution time: 57 microseconds, processed 30 objects
[INFO] [ #281465732067616] 2026-06-03 15:16:01  :>>>>processBufferOrEventOptForSQL for loop execution time: 43 microseconds, processed 1 objects
[INFO] [ #281465732067616] 2026-06-03 15:16:01  :>>>>processBufferOrEventOptForSQL for loop execution time: 6 microseconds, processed 5 objects
[INFO] [ #281465732067616] 2026-06-03 15:16:01  :>>>>processBufferOrEventOptForSQL for loop execution time: 24 microseconds, processed 2 objects
[INFO] [ #281465732067616] 2026-06-03 15:16:01  :>>>>processBufferOrEventOptForSQL for loop execution time: 11 microseconds, processed 18 objects
[INFO] [ #281465732067616] 2026-06-03 15:16:01  :>>>>processBufferOrEventOptForSQL for loop execution time: 2582 microseconds, processed 28 objects
[INFO] [ #281465732067616] 2026-06-03 15:16:01  :>>>>processBufferOrEventOptForSQL for loop execution time: 17 microseconds, processed 24 objects
[INFO] [ #281465732067616] 2026-06-03 15:16:01  :>>>>processBufferOrEventOptForSQL for loop execution time: 20 microseconds, processed 1 objects
[INFO] [ #281465732067616] 2026-06-03 15:16:01  :>>>>processBufferOrEventOptForSQL for loop execution time: 14 microseconds, processed 7 objects
[INFO] [ #281465732067616] 2026-06-03 15:16:01  :>>>>processBufferOrEventOptForSQL for loop execution time: 643 microseconds, processed 30 objects
[INFO] [ #281465732067616] 2026-06-03 15:16:01  :>>>>processBufferOrEventOptForSQL for loop execution time: 29 microseconds, processed 22 objects
[INFO] [ #281465732067616] 2026-06-03 15:16:01  :>>>>processBufferOrEventOptForSQL for loop execution time: 162 microseconds, processed 30 objects
[INFO] [ #281465732067616] 2026-06-03 15:16:01  :>>>>processBufferOrEventOptForSQL for loop execution time: 27 microseconds, processed 25 objects
[INFO] [ #281465732067616] 2026-06-03 15:16:01  :>>>>processBufferOrEventOptForSQL for loop execution time: 1167 microseconds, processed 30 objects
[INFO] [ #281465732067616] 2026-06-03 15:16:01  :>>>>processBufferOrEventOptForSQL for loop execution time: 42 microseconds, processed 30 objects
[INFO] [ #281465732067616] 2026-06-03 15:16:01  :>>>>processBufferOrEventOptForSQL for loop execution time: 487 microseconds, processed 29 objects
[INFO] [ #281465732067616] 2026-06-03 15:16:01  :>>>>processBufferOrEventOptForSQL for loop execution time: 24 microseconds, processed 26 objects
[INFO] [ #281465732067616] 2026-06-03 15:16:01  :>>>>processBufferOrEventOptForSQL for loop execution time: 296 microseconds, processed 25 objects
[INFO] [ #281465732067616] 2026-06-03 15:16:01  :>>>>processBufferOrEventOptForSQL for loop execution time: 38 microseconds, processed 27 objects
[INFO] [ #281465732067616] 2026-06-03 15:16:01  :>>>>processBufferOrEventOptForSQL for loop execution time: 3145 microseconds, processed 30 objects
[INFO] [ #281466388869408] 2026-06-03 15:16:01  :>>>>processBufferOrEventOptForSQL for loop execution time: 333 microseconds, processed 30 objects
[INFO] [ #281466388869408] 2026-06-03 15:16:01  :>>>>processBufferOrEventOptForSQL for loop execution time: 8 microseconds, processed 6 objects
[INFO] [ #281466388869408] 2026-06-03 15:16:01  :>>>>processBufferOrEventOptForSQL for loop execution time: 250 microseconds, processed 30 objects
[INFO] [ #281466388869408] 2026-06-03 15:16:01  :>>>>processBufferOrEventOptForSQL for loop execution time: 27 microseconds, processed 30 objects
[INFO] [ #281466388869408] 2026-06-03 15:16:01  :>>>>processBufferOrEventOptForSQL for loop execution time: 294 microseconds, processed 30 objects
[INFO] [ #281466388869408] 2026-06-03 15:16:01  :>>>>processBufferOrEventOptForSQL for loop execution time: 33 microseconds, processed 30 objects
[INFO] [ #281466388869408] 2026-06-03 15:16:01  :>>>>processBufferOrEventOptForSQL for loop execution time: 288 microseconds, processed 26 objects
[INFO] [ #281466388869408] 2026-06-03 15:16:01  :>>>>processBufferOrEventOptForSQL for loop execution time: 23 microseconds, processed 28 objects
[INFO] [ #281466388869408] 2026-06-03 15:16:01  :>>>>processBufferOrEventOptForSQL for loop execution time: 190 microseconds, processed 30 objects
[INFO] [ #281466388869408] 2026-06-03 15:16:01  :>>>>processBufferOrEventOptForSQL for loop execution time: 14 microseconds, processed 23 objects
[INFO] [ #281466388869408] 2026-06-03 15:16:01  :>>>>processBufferOrEventOptForSQL for loop execution time: 0 microseconds, processed 1 objects
[INFO] [ #281466388869408] 2026-06-03 15:16:01  :>>>>processBufferOrEventOptForSQL for loop execution time: 35 microseconds, processed 30 objects
[INFO] [ #281466388869408] 2026-06-03 15:16:01  :>>>>processBufferOrEventOptForSQL for loop execution time: 323 microseconds, processed 30 objects
[INFO] [ #281466388869408] 2026-06-03 15:16:01  :>>>>processBufferOrEventOptForSQL for loop execution time: 43 microseconds, processed 21 objects
[INFO] [ #281466388869408] 2026-06-03 15:16:01  :>>>>processBufferOrEventOptForSQL for loop execution time: 115 microseconds, processed 14 objects
[INFO] [ #281466388869408] 2026-06-03 15:16:01  :>>>>processBufferOrEventOptForSQL for loop execution time: 5 microseconds, processed 7 objects
[INFO] [ #281466388869408] 2026-06-03 15:16:01  :>>>>processBufferOrEventOptForSQL for loop execution time: 247 microseconds, processed 30 objects
[INFO] [ #281466388869408] 2026-06-03 15:16:01  :>>>>processBufferOrEventOptForSQL for loop execution time: 37 microseconds, processed 23 objects
[INFO] [ #281466388869408] 2026-06-03 15:16:01  :>>>>processBufferOrEventOptForSQL for loop execution time: 294 microseconds, processed 30 objects
[INFO] [ #281466388869408] 2026-06-03 15:16:01  :>>>>processBufferOrEventOptForSQL for loop execution time: 301 microseconds, processed 30 objects
[INFO] [ #281466388869408] 2026-06-03 15:16:01  :>>>>processBufferOrEventOptForSQL for loop execution time: 300 microseconds, processed 30 objects
[INFO] [ #281466388869408] 2026-06-03 15:16:01  :>>>>processBufferOrEventOptForSQL for loop execution time: 219 microseconds, processed 30 objects
[INFO] [ #281466388869408] 2026-06-03 15:16:01  :>>>>processBufferOrEventOptForSQL for loop execution time: 477 microseconds, processed 30 objects
[INFO] [ #281466388869408] 2026-06-03 15:16:01  :>>>>processBufferOrEventOptForSQL for loop execution time: 492 microseconds, processed 30 objects
[INFO] [ #281466388869408] 2026-06-03 15:16:01  :>>>>processBufferOrEventOptForSQL for loop execution time: 277 microseconds, processed 30 objects
[INFO] [ #281466388869408] 2026-06-03 15:16:01  :>>>>processBufferOrEventOptForSQL for loop execution time: 348 microseconds, processed 30 objects
[INFO] [ #281466388869408] 2026-06-03 15:16:01  :>>>>processBufferOrEventOptForSQL for loop execution time: 355 microseconds, processed 30 objects
[INFO] [ #281466388869408] 2026-06-03 15:16:01  :>>>>processBufferOrEventOptForSQL for loop execution time: 1397 microseconds, processed 30 objects
[INFO] [ #281466388869408] 2026-06-03 15:16:01  :>>>>processBufferOrEventOptForSQL for loop execution time: 318 microseconds, processed 30 objects
[INFO] [ #281466388869408] 2026-06-03 15:16:01  :>>>>processBufferOrEventOptForSQL for loop execution time: 556 microseconds, processed 30 objects
[INFO] [ #281466388869408] 2026-06-03 15:16:01  :>>>>processBufferOrEventOptForSQL for loop execution time: 399 microseconds, processed 30 objects
[INFO] [ #281466388869408] 2026-06-03 15:16:01  :>>>>processBufferOrEventOptForSQL for loop execution time: 336 microseconds, processed 30 objects
[INFO] [ #281466388869408] 2026-06-03 15:16:01  :>>>>processBufferOrEventOptForSQL for loop execution time: 411 microseconds, processed 30 objects
[INFO] [ #281466388869408] 2026-06-03 15:16:01  :>>>>processBufferOrEventOptForSQL for loop execution time: 266 microseconds, processed 30 objects
[INFO] [ #281466388869408] 2026-06-03 15:16:01  :>>>>processBufferOrEventOptForSQL for loop execution time: 267 microseconds, processed 30 objects
[INFO] [ #281466388869408] 2026-06-03 15:16:01  :>>>>processBufferOrEventOptForSQL for loop execution time: 282 microseconds, processed 30 objects
[INFO] [ #281466388869408] 2026-06-03 15:16:01  :>>>>processBufferOrEventOptForSQL for loop execution time: 4326 microseconds, processed 30 objects
[INFO] [ #281466388869408] 2026-06-03 15:16:01  :>>>>processBufferOrEventOptForSQL for loop execution time: 159 microseconds, processed 12 objects
[INFO] [ #281466388869408] 2026-06-03 15:16:01  :>>>>processBufferOrEventOptForSQL for loop execution time: 399 microseconds, processed 30 objects
[INFO] [ #281466388869408] 2026-06-03 15:16:01  :>>>>processBufferOrEventOptForSQL for loop execution time: 395 microseconds, processed 30 objects
[INFO] [ #281466388869408] 2026-06-03 15:16:01  :>>>>processBufferOrEventOptForSQL for loop execution time: 363 microseconds, processed 30 objects
[INFO] [ #281465352876320] 2026-06-03 15:16:01  :>>>>processBufferOrEventOptForSQL for loop execution time: 305 microseconds, processed 29 objects
[INFO] [ #281465352876320] 2026-06-03 15:16:01  :>>>>processBufferOrEventOptForSQL for loop execution time: 199 microseconds, processed 21 objects
[INFO] [ #281466388869408] 2026-06-03 15:16:01  :>>>>processBufferOrEventOptForSQL for loop execution time: 1455 microseconds, processed 30 objects
[INFO] [ #281465352876320] 2026-06-03 15:16:01  :>>>>processBufferOrEventOptForSQL for loop execution time: 289 microseconds, processed 30 objects
[INFO] [ #281466388869408] 2026-06-03 15:16:01  :>>>>processBufferOrEventOptForSQL for loop execution time: 281 microseconds, processed 30 objects
[INFO] [ #281465352876320] 2026-06-03 15:16:01  :>>>>processBufferOrEventOptForSQL for loop execution time: 170 microseconds, processed 15 objects
[INFO] [ #281465352876320] 2026-06-03 15:16:01  :>>>>processBufferOrEventOptForSQL for loop execution time: 63 microseconds, processed 5 objects
[INFO] [ #281465352876320] 2026-06-03 15:16:01  :>>>>processBufferOrEventOptForSQL for loop execution time: 240 microseconds, processed 30 objects
[INFO] [ #281465352876320] 2026-06-03 15:16:01  :>>>>processBufferOrEventOptForSQL for loop execution time: 166 microseconds, processed 30 objects
[INFO] [ #281465352876320] 2026-06-03 15:16:01  :>>>>processBufferOrEventOptForSQL for loop execution time: 68 microseconds, processed 10 objects
[INFO] [ #281466388869408] 2026-06-03 15:16:01  :>>>>processBufferOrEventOptForSQL for loop execution time: 707 microseconds, processed 30 objects
[INFO] [ #281465352876320] 2026-06-03 15:16:01  :>>>>processBufferOrEventOptForSQL for loop execution time: 73 microseconds, processed 1 objects
[INFO] [ #281466388869408] 2026-06-03 15:16:01  :>>>>processBufferOrEventOptForSQL for loop execution time: 254 microseconds, processed 30 objects
[INFO] [ #281466388869408] 2026-06-03 15:16:01  :>>>>processBufferOrEventOptForSQL for loop execution time: 430 microseconds, processed 30 objects
[INFO] [ #281466388869408] 2026-06-03 15:16:01  :>>>>processBufferOrEventOptForSQL for loop execution time: 189 microseconds, processed 21 objects
[INFO] [ #281466388869408] 2026-06-03 15:16:01  :>>>>processBufferOrEventOptForSQL for loop execution time: 195 microseconds, processed 15 objects
[INFO] [ #281466388869408] 2026-06-03 15:16:01  :>>>>processBufferOrEventOptForSQL for loop execution time: 295 microseconds, processed 30 objects
[INFO] [ #281465732067616] 2026-06-03 15:16:01  :>>>>processBufferOrEventOptForSQL for loop execution time: 35330 microseconds, processed 30 objects
[INFO] [ #281465732067616] 2026-06-03 15:16:01  :>>>>processBufferOrEventOptForSQL for loop execution time: 738 microseconds, processed 30 objects
[INFO] [ #281465732067616] 2026-06-03 15:16:01  :>>>>processBufferOrEventOptForSQL for loop execution time: 377 microseconds, processed 30 objects
[INFO] [ #281465732067616] 2026-06-03 15:16:01  :>>>>processBufferOrEventOptForSQL for loop execution time: 317 microseconds, processed 30 objects
[INFO] [ #281465732067616] 2026-06-03 15:16:01  :>>>>processBufferOrEventOptForSQL for loop execution time: 450 microseconds, processed 30 objects
[INFO] [ #281465732067616] 2026-06-03 15:16:01  :>>>>processBufferOrEventOptForSQL for loop execution time: 555 microseconds, processed 30 objects
[INFO] [ #281465732067616] 2026-06-03 15:16:01  :>>>>processBufferOrEventOptForSQL for loop execution time: 192 microseconds, processed 10 objects
[INFO] [ #281465732067616] 2026-06-03 15:16:01  :>>>>processBufferOrEventOptForSQL for loop execution time: 759 microseconds, processed 30 objects
[INFO] [ #281465732067616] 2026-06-03 15:16:01  :>>>>processBufferOrEventOptForSQL for loop execution time: 446 microseconds, processed 30 objects
[INFO] [ #281465732067616] 2026-06-03 15:16:01  :>>>>processBufferOrEventOptForSQL for loop execution time: 261 microseconds, processed 30 objects
[INFO] [ #281465732067616] 2026-06-03 15:16:01  :>>>>processBufferOrEventOptForSQL for loop execution time: 478 microseconds, processed 30 objects
[INFO] [ #281465732067616] 2026-06-03 15:16:01  :>>>>processBufferOrEventOptForSQL for loop execution time: 434 microseconds, processed 30 objects
[INFO] [ #281465732067616] 2026-06-03 15:16:01  :>>>>processBufferOrEventOptForSQL for loop execution time: 512 microseconds, processed 30 objects
[INFO] [ #281465732067616] 2026-06-03 15:16:01  :>>>>processBufferOrEventOptForSQL for loop execution time: 217 microseconds, processed 30 objects
[INFO] [ #281465732067616] 2026-06-03 15:16:01  :>>>>processBufferOrEventOptForSQL for loop execution time: 19871 microseconds, processed 30 objects
[INFO] [ #281465732067616] 2026-06-03 15:16:01  :>>>>processBufferOrEventOptForSQL for loop execution time: 1019 microseconds, processed 30 objects
[INFO] [ #281465732067616] 2026-06-03 15:16:01  :>>>>processBufferOrEventOptForSQL for loop execution time: 448 microseconds, processed 30 objects
[INFO] [ #281465732067616] 2026-06-03 15:16:01  :>>>>processBufferOrEventOptForSQL for loop execution time: 563 microseconds, processed 30 objects
[INFO] [ #281465732067616] 2026-06-03 15:16:01  :>>>>processBufferOrEventOptForSQL for loop execution time: 254 microseconds, processed 30 objects
[INFO] [ #281465732067616] 2026-06-03 15:16:01  :>>>>processBufferOrEventOptForSQL for loop execution time: 412 microseconds, processed 30 objects
[INFO] [ #281465732067616] 2026-06-03 15:16:01  :>>>>processBufferOrEventOptForSQL for loop execution time: 3510 microseconds, processed 30 objects
[INFO] [ #281465732067616] 2026-06-03 15:16:01  :>>>>processBufferOrEventOptForSQL for loop execution time: 332 microseconds, processed 30 objects
[INFO] [ #281465732067616] 2026-06-03 15:16:01  :>>>>processBufferOrEventOptForSQL for loop execution time: 679 microseconds, processed 30 objects
[INFO] [ #281465732067616] 2026-06-03 15:16:01  :>>>>processBufferOrEventOptForSQL for loop execution time: 379 microseconds, processed 29 objects
[INFO] [ #281464058081568] 2026-06-03 15:16:01  :>>>>processBufferOrEventOptForSQL for loop execution time: 2 microseconds, processed 8 objects
[INFO] [ #281464534987040] 2026-06-03 15:20:21  :>>>>processBufferOrEventOptForSQL for loop execution time: 9 microseconds, processed 1 objects
[INFO] [ #281464534987040] 2026-06-03 15:20:21  :>>>>PipelinedSubpartition is blocked when pollBuffer, event data type: ObjectBufferDataType{isBuffer=false, isEvent=true, isBlockingUpstream=true, hasPriority=false, requiresAnnouncement=false}, subpartitionInfo: {"@class":"org.apache.flink.runtime.checkpoint.channel.ResultSubpartitionInfo","partitionIdx":0,"subPartitionIdx":3}
[INFO] [ #281464534987040] 2026-06-03 15:20:21  :>>>>CheckpointedInputGate::PollNext() is event
[INFO] [ #281464534987040] 2026-06-03 15:20:21  :>>>>Start to handle event, eventClassName: CheckpointBarrier
[INFO] [ #281464534987040] 2026-06-03 15:20:21  :>>>>CheckpointedInputGate::HandleEvent is CheckpointBarrier
[INFO] [ #281464534987040] 2026-06-03 15:20:21  :>>>>PerformCheckpoint - START, checkpointId=1, task=GroupAggregate(groupBy=[category], select=[category, AVG_RETRACT(final) AS EXPR$1]) -> Sink: nexmark_q4[17]
[INFO] [ #281464534987040] 2026-06-03 15:20:21  :>>>>PerformCheckpoint - calling subtaskCheckpointCoordinator->checkpointState, checkpointId=1
[INFO] [ #281464534987040] 2026-06-03 15:20:21  :>>>>savepoint: OperatorChainV2::CheckpointStreamOperator op type=12SinkOperator
[INFO] [ #281464534987040] 2026-06-03 15:20:21  :>>>>savepoint: OperatorChainV2::CheckpointStreamOperator StreamOperator::SnapshotState
[INFO] [ #281464534987040] 2026-06-03 15:20:21  :>>>>savepoint: OperatorChainV2::CheckpointStreamOperator op type=20KeyedProcessOperatorIP7RowDataS1_S1_E
[INFO] [ #281464534987040] 2026-06-03 15:20:21  :>>>>savepoint: StreamOperatorStateHandler::snapshotState streamOperator type=20KeyedProcessOperatorIP7RowDataS1_S1_E
[INFO] [ #281464534987040] 2026-06-03 15:20:21  :>>>>PerformCheckpoint - checkpointState completed, checkpointId=1
[INFO] [ #281464534987040] 2026-06-03 15:20:21  :>>>>PipelinedSubpartition isBlocked = false
[INFO] [ #281464534987040] 2026-06-03 15:20:21  :>>>>PipelinedSubpartition isBlocked = false
Complete future complete!
[INFO] [ #281464534987040] 2026-06-03 15:20:21  :>>>>CheckpointedInputGate::HandleEvent finish ProcessBarrier
[INFO] [ #281464534987040] 2026-06-03 15:20:21  :>>>>Finish to handle event, eventClassName: CheckpointBarrier
[INFO] [ #281464534987040] 2026-06-03 15:20:21  :>>>>processBufferOrEventOptForSQL for loop execution time: 942 microseconds, processed 30 objects
[INFO] [ #281464534987040] 2026-06-03 15:20:21  :>>>>processBufferOrEventOptForSQL for loop execution time: 581 microseconds, processed 30 objects
[INFO] [ #281464534987040] 2026-06-03 15:20:21  :>>>>processBufferOrEventOptForSQL for loop execution time: 591 microseconds, processed 30 objects
[INFO] [ #281464534987040] 2026-06-03 15:20:21  :>>>>processBufferOrEventOptForSQL for loop execution time: 586 microseconds, processed 30 objects
[INFO] [ #281464534987040] 2026-06-03 15:20:21  :>>>>processBufferOrEventOptForSQL for loop execution time: 599 microseconds, processed 30 objects
[INFO] [ #281464534987040] 2026-06-03 15:20:21  :>>>>processBufferOrEventOptForSQL for loop execution time: 574 microseconds, processed 30 objects
[INFO] [ #281464534987040] 2026-06-03 15:20:21  :>>>>processBufferOrEventOptForSQL for loop execution time: 591 microseconds, processed 30 objects
[INFO] [ #281464534987040] 2026-06-03 15:20:21  :>>>>processBufferOrEventOptForSQL for loop execution time: 626 microseconds, processed 30 objects
[INFO] [ #281464534987040] 2026-06-03 15:20:21  :>>>>processBufferOrEventOptForSQL for loop execution time: 641 microseconds, processed 30 objects
[INFO] [ #281464534987040] 2026-06-03 15:20:21  :>>>>processBufferOrEventOptForSQL for loop execution time: 640 microseconds, processed 30 objects
[INFO] [ #281464534987040] 2026-06-03 15:20:21  :>>>>processBufferOrEventOptForSQL for loop execution time: 639 microseconds, processed 30 objects
[INFO] [ #281464534987040] 2026-06-03 15:20:21  :>>>>processBufferOrEventOptForSQL for loop execution time: 649 microseconds, processed 30 objects
[INFO] [ #281464534987040] 2026-06-03 15:20:21  :>>>>processBufferOrEventOptForSQL for loop execution time: 628 microseconds, processed 30 objects
Complete future complete!
[INFO] [ #281464534987040] 2026-06-03 15:20:21  :>>>>processBufferOrEventOptForSQL for loop execution time: 544 microseconds, processed 30 objects
[INFO] [ #281464534987040] 2026-06-03 15:20:21  :>>>>processBufferOrEventOptForSQL for loop execution time: 454 microseconds, processed 30 objects
[INFO] [ #281464534987040] 2026-06-03 15:20:21  :>>>>processBufferOrEventOptForSQL for loop execution time: 463 microseconds, processed 30 objects
[INFO] [ #281464534987040] 2026-06-03 15:20:21  :>>>>processBufferOrEventOptForSQL for loop execution time: 446 microseconds, processed 30 objects
[INFO] [ #281465344487712] 2026-06-03 15:20:21  :>>>>processBufferOrEventOptForSQL for loop execution time: 260288040 microseconds, processed 14 objects
[INFO] [ #281465344487712] 2026-06-03 15:20:21  :>>>>processBufferOrEventOptForSQL for loop execution time: 423 microseconds, processed 30 objects
[INFO] [ #281465344487712] 2026-06-03 15:20:21  :>>>>processBufferOrEventOptForSQL for loop execution time: 282 microseconds, processed 30 objects
[INFO] [ #281465344487712] 2026-06-03 15:20:21  :>>>>processBufferOrEventOptForSQL for loop execution time: 86 microseconds, processed 9 objects
[INFO] [ #281465344487712] 2026-06-03 15:20:21  :>>>>processBufferOrEventOptForSQL for loop execution time: 281 microseconds, processed 28 objects
[INFO] [ #281465344487712] 2026-06-03 15:20:21  :>>>>processBufferOrEventOptForSQL for loop execution time: 173 microseconds, processed 30 objects
[INFO] [ #281465344487712] 2026-06-03 15:20:21  :>>>>processBufferOrEventOptForSQL for loop execution time: 362 microseconds, processed 30 objects
[INFO] [ #281465344487712] 2026-06-03 15:20:21  :>>>>processBufferOrEventOptForSQL for loop execution time: 124 microseconds, processed 28 objects
[INFO] [ #281465344487712] 2026-06-03 15:20:21  :>>>>processBufferOrEventOptForSQL for loop execution time: 156 microseconds, processed 30 objects
[INFO] [ #281465344487712] 2026-06-03 15:20:21  :>>>>processBufferOrEventOptForSQL for loop execution time: 302 microseconds, processed 30 objects
[INFO] [ #281465344487712] 2026-06-03 15:20:21  :>>>>processBufferOrEventOptForSQL for loop execution time: 206 microseconds, processed 30 objects
[INFO] [ #281465344487712] 2026-06-03 15:20:21  :>>>>processBufferOrEventOptForSQL for loop execution time: 54 microseconds, processed 21 objects
[INFO] [ #281465344487712] 2026-06-03 15:20:21  :>>>>processBufferOrEventOptForSQL for loop execution time: 19 microseconds, processed 2 objects
[INFO] [ #281465344487712] 2026-06-03 15:20:21  :>>>>processBufferOrEventOptForSQL for loop execution time: 104 microseconds, processed 20 objects
[INFO] [ #281465344487712] 2026-06-03 15:20:21  :>>>>processBufferOrEventOptForSQL for loop execution time: 153 microseconds, processed 30 objects
[INFO] [ #281465344487712] 2026-06-03 15:20:21  :>>>>processBufferOrEventOptForSQL for loop execution time: 254 microseconds, processed 30 objects
[INFO] [ #281465344487712] 2026-06-03 15:20:21  :>>>>processBufferOrEventOptForSQL for loop execution time: 234 microseconds, processed 30 objects
[INFO] [ #281465344487712] 2026-06-03 15:20:21  :>>>>processBufferOrEventOptForSQL for loop execution time: 133 microseconds, processed 30 objects
[INFO] [ #281465344487712] 2026-06-03 15:20:21  :>>>>processBufferOrEventOptForSQL for loop execution time: 196 microseconds, processed 30 objects
[INFO] [ #281465344487712] 2026-06-03 15:20:21  :>>>>processBufferOrEventOptForSQL for loop execution time: 206 microseconds, processed 30 objects
[INFO] [ #281465344487712] 2026-06-03 15:20:21  :>>>>processBufferOrEventOptForSQL for loop execution time: 212 microseconds, processed 30 objects
[INFO] [ #281465344487712] 2026-06-03 15:20:21  :>>>>processBufferOrEventOptForSQL for loop execution time: 77 microseconds, processed 10 objects
[INFO] [ #281465344487712] 2026-06-03 15:20:21  :>>>>processBufferOrEventOptForSQL for loop execution time: 237 microseconds, processed 30 objects
[INFO] [ #281465344487712] 2026-06-03 15:20:21  :>>>>processBufferOrEventOptForSQL for loop execution time: 149 microseconds, processed 30 objects
[INFO] [ #281465344487712] 2026-06-03 15:20:21  :>>>>processBufferOrEventOptForSQL for loop execution time: 206 microseconds, processed 30 objects
[INFO] [ #281465344487712] 2026-06-03 15:20:21  :>>>>processBufferOrEventOptForSQL for loop execution time: 294 microseconds, processed 28 objects
[INFO] [ #281465344487712] 2026-06-03 15:20:21  :>>>>processBufferOrEventOptForSQL for loop execution time: 75 microseconds, processed 30 objects
[INFO] [ #281465344487712] 2026-06-03 15:20:21  :>>>>processBufferOrEventOptForSQL for loop execution time: 224 microseconds, processed 30 objects
[INFO] [ #281465344487712] 2026-06-03 15:20:21  :>>>>processBufferOrEventOptForSQL for loop execution time: 18 microseconds, processed 30 objects
[INFO] [ #281465344487712] 2026-06-03 15:20:21  :>>>>processBufferOrEventOptForSQL for loop execution time: 79 microseconds, processed 30 objects
[INFO] [ #281465344487712] 2026-06-03 15:20:21  :>>>>processBufferOrEventOptForSQL for loop execution time: 145 microseconds, processed 30 objects
[INFO] [ #281465344487712] 2026-06-03 15:20:21  :>>>>processBufferOrEventOptForSQL for loop execution time: 177 microseconds, processed 30 objects
[INFO] [ #281465344487712] 2026-06-03 15:20:21  :>>>>processBufferOrEventOptForSQL for loop execution time: 175 microseconds, processed 30 objects
[INFO] [ #281465344487712] 2026-06-03 15:20:21  :>>>>processBufferOrEventOptForSQL for loop execution time: 17 microseconds, processed 2 objects
[INFO] [ #281465352876320] 2026-06-03 15:20:21  :>>>>processBufferOrEventOptForSQL for loop execution time: 260245724 microseconds, processed 30 objects
[INFO] [ #281465344487712] 2026-06-03 15:20:21  :>>>>processBufferOrEventOptForSQL for loop execution time: 151 microseconds, processed 30 objects
[INFO] [ #281465352876320] 2026-06-03 15:20:21  :>>>>processBufferOrEventOptForSQL for loop execution time: 98 microseconds, processed 6 objects
[INFO] [ #281465344487712] 2026-06-03 15:20:21  :>>>>processBufferOrEventOptForSQL for loop execution time: 274 microseconds, processed 30 objects
[INFO] [ #281465344487712] 2026-06-03 15:20:21  :>>>>processBufferOrEventOptForSQL for loop execution time: 26 microseconds, processed 30 objects
[INFO] [ #281465344487712] 2026-06-03 15:20:21  :>>>>processBufferOrEventOptForSQL for loop execution time: 41 microseconds, processed 30 objects
[INFO] [ #281465344487712] 2026-06-03 15:20:21  :>>>>processBufferOrEventOptForSQL for loop execution time: 98 microseconds, processed 30 objects
[INFO] [ #281465352876320] 2026-06-03 15:20:21  :>>>>processBufferOrEventOptForSQL for loop execution time: 491 microseconds, processed 30 objects
[INFO] [ #281465352876320] 2026-06-03 15:20:21  :>>>>processBufferOrEventOptForSQL for loop execution time: 120 microseconds, processed 30 objects
[INFO] [ #281465344487712] 2026-06-03 15:20:21  :>>>>processBufferOrEventOptForSQL for loop execution time: 254 microseconds, processed 30 objects
[INFO] [ #281465344487712] 2026-06-03 15:20:21  :>>>>processBufferOrEventOptForSQL for loop execution time: 0 microseconds, processed 2 objects
[INFO] [ #281465344487712] 2026-06-03 15:20:21  :>>>>processBufferOrEventOptForSQL for loop execution time: 125 microseconds, processed 30 objects
[INFO] [ #281465344487712] 2026-06-03 15:20:21  :>>>>processBufferOrEventOptForSQL for loop execution time: 46 microseconds, processed 18 objects
[INFO] [ #281465352876320] 2026-06-03 15:20:21  :>>>>processBufferOrEventOptForSQL for loop execution time: 252 microseconds, processed 30 objects
[INFO] [ #281465352876320] 2026-06-03 15:20:21  :>>>>processBufferOrEventOptForSQL for loop execution time: 117 microseconds, processed 30 objects
[INFO] [ #281465344487712] 2026-06-03 15:20:21  :>>>>processBufferOrEventOptForSQL for loop execution time: 200 microseconds, processed 30 objects
[INFO] [ #281465344487712] 2026-06-03 15:20:21  :>>>>processBufferOrEventOptForSQL for loop execution time: 0 microseconds, processed 2 objects
[INFO] [ #281465352876320] 2026-06-03 15:20:21  :>>>>processBufferOrEventOptForSQL for loop execution time: 191 microseconds, processed 30 objects
[INFO] [ #281465352876320] 2026-06-03 15:20:21  :>>>>processBufferOrEventOptForSQL for loop execution time: 243 microseconds, processed 30 objects
[INFO] [ #281465352876320] 2026-06-03 15:20:21  :>>>>processBufferOrEventOptForSQL for loop execution time: 94 microseconds, processed 25 objects
[INFO] [ #281465352876320] 2026-06-03 15:20:21  :>>>>processBufferOrEventOptForSQL for loop execution time: 71 microseconds, processed 24 objects
[INFO] [ #281465352876320] 2026-06-03 15:20:21  :>>>>processBufferOrEventOptForSQL for loop execution time: 186 microseconds, processed 30 objects
[INFO] [ #281465352876320] 2026-06-03 15:20:21  :>>>>processBufferOrEventOptForSQL for loop execution time: 48 microseconds, processed 5 objects
[INFO] [ #281465352876320] 2026-06-03 15:20:21  :>>>>processBufferOrEventOptForSQL for loop execution time: 229 microseconds, processed 30 objects
[INFO] [ #281465352876320] 2026-06-03 15:20:21  :>>>>processBufferOrEventOptForSQL for loop execution time: 203 microseconds, processed 30 objects
[INFO] [ #281465352876320] 2026-06-03 15:20:21  :>>>>processBufferOrEventOptForSQL for loop execution time: 251 microseconds, processed 30 objects
[INFO] [ #281465352876320] 2026-06-03 15:20:21  :>>>>processBufferOrEventOptForSQL for loop execution time: 193 microseconds, processed 22 objects
[INFO] [ #281465352876320] 2026-06-03 15:20:21  :>>>>processBufferOrEventOptForSQL for loop execution time: 301 microseconds, processed 30 objects
[INFO] [ #281465352876320] 2026-06-03 15:20:21  :>>>>processBufferOrEventOptForSQL for loop execution time: 131 microseconds, processed 30 objects
[INFO] [ #281464534987040] 2026-06-03 15:20:21  :>>>>processBufferOrEventOptForSQL for loop execution time: 559 microseconds, processed 30 objects
[INFO] [ #281465352876320] 2026-06-03 15:20:21  :>>>>processBufferOrEventOptForSQL for loop execution time: 155 microseconds, processed 30 objects
[INFO] [ #281465352876320] 2026-06-03 15:20:21  :>>>>processBufferOrEventOptForSQL for loop execution time: 89 microseconds, processed 25 objects
[INFO] [ #281465352876320] 2026-06-03 15:20:21  :>>>>processBufferOrEventOptForSQL for loop execution time: 59 microseconds, processed 16 objects
[INFO] [ #281465352876320] 2026-06-03 15:20:21  :>>>>processBufferOrEventOptForSQL for loop execution time: 170 microseconds, processed 30 objects
[INFO] [ #281464534987040] 2026-06-03 15:20:21  :>>>>processBufferOrEventOptForSQL for loop execution time: 493 microseconds, processed 30 objects
[INFO] [ #281465352876320] 2026-06-03 15:20:21  :>>>>processBufferOrEventOptForSQL for loop execution time: 95 microseconds, processed 30 objects
[INFO] [ #281465352876320] 2026-06-03 15:20:21  :>>>>processBufferOrEventOptForSQL for loop execution time: 80 microseconds, processed 8 objects
[INFO] [ #281465352876320] 2026-06-03 15:20:21  :>>>>processBufferOrEventOptForSQL for loop execution time: 69 microseconds, processed 30 objects
[INFO] [ #281465352876320] 2026-06-03 15:20:21  :>>>>processBufferOrEventOptForSQL for loop execution time: 7 microseconds, processed 30 objects
[INFO] [ #281465352876320] 2026-06-03 15:20:21  :>>>>processBufferOrEventOptForSQL for loop execution time: 100 microseconds, processed 30 objects
[INFO] [ #281464534987040] 2026-06-03 15:20:21  :>>>>processBufferOrEventOptForSQL for loop execution time: 464 microseconds, processed 30 objects
[INFO] [ #281465352876320] 2026-06-03 15:20:21  :>>>>processBufferOrEventOptForSQL for loop execution time: 123 microseconds, processed 30 objects
[INFO] [ #281465352876320] 2026-06-03 15:20:21  :>>>>processBufferOrEventOptForSQL for loop execution time: 76 microseconds, processed 14 objects
[INFO] [ #281465352876320] 2026-06-03 15:20:21  :>>>>processBufferOrEventOptForSQL for loop execution time: 126 microseconds, processed 30 objects
[INFO] [ #281465352876320] 2026-06-03 15:20:21  :>>>>processBufferOrEventOptForSQL for loop execution time: 60 microseconds, processed 30 objects
[INFO] [ #281464534987040] 2026-06-03 15:20:21  :>>>>processBufferOrEventOptForSQL for loop execution time: 461 microseconds, processed 30 objects
[INFO] [ #281465352876320] 2026-06-03 15:20:21  :>>>>processBufferOrEventOptForSQL for loop execution time: 262 microseconds, processed 30 objects
[INFO] [ #281464058081568] 2026-06-03 15:20:21  :>>>>processBufferOrEventOptForSQL for loop execution time: 2 microseconds, processed 30 objects
[INFO] [ #281464058081568] 2026-06-03 15:20:21  :>>>>processBufferOrEventOptForSQL for loop execution time: 0 microseconds, processed 1 objects
[INFO] [ #281465352876320] 2026-06-03 15:20:21  :>>>>processBufferOrEventOptForSQL for loop execution time: 69 microseconds, processed 30 objects
[INFO] [ #281465352876320] 2026-06-03 15:20:21  :>>>>processBufferOrEventOptForSQL for loop execution time: 39 microseconds, processed 25 objects
[INFO] [ #281465352876320] 2026-06-03 15:20:21  :>>>>processBufferOrEventOptForSQL for loop execution time: 163 microseconds, processed 30 objects
[INFO] [ #281464534987040] 2026-06-03 15:20:21  :>>>>processBufferOrEventOptForSQL for loop execution time: 491 microseconds, processed 30 objects
[INFO] [ #281465352876320] 2026-06-03 15:20:21  :>>>>processBufferOrEventOptForSQL for loop execution time: 110 microseconds, processed 30 objects
[INFO] [ #281465352876320] 2026-06-03 15:20:21  :>>>>processBufferOrEventOptForSQL for loop execution time: 141 microseconds, processed 30 objects
[INFO] [ #281465352876320] 2026-06-03 15:20:21  :>>>>processBufferOrEventOptForSQL for loop execution time: 147 microseconds, processed 30 objects
[INFO] [ #281465352876320] 2026-06-03 15:20:21  :>>>>processBufferOrEventOptForSQL for loop execution time: 45 microseconds, processed 18 objects
[INFO] [ #281465352876320] 2026-06-03 15:20:21  :>>>>processBufferOrEventOptForSQL for loop execution time: 192 microseconds, processed 30 objects
[INFO] [ #281465352876320] 2026-06-03 15:20:21  :>>>>processBufferOrEventOptForSQL for loop execution time: 125 microseconds, processed 30 objects
[INFO] [ #281465352876320] 2026-06-03 15:20:21  :>>>>processBufferOrEventOptForSQL for loop execution time: 5 microseconds, processed 5 objects
[INFO] [ #281465352876320] 2026-06-03 15:20:21  :>>>>processBufferOrEventOptForSQL for loop execution time: 131 microseconds, processed 30 objects
[INFO] [ #281465352876320] 2026-06-03 15:20:21  :>>>>processBufferOrEventOptForSQL for loop execution time: 102 microseconds, processed 30 objects
[INFO] [ #281465352876320] 2026-06-03 15:20:21  :>>>>processBufferOrEventOptForSQL for loop execution time: 137 microseconds, processed 30 objects
[INFO] [ #281464534987040] 2026-06-03 15:20:21  :>>>>processBufferOrEventOptForSQL for loop execution time: 1381 microseconds, processed 30 objects
[INFO] [ #281465352876320] 2026-06-03 15:20:21  :>>>>processBufferOrEventOptForSQL for loop execution time: 126 microseconds, processed 26 objects
[INFO] [ #281465352876320] 2026-06-03 15:20:21  :>>>>processBufferOrEventOptForSQL for loop execution time: 15 microseconds, processed 12 objects
[INFO] [ #281464058081568] 2026-06-03 15:20:21  :>>>>processBufferOrEventOptForSQL for loop execution time: 1 microseconds, processed 29 objects
[INFO] [ #281464058081568] 2026-06-03 15:20:21  :>>>>processBufferOrEventOptForSQL for loop execution time: 0 microseconds, processed 1 objects
[INFO] [ #281464058081568] 2026-06-03 15:20:21  :>>>>processBufferOrEventOptForSQL for loop execution time: 0 microseconds, processed 2 objects
[INFO] [ #281465352876320] 2026-06-03 15:20:21  :>>>>processBufferOrEventOptForSQL for loop execution time: 225 microseconds, processed 30 objects
[INFO] [ #281465352876320] 2026-06-03 15:20:21  :>>>>processBufferOrEventOptForSQL for loop execution time: 124 microseconds, processed 30 objects
[INFO] [ #281465352876320] 2026-06-03 15:20:21  :>>>>processBufferOrEventOptForSQL for loop execution time: 82 microseconds, processed 30 objects
[INFO] [ #281465352876320] 2026-06-03 15:20:21  :>>>>processBufferOrEventOptForSQL for loop execution time: 103 microseconds, processed 26 objects
[INFO] [ #281465352876320] 2026-06-03 15:20:21  :>>>>processBufferOrEventOptForSQL for loop execution time: 47 microseconds, processed 26 objects
[INFO] [ #281464534987040] 2026-06-03 15:20:21  :>>>>processBufferOrEventOptForSQL for loop execution time: 805 microseconds, processed 30 objects
[INFO] [ #281465352876320] 2026-06-03 15:20:21  :>>>>processBufferOrEventOptForSQL for loop execution time: 180 microseconds, processed 30 objects
[INFO] [ #281465352876320] 2026-06-03 15:20:21  :>>>>processBufferOrEventOptForSQL for loop execution time: 137 microseconds, processed 30 objects
[INFO] [ #281464534987040] 2026-06-03 15:20:21  :>>>>processBufferOrEventOptForSQL for loop execution time: 271 microseconds, processed 30 objects
[INFO] [ #281465352876320] 2026-06-03 15:20:21  :>>>>processBufferOrEventOptForSQL for loop execution time: 128 microseconds, processed 30 objects
[INFO] [ #281465352876320] 2026-06-03 15:20:21  :>>>>processBufferOrEventOptForSQL for loop execution time: 81 microseconds, processed 28 objects
[INFO] [ #281465352876320] 2026-06-03 15:20:21  :>>>>processBufferOrEventOptForSQL for loop execution time: 190 microseconds, processed 30 objects
[INFO] [ #281464534987040] 2026-06-03 15:20:21  :>>>>processBufferOrEventOptForSQL for loop execution time: 492 microseconds, processed 30 objects
[INFO] [ #281466388869408] 2026-06-03 15:20:21  :>>>>processBufferOrEventOptForSQL for loop execution time: 260252935 microseconds, processed 30 objects
[INFO] [ #281466388869408] 2026-06-03 15:20:21  :>>>>processBufferOrEventOptForSQL for loop execution time: 0 microseconds, processed 1 objects
[INFO] [ #281466388869408] 2026-06-03 15:20:21  :>>>>processBufferOrEventOptForSQL for loop execution time: 471 microseconds, processed 24 objects
[INFO] [ #281466388869408] 2026-06-03 15:20:21  :>>>>processBufferOrEventOptForSQL for loop execution time: 2 microseconds, processed 1 objects
[INFO] [ #281466388869408] 2026-06-03 15:20:21  :>>>>processBufferOrEventOptForSQL for loop execution time: 477 microseconds, processed 30 objects
[INFO] [ #281466388869408] 2026-06-03 15:20:21  :>>>>processBufferOrEventOptForSQL for loop execution time: 22 microseconds, processed 11 objects
[INFO] [ #281466388869408] 2026-06-03 15:20:21  :>>>>processBufferOrEventOptForSQL for loop execution time: 372 microseconds, processed 30 objects
[INFO] [ #281466388869408] 2026-06-03 15:20:21  :>>>>processBufferOrEventOptForSQL for loop execution time: 40 microseconds, processed 13 objects
[INFO] [ #281464534987040] 2026-06-03 15:20:21  :>>>>processBufferOrEventOptForSQL for loop execution time: 1919 microseconds, processed 30 objects
[INFO] [ #281466388869408] 2026-06-03 15:20:21  :>>>>processBufferOrEventOptForSQL for loop execution time: 480 microseconds, processed 30 objects
[INFO] [ #281466388869408] 2026-06-03 15:20:21  :>>>>processBufferOrEventOptForSQL for loop execution time: 17 microseconds, processed 11 objects
[INFO] [ #281464534987040] 2026-06-03 15:20:21  :>>>>processBufferOrEventOptForSQL for loop execution time: 476 microseconds, processed 30 objects
[INFO] [ #281466388869408] 2026-06-03 15:20:21  :>>>>processBufferOrEventOptForSQL for loop execution time: 349 microseconds, processed 29 objects
[INFO] [ #281466388869408] 2026-06-03 15:20:21  :>>>>processBufferOrEventOptForSQL for loop execution time: 14 microseconds, processed 7 objects
[INFO] [ #281466388869408] 2026-06-03 15:20:21  :>>>>processBufferOrEventOptForSQL for loop execution time: 0 microseconds, processed 1 objects
[INFO] [ #281466388869408] 2026-06-03 15:20:21  :>>>>processBufferOrEventOptForSQL for loop execution time: 20 microseconds, processed 9 objects
[INFO] [ #281466388869408] 2026-06-03 15:20:21  :>>>>processBufferOrEventOptForSQL for loop execution time: 0 microseconds, processed 1 objects
[INFO] [ #281466388869408] 2026-06-03 15:20:21  :>>>>processBufferOrEventOptForSQL for loop execution time: 7 microseconds, processed 6 objects
[INFO] [ #281466388869408] 2026-06-03 15:20:21  :>>>>processBufferOrEventOptForSQL for loop execution time: 107 microseconds, processed 6 objects
[INFO] [ #281466388869408] 2026-06-03 15:20:21  :>>>>processBufferOrEventOptForSQL for loop execution time: 4 microseconds, processed 1 objects
[INFO] [ #281464534987040] 2026-06-03 15:20:21  :>>>>processBufferOrEventOptForSQL for loop execution time: 471 microseconds, processed 30 objects
[INFO] [ #281466388869408] 2026-06-03 15:20:21  :>>>>processBufferOrEventOptForSQL for loop execution time: 307 microseconds, processed 30 objects
[INFO] [ #281466388869408] 2026-06-03 15:20:21  :>>>>processBufferOrEventOptForSQL for loop execution time: 41 microseconds, processed 30 objects
[INFO] [ #281466388869408] 2026-06-03 15:20:21  :>>>>processBufferOrEventOptForSQL for loop execution time: 370 microseconds, processed 30 objects
[INFO] [ #281466388869408] 2026-06-03 15:20:21  :>>>>processBufferOrEventOptForSQL for loop execution time: 57 microseconds, processed 30 objects
[INFO] [ #281466388869408] 2026-06-03 15:20:21  :>>>>processBufferOrEventOptForSQL for loop execution time: 83 microseconds, processed 3 objects
[INFO] [ #281466388869408] 2026-06-03 15:20:21  :>>>>processBufferOrEventOptForSQL for loop execution time: 34 microseconds, processed 30 objects
[INFO] [ #281464534987040] 2026-06-03 15:20:21  :>>>>processBufferOrEventOptForSQL for loop execution time: 1137 microseconds, processed 30 objects
[INFO] [ #281466388869408] 2026-06-03 15:20:21  :>>>>processBufferOrEventOptForSQL for loop execution time: 397 microseconds, processed 30 objects
[INFO] [ #281466388869408] 2026-06-03 15:20:21  :>>>>processBufferOrEventOptForSQL for loop execution time: 24 microseconds, processed 30 objects
[INFO] [ #281466388869408] 2026-06-03 15:20:21  :>>>>processBufferOrEventOptForSQL for loop execution time: 320 microseconds, processed 30 objects
[INFO] [ #281466388869408] 2026-06-03 15:20:21  :>>>>processBufferOrEventOptForSQL for loop execution time: 50 microseconds, processed 30 objects
[INFO] [ #281464534987040] 2026-06-03 15:20:21  :>>>>processBufferOrEventOptForSQL for loop execution time: 556 microseconds, processed 30 objects
[INFO] [ #281464534987040] 2026-06-03 15:20:21  :>>>>processBufferOrEventOptForSQL for loop execution time: 599 microseconds, processed 30 objects
[INFO] [ #281466388869408] 2026-06-03 15:20:21  :>>>>processBufferOrEventOptForSQL for loop execution time: 816 microseconds, processed 30 objects
[INFO] [ #281466388869408] 2026-06-03 15:20:21  :>>>>processBufferOrEventOptForSQL for loop execution time: 37 microseconds, processed 30 objects
[INFO] [ #281466388869408] 2026-06-03 15:20:21  :>>>>processBufferOrEventOptForSQL for loop execution time: 347 microseconds, processed 30 objects
[INFO] [ #281466388869408] 2026-06-03 15:20:21  :>>>>processBufferOrEventOptForSQL for loop execution time: 37 microseconds, processed 30 objects
[INFO] [ #281466388869408] 2026-06-03 15:20:21  :>>>>processBufferOrEventOptForSQL for loop execution time: 309 microseconds, processed 10 objects
[INFO] [ #281466388869408] 2026-06-03 15:20:21  :>>>>processBufferOrEventOptForSQL for loop execution time: 71 microseconds, processed 30 objects
[INFO] [ #281466388869408] 2026-06-03 15:20:21  :>>>>processBufferOrEventOptForSQL for loop execution time: 449 microseconds, processed 30 objects
[INFO] [ #281466388869408] 2026-06-03 15:20:21  :>>>>processBufferOrEventOptForSQL for loop execution time: 45 microseconds, processed 30 objects
[INFO] [ #281466388869408] 2026-06-03 15:20:21  :>>>>processBufferOrEventOptForSQL for loop execution time: 603 microseconds, processed 30 objects
[INFO] [ #281466388869408] 2026-06-03 15:20:21  :>>>>processBufferOrEventOptForSQL for loop execution time: 74 microseconds, processed 30 objects
[INFO] [ #281466388869408] 2026-06-03 15:20:21  :>>>>processBufferOrEventOptForSQL for loop execution time: 266 microseconds, processed 5 objects
[INFO] [ #281466388869408] 2026-06-03 15:20:21  :>>>>processBufferOrEventOptForSQL for loop execution time: 51 microseconds, processed 30 objects
[INFO] [ #281466388869408] 2026-06-03 15:20:21  :>>>>processBufferOrEventOptForSQL for loop execution time: 586 microseconds, processed 30 objects
[INFO] [ #281466388869408] 2026-06-03 15:20:21  :>>>>processBufferOrEventOptForSQL for loop execution time: 38 microseconds, processed 30 objects
[INFO] [ #281466388869408] 2026-06-03 15:20:21  :>>>>processBufferOrEventOptForSQL for loop execution time: 263 microseconds, processed 17 objects
[INFO] [ #281466388869408] 2026-06-03 15:20:21  :>>>>processBufferOrEventOptForSQL for loop execution time: 39 microseconds, processed 30 objects
[INFO] [ #281466388869408] 2026-06-03 15:20:21  :>>>>processBufferOrEventOptForSQL for loop execution time: 462 microseconds, processed 30 objects
[INFO] [ #281466388869408] 2026-06-03 15:20:21  :>>>>processBufferOrEventOptForSQL for loop execution time: 44 microseconds, processed 30 objects
[INFO] [ #281466388869408] 2026-06-03 15:20:21  :>>>>processBufferOrEventOptForSQL for loop execution time: 412 microseconds, processed 30 objects
[INFO] [ #281466388869408] 2026-06-03 15:20:21  :>>>>processBufferOrEventOptForSQL for loop execution time: 48 microseconds, processed 30 objects
[INFO] [ #281466982363424] 2026-06-03 15:20:21  :>>>>savepoint: OmniTask notifyCheckpointComplete: 1
[INFO] [ #281466982363424] 2026-06-03 15:20:21  :>>>>MailboxExecutorImpl::execute - description=checkpoint 1 complete
[INFO] [ #281466982363424] 2026-06-03 15:20:21  :>>>>TaskMailboxImpl::put - checkpoint mail added, queue size=1, description=checkpoint 1 complete
[INFO] [ #281466982363424] 2026-06-03 15:20:21  :>>>>MailboxExecutorImpl::execute - mail put successfully, description=checkpoint 1 complete
[INFO] [ #281466388869408] 2026-06-03 15:20:21  :>>>>processBufferOrEventOptForSQL for loop execution time: 863 microseconds, processed 25 objects
[INFO] [ #281466388869408] 2026-06-03 15:20:21  :>>>>processBufferOrEventOptForSQL for loop execution time: 93 microseconds, processed 30 objects
[INFO] [ #281466388869408] 2026-06-03 15:20:21  :>>>>processBufferOrEventOptForSQL for loop execution time: 429 microseconds, processed 30 objects
[INFO] [ #281466388869408] 2026-06-03 15:20:21  :>>>>processBufferOrEventOptForSQL for loop execution time: 113 microseconds, processed 30 objects
[INFO] [ #281466388869408] 2026-06-03 15:20:21  :>>>>processBufferOrEventOptForSQL for loop execution time: 507 microseconds, processed 30 objects
[INFO] [ #281466388869408] 2026-06-03 15:20:21  :>>>>processBufferOrEventOptForSQL for loop execution time: 36 microseconds, processed 30 objects
[INFO] [ #281466982363424] 2026-06-03 15:20:21  :>>>>savepoint: OmniTask notifyCheckpoint: -1
[INFO] [ #281466982363424] 2026-06-03 15:20:21  :>>>>savepoint: OmniTask notifyCheckpoint: -1
[INFO] [ #281466982363424] 2026-06-03 15:20:21  :>>>>MailboxExecutorImpl::execute - description=checkpoint -1 subsumed
[INFO] [ #281466982363424] 2026-06-03 15:20:21  :>>>>TaskMailboxImpl::put - checkpoint mail added, queue size=2, description=checkpoint -1 subsumed
[INFO] [ #281466982363424] 2026-06-03 15:20:21  :>>>>MailboxExecutorImpl::execute - mail put successfully, description=checkpoint -1 subsumed
[INFO] [ #281466982363424] 2026-06-03 15:20:21  :>>>>savepoint: OmniTask notifyCheckpointComplete: 1
[INFO] [ #281466982363424] 2026-06-03 15:20:21  :>>>>MailboxExecutorImpl::execute - description=checkpoint 1 complete
[INFO] [ #281466982363424] 2026-06-03 15:20:21  :>>>>TaskMailboxImpl::put - checkpoint mail added, queue size=1, description=checkpoint 1 complete
[INFO] [ #281466982363424] 2026-06-03 15:20:21  :>>>>MailboxExecutorImpl::execute - mail put successfully, description=checkpoint 1 complete
[INFO] [ #281466982363424] 2026-06-03 15:20:21  :>>>>savepoint: OmniTask notifyCheckpoint: -1
[INFO] [ #281466982363424] 2026-06-03 15:20:21  :>>>>savepoint: OmniTask notifyCheckpoint: -1
[INFO] [ #281466982363424] 2026-06-03 15:20:21  :>>>>MailboxExecutorImpl::execute - description=checkpoint -1 subsumed
[INFO] [ #281466982363424] 2026-06-03 15:20:21  :>>>>TaskMailboxImpl::put - checkpoint mail added, queue size=2, description=checkpoint -1 subsumed
[INFO] [ #281466982363424] 2026-06-03 15:20:21  :>>>>MailboxExecutorImpl::execute - mail put successfully, description=checkpoint -1 subsumed
[INFO] [ #281466982363424] 2026-06-03 15:20:21  :>>>>savepoint: OmniTask notifyCheckpointComplete: 1
[INFO] [ #281466982363424] 2026-06-03 15:20:21  :>>>>MailboxExecutorImpl::execute - description=checkpoint 1 complete
[INFO] [ #281466982363424] 2026-06-03 15:20:21  :>>>>TaskMailboxImpl::put - checkpoint mail added, queue size=1, description=checkpoint 1 complete
[INFO] [ #281466982363424] 2026-06-03 15:20:21  :>>>>MailboxExecutorImpl::execute - mail put successfully, description=checkpoint 1 complete
[INFO] [ #281466982363424] 2026-06-03 15:20:21  :>>>>savepoint: OmniTask notifyCheckpoint: -1
[INFO] [ #281466982363424] 2026-06-03 15:20:21  :>>>>savepoint: OmniTask notifyCheckpoint: -1
[INFO] [ #281466982363424] 2026-06-03 15:20:21  :>>>>savepoint: OmniTask notifyCheckpointComplete: 1
[INFO] [ #281466982363424] 2026-06-03 15:20:21  :>>>>MailboxExecutorImpl::execute - description=checkpoint 1 complete
[INFO] [ #281466982363424] 2026-06-03 15:20:21  :>>>>TaskMailboxImpl::put - checkpoint mail added, queue size=1, description=checkpoint 1 complete
[INFO] [ #281466982363424] 2026-06-03 15:20:21  :>>>>MailboxExecutorImpl::execute - mail put successfully, description=checkpoint 1 complete
[INFO] [ #281466982363424] 2026-06-03 15:20:21  :>>>>savepoint: OmniTask notifyCheckpoint: -1
[INFO] [ #281466982363424] 2026-06-03 15:20:21  :>>>>savepoint: OmniTask notifyCheckpoint: -1
[INFO] [ #281466982363424] 2026-06-03 15:20:21  :>>>>savepoint: OmniTask notifyCheckpointComplete: 1
[INFO] [ #281466982363424] 2026-06-03 15:20:21  :>>>>MailboxExecutorImpl::execute - description=checkpoint 1 complete
[INFO] [ #281466982363424] 2026-06-03 15:20:21  :>>>>TaskMailboxImpl::put - checkpoint mail added, queue size=1, description=checkpoint 1 complete
[INFO] [ #281466982363424] 2026-06-03 15:20:21  :>>>>MailboxExecutorImpl::execute - mail put successfully, description=checkpoint 1 complete
[INFO] [ #281466982363424] 2026-06-03 15:20:21  :>>>>savepoint: OmniTask notifyCheckpoint: -1
[INFO] [ #281466982363424] 2026-06-03 15:20:21  :>>>>savepoint: OmniTask notifyCheckpoint: -1
[INFO] [ #281466982363424] 2026-06-03 15:20:21  :>>>>savepoint: OmniTask notifyCheckpointComplete: 1
[INFO] [ #281466982363424] 2026-06-03 15:20:21  :>>>>MailboxExecutorImpl::execute - description=checkpoint 1 complete
[INFO] [ #281466982363424] 2026-06-03 15:20:21  :>>>>TaskMailboxImpl::put - checkpoint mail added, queue size=1, description=checkpoint 1 complete
[INFO] [ #281466982363424] 2026-06-03 15:20:21  :>>>>MailboxExecutorImpl::execute - mail put successfully, description=checkpoint 1 complete
[INFO] [ #281466982363424] 2026-06-03 15:20:21  :>>>>savepoint: OmniTask notifyCheckpoint: -1
[INFO] [ #281466982363424] 2026-06-03 15:20:21  :>>>>savepoint: OmniTask notifyCheckpoint: -1
[INFO] [ #281466982363424] 2026-06-03 15:20:21  :>>>>savepoint: OmniTask notifyCheckpointComplete: 1
[INFO] [ #281466982363424] 2026-06-03 15:20:21  :>>>>MailboxExecutorImpl::execute - description=checkpoint 1 complete
[INFO] [ #281466982363424] 2026-06-03 15:20:21  :>>>>TaskMailboxImpl::put - checkpoint mail added, queue size=1, description=checkpoint 1 complete
[INFO] [ #281466982363424] 2026-06-03 15:20:21  :>>>>MailboxExecutorImpl::execute - mail put successfully, description=checkpoint 1 complete
[INFO] [ #281466982363424] 2026-06-03 15:20:21  :>>>>savepoint: OmniTask notifyCheckpoint: -1
[INFO] [ #281466982363424] 2026-06-03 15:20:21  :>>>>savepoint: OmniTask notifyCheckpoint: -1
[INFO] [ #281466982363424] 2026-06-03 15:20:21  :>>>>savepoint: OmniTask notifyCheckpointComplete: 1
[INFO] [ #281466982363424] 2026-06-03 15:20:21  :>>>>MailboxExecutorImpl::execute - description=checkpoint 1 complete
[INFO] [ #281466982363424] 2026-06-03 15:20:21  :>>>>TaskMailboxImpl::put - checkpoint mail added, queue size=1, description=checkpoint 1 complete
[INFO] [ #281466982363424] 2026-06-03 15:20:21  :>>>>MailboxExecutorImpl::execute - mail put successfully, description=checkpoint 1 complete
[INFO] [ #281466982363424] 2026-06-03 15:20:21  :>>>>savepoint: OmniTask notifyCheckpoint: -1
[INFO] [ #281466982363424] 2026-06-03 15:20:21  :>>>>savepoint: OmniTask notifyCheckpoint: -1
[INFO] [ #281466982363424] 2026-06-03 15:20:21  :>>>>OmniTask::triggerCheckpointBarrier - checkpointId=2, timestamp=1780471221667, task=Source: kafka[1] -> (Calc[2] -> WatermarkAssigner(rowtime=[dateTime], watermark=[(dateTime - 4000:INTERVAL SECOND)]) -> Calc[4], Calc[6] -> WatermarkAssigner(rowtime=[dateTime], watermark=[(dateTime - 4000:INTERVAL SECOND)]) -> Calc[8])#3
[INFO] [ #281466982363424] 2026-06-03 15:20:21  :>>>>OmniTask::triggerCheckpointBarrier - calling triggerCheckpointAsync, checkpointId=2
[INFO] [ #281466982363424] 2026-06-03 15:20:21  :>>>>OmniStreamTask::triggerCheckpointAsync - checkpointId=2, task=Source: kafka[1] -> (Calc[2] -> WatermarkAssigner(rowtime=[dateTime], watermark=[(dateTime - 4000:INTERVAL SECOND)]) -> Calc[4], Calc[6] -> WatermarkAssigner(rowtime=[dateTime], watermark=[(dateTime - 4000:INTERVAL SECOND)]) -> Calc[8])
[INFO] [ #281466982363424] 2026-06-03 15:20:21  :>>>>triggerCheckpointAsync - submitting to mailbox, checkpointId=2
[INFO] [ #281466982363424] 2026-06-03 15:20:21  :>>>>MailboxExecutorImpl::execute - description=triggerCheckpointInMailbox
[INFO] [ #281466982363424] 2026-06-03 15:20:21  :>>>>TaskMailboxImpl::put - checkpoint mail added, queue size=3, description=triggerCheckpointInMailbox
[INFO] [ #281466982363424] 2026-06-03 15:20:21  :>>>>MailboxExecutorImpl::execute - mail put successfully, description=triggerCheckpointInMailbox
[INFO] [ #281470096634144] 2026-06-03 15:20:21  :>>>>WatermarkAssignerOperator::notifyCheckpointComplete not impl checkpointId : 1
[INFO] [ #281470096634144] 2026-06-03 15:20:21  :>>>>WatermarkAssignerOperator::notifyCheckpointComplete not impl checkpointId : 1
[INFO] [ #281466982363424] 2026-06-03 15:20:21  :>>>>OmniTask::triggerCheckpointBarrier - checkpointId=2, timestamp=1780471221667, task=Source: kafka[1] -> (Calc[2] -> WatermarkAssigner(rowtime=[dateTime], watermark=[(dateTime - 4000:INTERVAL SECOND)]) -> Calc[4], Calc[6] -> WatermarkAssigner(rowtime=[dateTime], watermark=[(dateTime - 4000:INTERVAL SECOND)]) -> Calc[8])#7
[INFO] [ #281466982363424] 2026-06-03 15:20:21  :>>>>OmniTask::triggerCheckpointBarrier - calling triggerCheckpointAsync, checkpointId=2
[INFO] [ #281466982363424] 2026-06-03 15:20:21  :>>>>OmniStreamTask::triggerCheckpointAsync - checkpointId=2, task=Source: kafka[1] -> (Calc[2] -> WatermarkAssigner(rowtime=[dateTime], watermark=[(dateTime - 4000:INTERVAL SECOND)]) -> Calc[4], Calc[6] -> WatermarkAssigner(rowtime=[dateTime], watermark=[(dateTime - 4000:INTERVAL SECOND)]) -> Calc[8])
[INFO] [ #281466982363424] 2026-06-03 15:20:21  :>>>>triggerCheckpointAsync - submitting to mailbox, checkpointId=2
[INFO] [ #281466982363424] 2026-06-03 15:20:21  :>>>>MailboxExecutorImpl::execute - description=triggerCheckpointInMailbox
[INFO] [ #281466982363424] 2026-06-03 15:20:21  :>>>>TaskMailboxImpl::put - checkpoint mail added, queue size=3, description=triggerCheckpointInMailbox
[INFO] [ #281466982363424] 2026-06-03 15:20:21  :>>>>MailboxExecutorImpl::execute - mail put successfully, description=triggerCheckpointInMailbox
[INFO] [ #281465344487712] 2026-06-03 15:20:21  :>>>>processBufferOrEventOptForSQL for loop execution time: 154 microseconds, processed 30 objects
[INFO] [ #281465352876320] 2026-06-03 15:20:21  :>>>>processBufferOrEventOptForSQL for loop execution time: 129 microseconds, processed 21 objects
[INFO] [ #281464534987040] 2026-06-03 15:20:21  :>>>>processBufferOrEventOptForSQL for loop execution time: 11739 microseconds, processed 30 objects
[INFO] [ #281464534987040] 2026-06-03 15:20:21  :>>>>SinkOperator::notifyCheckpointComplete not impl, checkpointId : 1
[INFO] [ #281464058081568] 2026-06-03 15:20:21  :>>>>SinkOperator::notifyCheckpointComplete not impl, checkpointId : 1
[INFO] [ #281466964877600] 2026-06-03 15:20:21  :>>>>WatermarkAssignerOperator::notifyCheckpointComplete not impl checkpointId : 1
[INFO] [ #281466964877600] 2026-06-03 15:20:21  :>>>>WatermarkAssignerOperator::notifyCheckpointComplete not impl checkpointId : 1
[INFO] [ #281466388869408] 2026-06-03 15:20:21  :>>>>processBufferOrEventOptForSQL for loop execution time: 5502 microseconds, processed 30 objects
[INFO] [ #281466964877600] 2026-06-03 15:20:21  :>>>>triggerCheckpointInMailbox - executing, checkpointId=2
[INFO] [ #281466964877600] 2026-06-03 15:20:21  :>>>>TriggerCheckpointAsyncInMailbox - START, checkpointId=2, task=Source: kafka[1] -> (Calc[2] -> WatermarkAssigner(rowtime=[dateTime], watermark=[(dateTime - 4000:INTERVAL SECOND)]) -> Calc[4], Calc[6] -> WatermarkAssigner(rowtime=[dateTime], watermark=[(dateTime - 4000:INTERVAL SECOND)]) -> Calc[8])
[INFO] [ #281466964877600] 2026-06-03 15:20:21  :>>>>TriggerCheckpointAsyncInMailbox - calling PerformCheckpoint, checkpointId=2
[INFO] [ #281466964877600] 2026-06-03 15:20:21  :>>>>PerformCheckpoint - START, checkpointId=2, task=Source: kafka[1] -> (Calc[2] -> WatermarkAssigner(rowtime=[dateTime], watermark=[(dateTime - 4000:INTERVAL SECOND)]) -> Calc[4], Calc[6] -> WatermarkAssigner(rowtime=[dateTime], watermark=[(dateTime - 4000:INTERVAL SECOND)]) -> Calc[8])
[INFO] [ #281466964877600] 2026-06-03 15:20:21  :>>>>PerformCheckpoint - calling subtaskCheckpointCoordinator->checkpointState, checkpointId=2
[INFO] [ #281466964877600] 2026-06-03 15:20:21  :>>>>PipelinedSubpartition is blocked when pollBuffer, event data type: ObjectBufferDataType{isBuffer=false, isEvent=true, isBlockingUpstream=true, hasPriority=false, requiresAnnouncement=false}, subpartitionInfo: {"@class":"org.apache.flink.runtime.checkpoint.channel.ResultSubpartitionInfo","partitionIdx":0,"subPartitionIdx":0}
[INFO] [ #281466964877600] 2026-06-03 15:20:21  :>>>>PipelinedSubpartition is blocked when pollBuffer, event data type: ObjectBufferDataType{isBuffer=false, isEvent=true, isBlockingUpstream=true, hasPriority=false, requiresAnnouncement=false}, subpartitionInfo: {"@class":"org.apache.flink.runtime.checkpoint.channel.ResultSubpartitionInfo","partitionIdx":0,"subPartitionIdx":1}
[INFO] [ #281466964877600] 2026-06-03 15:20:21  :>>>>PipelinedSubpartition is blocked when pollBuffer, event data type: ObjectBufferDataType{isBuffer=false, isEvent=true, isBlockingUpstream=true, hasPriority=false, requiresAnnouncement=false}, subpartitionInfo: {"@class":"org.apache.flink.runtime.checkpoint.channel.ResultSubpartitionInfo","partitionIdx":0,"subPartitionIdx":2}
[INFO] [ #281466964877600] 2026-06-03 15:20:21  :>>>>PipelinedSubpartition is blocked when pollBuffer, event data type: ObjectBufferDataType{isBuffer=false, isEvent=true, isBlockingUpstream=true, hasPriority=false, requiresAnnouncement=false}, subpartitionInfo: {"@class":"org.apache.flink.runtime.checkpoint.channel.ResultSubpartitionInfo","partitionIdx":0,"subPartitionIdx":4}
[INFO] [ #281466964877600] 2026-06-03 15:20:21  :>>>>PipelinedSubpartition is blocked when pollBuffer, event data type: ObjectBufferDataType{isBuffer=false, isEvent=true, isBlockingUpstream=true, hasPriority=false, requiresAnnouncement=false}, subpartitionInfo: {"@class":"org.apache.flink.runtime.checkpoint.channel.ResultSubpartitionInfo","partitionIdx":0,"subPartitionIdx":5}
[INFO] [ #281466964877600] 2026-06-03 15:20:21  :>>>>PipelinedSubpartition is blocked when pollBuffer, event data type: ObjectBufferDataType{isBuffer=false, isEvent=true, isBlockingUpstream=true, hasPriority=false, requiresAnnouncement=false}, subpartitionInfo: {"@class":"org.apache.flink.runtime.checkpoint.channel.ResultSubpartitionInfo","partitionIdx":0,"subPartitionIdx":6}
[INFO] [ #281466964877600] 2026-06-03 15:20:21  :>>>>PipelinedSubpartition is blocked when pollBuffer, event data type: ObjectBufferDataType{isBuffer=false, isEvent=true, isBlockingUpstream=true, hasPriority=false, requiresAnnouncement=false}, subpartitionInfo: {"@class":"org.apache.flink.runtime.checkpoint.channel.ResultSubpartitionInfo","partitionIdx":1,"subPartitionIdx":0}
[INFO] [ #281466964877600] 2026-06-03 15:20:21  :>>>>PipelinedSubpartition is blocked when pollBuffer, event data type: ObjectBufferDataType{isBuffer=false, isEvent=true, isBlockingUpstream=true, hasPriority=false, requiresAnnouncement=false}, subpartitionInfo: {"@class":"org.apache.flink.runtime.checkpoint.channel.ResultSubpartitionInfo","partitionIdx":1,"subPartitionIdx":1}
[INFO] [ #281466964877600] 2026-06-03 15:20:21  :>>>>PipelinedSubpartition is blocked when pollBuffer, event data type: ObjectBufferDataType{isBuffer=false, isEvent=true, isBlockingUpstream=true, hasPriority=false, requiresAnnouncement=false}, subpartitionInfo: {"@class":"org.apache.flink.runtime.checkpoint.channel.ResultSubpartitionInfo","partitionIdx":1,"subPartitionIdx":2}
[INFO] [ #281466964877600] 2026-06-03 15:20:21  :>>>>PipelinedSubpartition is blocked when pollBuffer, event data type: ObjectBufferDataType{isBuffer=false, isEvent=true, isBlockingUpstream=true, hasPriority=false, requiresAnnouncement=false}, subpartitionInfo: {"@class":"org.apache.flink.runtime.checkpoint.channel.ResultSubpartitionInfo","partitionIdx":1,"subPartitionIdx":4}
[INFO] [ #281466964877600] 2026-06-03 15:20:21  :>>>>PipelinedSubpartition is blocked when pollBuffer, event data type: ObjectBufferDataType{isBuffer=false, isEvent=true, isBlockingUpstream=true, hasPriority=false, requiresAnnouncement=false}, subpartitionInfo: {"@class":"org.apache.flink.runtime.checkpoint.channel.ResultSubpartitionInfo","partitionIdx":1,"subPartitionIdx":5}
[INFO] [ #281466964877600] 2026-06-03 15:20:21  :>>>>PipelinedSubpartition is blocked when pollBuffer, event data type: ObjectBufferDataType{isBuffer=false, isEvent=true, isBlockingUpstream=true, hasPriority=false, requiresAnnouncement=false}, subpartitionInfo: {"@class":"org.apache.flink.runtime.checkpoint.channel.ResultSubpartitionInfo","partitionIdx":1,"subPartitionIdx":6}
[INFO] [ #281466964877600] 2026-06-03 15:20:21  :>>>>savepoint: OperatorChainV2::CheckpointStreamOperator op type=15StreamCalcBatch
[INFO] [ #281466964877600] 2026-06-03 15:20:21  :>>>>savepoint: OperatorChainV2::CheckpointStreamOperator StreamOperator::SnapshotState
[INFO] [ #281466964877600] 2026-06-03 15:20:21  :>>>>savepoint: OperatorChainV2::CheckpointStreamOperator op type=25WatermarkAssignerOperator
[INFO] [ #281466964877600] 2026-06-03 15:20:21  :>>>>savepoint: OperatorChainV2::CheckpointStreamOperator StreamOperator::SnapshotState
[INFO] [ #281466964877600] 2026-06-03 15:20:21  :>>>>savepoint: OperatorChainV2::CheckpointStreamOperator op type=15StreamCalcBatch
[INFO] [ #281466964877600] 2026-06-03 15:20:21  :>>>>savepoint: OperatorChainV2::CheckpointStreamOperator StreamOperator::SnapshotState
[INFO] [ #281466964877600] 2026-06-03 15:20:21  :>>>>savepoint: OperatorChainV2::CheckpointStreamOperator op type=15StreamCalcBatch
[INFO] [ #281466964877600] 2026-06-03 15:20:21  :>>>>savepoint: OperatorChainV2::CheckpointStreamOperator StreamOperator::SnapshotState
[INFO] [ #281466964877600] 2026-06-03 15:20:21  :>>>>savepoint: OperatorChainV2::CheckpointStreamOperator op type=25WatermarkAssignerOperator
[INFO] [ #281466964877600] 2026-06-03 15:20:21  :>>>>savepoint: OperatorChainV2::CheckpointStreamOperator StreamOperator::SnapshotState
[INFO] [ #281466964877600] 2026-06-03 15:20:21  :>>>>savepoint: OperatorChainV2::CheckpointStreamOperator op type=15StreamCalcBatch
[INFO] [ #281466964877600] 2026-06-03 15:20:21  :>>>>savepoint: OperatorChainV2::CheckpointStreamOperator StreamOperator::SnapshotState
[INFO] [ #281466964877600] 2026-06-03 15:20:21  :>>>>savepoint: OperatorChainV2::CheckpointStreamOperator op type=N10omnistream12StreamSourceINS_11VectorBatchEEE
[INFO] [ #281466964877600] 2026-06-03 15:20:21  :>>>>savepoint: OperatorChainV2::CheckpointStreamOperator StreamOperator::SnapshotState
[INFO] [ #281466964877600] 2026-06-03 15:20:21  :>>>>savepoint: StreamOperatorStateHandler::snapshotState streamOperator type=N10omnistream12StreamSourceINS_11VectorBatchEEE
[INFO] [ #281466964877600] 2026-06-03 15:20:21  :>>>>Error:HeapSnapshotStrategy: no states to snapshot, returning empty
[INFO] [ #281466964877600] 2026-06-03 15:20:21  :>>>>PerformCheckpoint - checkpointState completed, checkpointId=2
[INFO] [ #281466964877600] 2026-06-03 15:20:21  :>>>>TriggerCheckpointAsyncInMailbox - PerformCheckpoint returned=1, checkpointId=2
[INFO] [ #281465344487712] 2026-06-03 15:20:21  :>>>>processBufferOrEventOptForSQL for loop execution time: 294 microseconds, processed 30 objects
[INFO] [ #281465344487712] 2026-06-03 15:20:21  :>>>>processBufferOrEventOptForSQL for loop execution time: 240 microseconds, processed 30 objects
[INFO] [ #281465344487712] 2026-06-03 15:20:21  :>>>>processBufferOrEventOptForSQL for loop execution time: 367 microseconds, processed 28 objects
[INFO] [ #281465344487712] 2026-06-03 15:20:21  :>>>>processBufferOrEventOptForSQL for loop execution time: 267 microseconds, processed 30 objects
[INFO] [ #281465344487712] 2026-06-03 15:20:21  :>>>>processBufferOrEventOptForSQL for loop execution time: 32 microseconds, processed 12 objects
[INFO] [ #281465344487712] 2026-06-03 15:20:21  :>>>>processBufferOrEventOptForSQL for loop execution time: 189 microseconds, processed 30 objects
[INFO] [ #281465344487712] 2026-06-03 15:20:21  :>>>>processBufferOrEventOptForSQL for loop execution time: 132 microseconds, processed 28 objects
[INFO] [ #281465344487712] 2026-06-03 15:20:21  :>>>>processBufferOrEventOptForSQL for loop execution time: 185 microseconds, processed 30 objects
[INFO] [ #281465344487712] 2026-06-03 15:20:21  :>>>>processBufferOrEventOptForSQL for loop execution time: 211 microseconds, processed 30 objects
[INFO] [ #281465344487712] 2026-06-03 15:20:21  :>>>>processBufferOrEventOptForSQL for loop execution time: 175 microseconds, processed 30 objects
[INFO] [ #281465344487712] 2026-06-03 15:20:21  :>>>>processBufferOrEventOptForSQL for loop execution time: 163 microseconds, processed 30 objects
[INFO] [ #281465344487712] 2026-06-03 15:20:21  :>>>>processBufferOrEventOptForSQL for loop execution time: 392 microseconds, processed 30 objects
[INFO] [ #281465344487712] 2026-06-03 15:20:21  :>>>>processBufferOrEventOptForSQL for loop execution time: 93 microseconds, processed 30 objects
[INFO] [ #281465344487712] 2026-06-03 15:20:21  :>>>>processBufferOrEventOptForSQL for loop execution time: 140 microseconds, processed 30 objects
[INFO] [ #281465344487712] 2026-06-03 15:20:21  :>>>>processBufferOrEventOptForSQL for loop execution time: 112 microseconds, processed 30 objects
[INFO] [ #281465344487712] 2026-06-03 15:20:21  :>>>>processBufferOrEventOptForSQL for loop execution time: 47 microseconds, processed 12 objects
[INFO] [ #281465344487712] 2026-06-03 15:20:21  :>>>>processBufferOrEventOptForSQL for loop execution time: 131 microseconds, processed 30 objects
[INFO] [ #281465344487712] 2026-06-03 15:20:21  :>>>>processBufferOrEventOptForSQL for loop execution time: 220 microseconds, processed 30 objects
[INFO] [ #281465344487712] 2026-06-03 15:20:21  :>>>>processBufferOrEventOptForSQL for loop execution time: 210 microseconds, processed 30 objects
[INFO] [ #281465344487712] 2026-06-03 15:20:21  :>>>>processBufferOrEventOptForSQL for loop execution time: 105 microseconds, processed 18 objects
[INFO] [ #281465344487712] 2026-06-03 15:20:21  :>>>>processBufferOrEventOptForSQL for loop execution time: 184 microseconds, processed 30 objects
[INFO] [ #281465344487712] 2026-06-03 15:20:21  :>>>>processBufferOrEventOptForSQL for loop execution time: 353 microseconds, processed 30 objects
[INFO] [ #281465344487712] 2026-06-03 15:20:21  :>>>>processBufferOrEventOptForSQL for loop execution time: 280 microseconds, processed 30 objects
[INFO] [ #281465344487712] 2026-06-03 15:20:21  :>>>>processBufferOrEventOptForSQL for loop execution time: 157 microseconds, processed 30 objects
[INFO] [ #281465344487712] 2026-06-03 15:20:21  :>>>>processBufferOrEventOptForSQL for loop execution time: 310 microseconds, processed 30 objects
[INFO] [ #281465344487712] 2026-06-03 15:20:21  :>>>>processBufferOrEventOptForSQL for loop execution time: 31 microseconds, processed 1 objects
[INFO] [ #281465344487712] 2026-06-03 15:20:21  :>>>>processBufferOrEventOptForSQL for loop execution time: 12 microseconds, processed 3 objects
[INFO] [ #281465344487712] 2026-06-03 15:20:21  :>>>>processBufferOrEventOptForSQL for loop execution time: 307 microseconds, processed 30 objects
[INFO] [ #281465344487712] 2026-06-03 15:20:21  :>>>>processBufferOrEventOptForSQL for loop execution time: 238 microseconds, processed 30 objects
[INFO] [ #281465344487712] 2026-06-03 15:20:21  :>>>>processBufferOrEventOptForSQL for loop execution time: 252 microseconds, processed 22 objects
[INFO] [ #281465344487712] 2026-06-03 15:20:21  :>>>>processBufferOrEventOptForSQL for loop execution time: 265 microseconds, processed 30 objects
[INFO] [ #281465344487712] 2026-06-03 15:20:21  :>>>>processBufferOrEventOptForSQL for loop execution time: 7 microseconds, processed 11 objects
[INFO] [ #281465344487712] 2026-06-03 15:20:21  :>>>>processBufferOrEventOptForSQL for loop execution time: 364 microseconds, processed 30 objects
[INFO] [ #281465344487712] 2026-06-03 15:20:21  :>>>>processBufferOrEventOptForSQL for loop execution time: 179 microseconds, processed 30 objects
[INFO] [ #281465344487712] 2026-06-03 15:20:21  :>>>>processBufferOrEventOptForSQL for loop execution time: 115 microseconds, processed 30 objects
[INFO] [ #281465344487712] 2026-06-03 15:20:21  :>>>>processBufferOrEventOptForSQL for loop execution time: 81 microseconds, processed 30 objects
[INFO] [ #281465344487712] 2026-06-03 15:20:21  :>>>>processBufferOrEventOptForSQL for loop execution time: 67 microseconds, processed 30 objects
[INFO] [ #281465344487712] 2026-06-03 15:20:21  :>>>>processBufferOrEventOptForSQL for loop execution time: 73 microseconds, processed 21 objects
[INFO] [ #281465344487712] 2026-06-03 15:20:21  :>>>>processBufferOrEventOptForSQL for loop execution time: 122 microseconds, processed 25 objects
[INFO] [ #281466388869408] 2026-06-03 15:20:21  :>>>>processBufferOrEventOptForSQL for loop execution time: 56 microseconds, processed 30 objects
[INFO] [ #281466388869408] 2026-06-03 15:20:21  :>>>>processBufferOrEventOptForSQL for loop execution time: 510 microseconds, processed 30 objects
[INFO] [ #281466388869408] 2026-06-03 15:20:21  :>>>>processBufferOrEventOptForSQL for loop execution time: 52 microseconds, processed 30 objects
[INFO] [ #281466388869408] 2026-06-03 15:20:21  :>>>>processBufferOrEventOptForSQL for loop execution time: 677 microseconds, processed 30 objects
[INFO] [ #281466388869408] 2026-06-03 15:20:21  :>>>>processBufferOrEventOptForSQL for loop execution time: 24 microseconds, processed 30 objects
[INFO] [ #281466388869408] 2026-06-03 15:20:21  :>>>>processBufferOrEventOptForSQL for loop execution time: 294 microseconds, processed 27 objects
[INFO] [ #281466388869408] 2026-06-03 15:20:21  :>>>>processBufferOrEventOptForSQL for loop execution time: 175 microseconds, processed 30 objects
[INFO] [ #281466388869408] 2026-06-03 15:20:21  :>>>>processBufferOrEventOptForSQL for loop execution time: 381 microseconds, processed 30 objects
[INFO] [ #281466388869408] 2026-06-03 15:20:21  :>>>>processBufferOrEventOptForSQL for loop execution time: 98 microseconds, processed 30 objects
[INFO] [ #281466388869408] 2026-06-03 15:20:21  :>>>>processBufferOrEventOptForSQL for loop execution time: 75 microseconds, processed 7 objects
[INFO] [ #281466388869408] 2026-06-03 15:20:21  :>>>>processBufferOrEventOptForSQL for loop execution time: 29 microseconds, processed 30 objects
[INFO] [ #281466388869408] 2026-06-03 15:20:21  :>>>>processBufferOrEventOptForSQL for loop execution time: 416 microseconds, processed 30 objects
[INFO] [ #281466388869408] 2026-06-03 15:20:21  :>>>>processBufferOrEventOptForSQL for loop execution time: 46 microseconds, processed 30 objects
[INFO] [ #281466388869408] 2026-06-03 15:20:21  :>>>>processBufferOrEventOptForSQL for loop execution time: 364 microseconds, processed 30 objects
[INFO] [ #281466388869408] 2026-06-03 15:20:21  :>>>>PipelinedSubpartition is blocked when pollBuffer, event data type: ObjectBufferDataType{isBuffer=false, isEvent=true, isBlockingUpstream=true, hasPriority=false, requiresAnnouncement=false}, subpartitionInfo: {"@class":"org.apache.flink.runtime.checkpoint.channel.ResultSubpartitionInfo","partitionIdx":0,"subPartitionIdx":3}
[INFO] [ #281466388869408] 2026-06-03 15:20:21  :>>>>CheckpointedInputGate::PollNext() is event
[INFO] [ #281466388869408] 2026-06-03 15:20:21  :>>>>Start to handle event, eventClassName: CheckpointBarrier
[INFO] [ #281466388869408] 2026-06-03 15:20:21  :>>>>CheckpointedInputGate::HandleEvent is CheckpointBarrier
[INFO] [ #281466388869408] 2026-06-03 15:20:21  :>>>>CheckpointedInputGate::HandleEvent finish ProcessBarrier
[INFO] [ #281466388869408] 2026-06-03 15:20:21  :>>>>Finish to handle event, eventClassName: CheckpointBarrier
[INFO] [ #281466388869408] 2026-06-03 15:20:21  :>>>>PipelinedSubpartition is blocked when pollBuffer, event data type: ObjectBufferDataType{isBuffer=false, isEvent=true, isBlockingUpstream=true, hasPriority=false, requiresAnnouncement=false}, subpartitionInfo: {"@class":"org.apache.flink.runtime.checkpoint.channel.ResultSubpartitionInfo","partitionIdx":1,"subPartitionIdx":3}
[INFO] [ #281466388869408] 2026-06-03 15:20:21  :>>>>CheckpointedInputGate::PollNext() is event
[INFO] [ #281466388869408] 2026-06-03 15:20:21  :>>>>Start to handle event, eventClassName: CheckpointBarrier
[INFO] [ #281466388869408] 2026-06-03 15:20:21  :>>>>CheckpointedInputGate::HandleEvent is CheckpointBarrier
[INFO] [ #281466388869408] 2026-06-03 15:20:21  :>>>>CheckpointedInputGate::HandleEvent finish ProcessBarrier
[INFO] [ #281466388869408] 2026-06-03 15:20:21  :>>>>Finish to handle event, eventClassName: CheckpointBarrier
[INFO] [ #281466388869408] 2026-06-03 15:20:21  :>>>>processBufferOrEventOptForSQL for loop execution time: 28 microseconds, processed 30 objects
[INFO] [ #281466388869408] 2026-06-03 15:20:21  :>>>>processBufferOrEventOptForSQL for loop execution time: 708 microseconds, processed 30 objects
[INFO] [ #281466388869408] 2026-06-03 15:20:21  :>>>>processBufferOrEventOptForSQL for loop execution time: 37 microseconds, processed 20 objects
[INFO] [ #281466388869408] 2026-06-03 15:20:21  :>>>>processBufferOrEventOptForSQL for loop execution time: 240 microseconds, processed 23 objects
[INFO] [ #281466388869408] 2026-06-03 15:20:21  :>>>>processBufferOrEventOptForSQL for loop execution time: 50 microseconds, processed 30 objects
[INFO] [ #281466388869408] 2026-06-03 15:20:21  :>>>>processBufferOrEventOptForSQL for loop execution time: 252 microseconds, processed 19 objects
[INFO] [ #281466388869408] 2026-06-03 15:20:21  :>>>>processBufferOrEventOptForSQL for loop execution time: 102 microseconds, processed 30 objects
[INFO] [ #281466388869408] 2026-06-03 15:20:21  :>>>>processBufferOrEventOptForSQL for loop execution time: 355 microseconds, processed 23 objects
[INFO] [ #281466388869408] 2026-06-03 15:20:21  :>>>>processBufferOrEventOptForSQL for loop execution time: 45 microseconds, processed 30 objects
[INFO] [ #281466388869408] 2026-06-03 15:20:21  :>>>>processBufferOrEventOptForSQL for loop execution time: 528 microseconds, processed 30 objects
[INFO] [ #281466388869408] 2026-06-03 15:20:21  :>>>>processBufferOrEventOptForSQL for loop execution time: 46 microseconds, processed 30 objects
[INFO] [ #281466388869408] 2026-06-03 15:20:21  :>>>>processBufferOrEventOptForSQL for loop execution time: 0 microseconds, processed 1 objects
[INFO] [ #281466388869408] 2026-06-03 15:20:21  :>>>>processBufferOrEventOptForSQL for loop execution time: 63 microseconds, processed 30 objects
[INFO] [ #281466388869408] 2026-06-03 15:20:21  :>>>>processBufferOrEventOptForSQL for loop execution time: 0 microseconds, processed 1 objects
[INFO] [ #281466388869408] 2026-06-03 15:20:21  :>>>>processBufferOrEventOptForSQL for loop execution time: 64 microseconds, processed 30 objects
[INFO] [ #281466388869408] 2026-06-03 15:20:21  :>>>>processBufferOrEventOptForSQL for loop execution time: 29 microseconds, processed 2 objects
[INFO] [ #281466388869408] 2026-06-03 15:20:21  :>>>>processBufferOrEventOptForSQL for loop execution time: 52 microseconds, processed 30 objects
[INFO] [ #281466388869408] 2026-06-03 15:20:21  :>>>>processBufferOrEventOptForSQL for loop execution time: 170 microseconds, processed 16 objects
[INFO] [ #281466388869408] 2026-06-03 15:20:21  :>>>>processBufferOrEventOptForSQL for loop execution time: 30 microseconds, processed 28 objects
[INFO] [ #281466388869408] 2026-06-03 15:20:21  :>>>>processBufferOrEventOptForSQL for loop execution time: 0 microseconds, processed 1 objects
[INFO] [ #281466388869408] 2026-06-03 15:20:21  :>>>>processBufferOrEventOptForSQL for loop execution time: 14 microseconds, processed 6 objects
[INFO] [ #281466388869408] 2026-06-03 15:20:21  :>>>>processBufferOrEventOptForSQL for loop execution time: 21 microseconds, processed 23 objects
[INFO] [ #281466388869408] 2026-06-03 15:20:21  :>>>>processBufferOrEventOptForSQL for loop execution time: 72 microseconds, processed 30 objects
[INFO] [ #281466388869408] 2026-06-03 15:20:21  :>>>>processBufferOrEventOptForSQL for loop execution time: 32 microseconds, processed 24 objects
[INFO] [ #281466388869408] 2026-06-03 15:20:21  :>>>>processBufferOrEventOptForSQL for loop execution time: 38 microseconds, processed 30 objects
[INFO] [ #281466388869408] 2026-06-03 15:20:21  :>>>>CheckpointedInputGate::PollNext() is event
[INFO] [ #281466388869408] 2026-06-03 15:20:21  :>>>>Start to handle event, eventClassName: CheckpointBarrier
[INFO] [ #281466388869408] 2026-06-03 15:20:21  :>>>>CheckpointedInputGate::HandleEvent is CheckpointBarrier
[INFO] [ #281466388869408] 2026-06-03 15:20:21  :>>>>CheckpointedInputGate::HandleEvent finish ProcessBarrier
[INFO] [ #281466388869408] 2026-06-03 15:20:21  :>>>>Finish to handle event, eventClassName: CheckpointBarrier
[INFO] [ #281466388869408] 2026-06-03 15:20:21  :>>>>processBufferOrEventOptForSQL for loop execution time: 45 microseconds, processed 26 objects
[INFO] [ #281466388869408] 2026-06-03 15:20:21  :>>>>processBufferOrEventOptForSQL for loop execution time: 0 microseconds, processed 1 objects
[INFO] [ #281466388869408] 2026-06-03 15:20:21  :>>>>processBufferOrEventOptForSQL for loop execution time: 0 microseconds, processed 1 objects
[INFO] [ #281466388869408] 2026-06-03 15:20:21  :>>>>processBufferOrEventOptForSQL for loop execution time: 0 microseconds, processed 1 objects
[INFO] [ #281465732067616] 2026-06-03 15:20:21  :>>>>processBufferOrEventOptForSQL for loop execution time: 260259857 microseconds, processed 21 objects
[INFO] [ #281465732067616] 2026-06-03 15:20:21  :>>>>processBufferOrEventOptForSQL for loop execution time: 0 microseconds, processed 1 objects
[INFO] [ #281465732067616] 2026-06-03 15:20:21  :>>>>processBufferOrEventOptForSQL for loop execution time: 634 microseconds, processed 30 objects
[INFO] [ #281465732067616] 2026-06-03 15:20:21  :>>>>processBufferOrEventOptForSQL for loop execution time: 1 microseconds, processed 1 objects
[INFO] [ #281465732067616] 2026-06-03 15:20:21  :>>>>processBufferOrEventOptForSQL for loop execution time: 371 microseconds, processed 30 objects
[INFO] [ #281465732067616] 2026-06-03 15:20:21  :>>>>processBufferOrEventOptForSQL for loop execution time: 1 microseconds, processed 1 objects
[INFO] [ #281465732067616] 2026-06-03 15:20:21  :>>>>processBufferOrEventOptForSQL for loop execution time: 532 microseconds, processed 30 objects
[INFO] [ #281465732067616] 2026-06-03 15:20:21  :>>>>processBufferOrEventOptForSQL for loop execution time: 20 microseconds, processed 11 objects
[INFO] [ #281465732067616] 2026-06-03 15:20:21  :>>>>processBufferOrEventOptForSQL for loop execution time: 26 microseconds, processed 2 objects
[INFO] [ #281465732067616] 2026-06-03 15:20:21  :>>>>processBufferOrEventOptForSQL for loop execution time: 8 microseconds, processed 2 objects
[INFO] [ #281465732067616] 2026-06-03 15:20:21  :>>>>processBufferOrEventOptForSQL for loop execution time: 225 microseconds, processed 19 objects
[INFO] [ #281465732067616] 2026-06-03 15:20:21  :>>>>processBufferOrEventOptForSQL for loop execution time: 35 microseconds, processed 27 objects
[INFO] [ #281465732067616] 2026-06-03 15:20:21  :>>>>processBufferOrEventOptForSQL for loop execution time: 2 microseconds, processed 1 objects
[INFO] [ #281465732067616] 2026-06-03 15:20:21  :>>>>processBufferOrEventOptForSQL for loop execution time: 6 microseconds, processed 6 objects
[INFO] [ #281465732067616] 2026-06-03 15:20:21  :>>>>processBufferOrEventOptForSQL for loop execution time: 0 microseconds, processed 1 objects
[INFO] [ #281465732067616] 2026-06-03 15:20:21  :>>>>processBufferOrEventOptForSQL for loop execution time: 0 microseconds, processed 4 objects
[INFO] [ #281465732067616] 2026-06-03 15:20:21  :>>>>processBufferOrEventOptForSQL for loop execution time: 121 microseconds, processed 6 objects
[INFO] [ #281465732067616] 2026-06-03 15:20:21  :>>>>PipelinedSubpartition is blocked when pollBuffer, event data type: ObjectBufferDataType{isBuffer=false, isEvent=true, isBlockingUpstream=true, hasPriority=false, requiresAnnouncement=false}, subpartitionInfo: {"@class":"org.apache.flink.runtime.checkpoint.channel.ResultSubpartitionInfo","partitionIdx":0,"subPartitionIdx":7}
[INFO] [ #281465732067616] 2026-06-03 15:20:21  :>>>>CheckpointedInputGate::PollNext() is event
[INFO] [ #281465732067616] 2026-06-03 15:20:21  :>>>>Start to handle event, eventClassName: CheckpointBarrier
[INFO] [ #281465732067616] 2026-06-03 15:20:21  :>>>>CheckpointedInputGate::HandleEvent is CheckpointBarrier
[INFO] [ #281465732067616] 2026-06-03 15:20:21  :>>>>CheckpointedInputGate::HandleEvent finish ProcessBarrier
[INFO] [ #281465732067616] 2026-06-03 15:20:21  :>>>>Finish to handle event, eventClassName: CheckpointBarrier
[INFO] [ #281465732067616] 2026-06-03 15:20:21  :>>>>processBufferOrEventOptForSQL for loop execution time: 377 microseconds, processed 30 objects
[INFO] [ #281465732067616] 2026-06-03 15:20:21  :>>>>processBufferOrEventOptForSQL for loop execution time: 0 microseconds, processed 2 objects
[INFO] [ #281465732067616] 2026-06-03 15:20:21  :>>>>processBufferOrEventOptForSQL for loop execution time: 0 microseconds, processed 1 objects
[INFO] [ #281465732067616] 2026-06-03 15:20:21  :>>>>processBufferOrEventOptForSQL for loop execution time: 24 microseconds, processed 11 objects
[INFO] [ #281465732067616] 2026-06-03 15:20:21  :>>>>processBufferOrEventOptForSQL for loop execution time: 418 microseconds, processed 30 objects
[INFO] [ #281465732067616] 2026-06-03 15:20:21  :>>>>processBufferOrEventOptForSQL for loop execution time: 31 microseconds, processed 30 objects
Complete future complete!
[INFO] [ #281470096634144] 2026-06-03 15:20:21  :>>>>triggerCheckpointInMailbox - executing, checkpointId=2
[INFO] [ #281465732067616] 2026-06-03 15:20:21  :>>>>processBufferOrEventOptForSQL for loop execution time: 311 microseconds, processed 30 objects
[INFO] [ #281470096634144] 2026-06-03 15:20:21  :>>>>TriggerCheckpointAsyncInMailbox - START, checkpointId=2, task=Source: kafka[1] -> (Calc[2] -> WatermarkAssigner(rowtime=[dateTime], watermark=[(dateTime - 4000:INTERVAL SECOND)]) -> Calc[4], Calc[6] -> WatermarkAssigner(rowtime=[dateTime], watermark=[(dateTime - 4000:INTERVAL SECOND)]) -> Calc[8])
[INFO] [ #281470096634144] 2026-06-03 15:20:21  :>>>>TriggerCheckpointAsyncInMailbox - calling PerformCheckpoint, checkpointId=2
[INFO] [ #281470096634144] 2026-06-03 15:20:21  :>>>>PerformCheckpoint - START, checkpointId=2, task=Source: kafka[1] -> (Calc[2] -> WatermarkAssigner(rowtime=[dateTime], watermark=[(dateTime - 4000:INTERVAL SECOND)]) -> Calc[4], Calc[6] -> WatermarkAssigner(rowtime=[dateTime], watermark=[(dateTime - 4000:INTERVAL SECOND)]) -> Calc[8])
[INFO] [ #281470096634144] 2026-06-03 15:20:21  :>>>>PerformCheckpoint - calling subtaskCheckpointCoordinator->checkpointState, checkpointId=2
[INFO] [ #281465732067616] 2026-06-03 15:20:21  :>>>>processBufferOrEventOptForSQL for loop execution time: 51 microseconds, processed 30 objects
[INFO] [ #281470096634144] 2026-06-03 15:20:21  :>>>>PipelinedSubpartition is blocked when pollBuffer, event data type: ObjectBufferDataType{isBuffer=false, isEvent=true, isBlockingUpstream=true, hasPriority=false, requiresAnnouncement=false}, subpartitionInfo: {"@class":"org.apache.flink.runtime.checkpoint.channel.ResultSubpartitionInfo","partitionIdx":0,"subPartitionIdx":0}
[INFO] [ #281470096634144] 2026-06-03 15:20:21  :>>>>PipelinedSubpartition is blocked when pollBuffer, event data type: ObjectBufferDataType{isBuffer=false, isEvent=true, isBlockingUpstream=true, hasPriority=false, requiresAnnouncement=false}, subpartitionInfo: {"@class":"org.apache.flink.runtime.checkpoint.channel.ResultSubpartitionInfo","partitionIdx":0,"subPartitionIdx":1}
[INFO] [ #281470096634144] 2026-06-03 15:20:21  :>>>>PipelinedSubpartition is blocked when pollBuffer, event data type: ObjectBufferDataType{isBuffer=false, isEvent=true, isBlockingUpstream=true, hasPriority=false, requiresAnnouncement=false}, subpartitionInfo: {"@class":"org.apache.flink.runtime.checkpoint.channel.ResultSubpartitionInfo","partitionIdx":0,"subPartitionIdx":2}
[INFO] [ #281470096634144] 2026-06-03 15:20:21  :>>>>PipelinedSubpartition is blocked when pollBuffer, event data type: ObjectBufferDataType{isBuffer=false, isEvent=true, isBlockingUpstream=true, hasPriority=false, requiresAnnouncement=false}, subpartitionInfo: {"@class":"org.apache.flink.runtime.checkpoint.channel.ResultSubpartitionInfo","partitionIdx":0,"subPartitionIdx":4}
[INFO] [ #281470096634144] 2026-06-03 15:20:21  :>>>>PipelinedSubpartition is blocked when pollBuffer, event data type: ObjectBufferDataType{isBuffer=false, isEvent=true, isBlockingUpstream=true, hasPriority=false, requiresAnnouncement=false}, subpartitionInfo: {"@class":"org.apache.flink.runtime.checkpoint.channel.ResultSubpartitionInfo","partitionIdx":0,"subPartitionIdx":5}
[INFO] [ #281470096634144] 2026-06-03 15:20:21  :>>>>PipelinedSubpartition is blocked when pollBuffer, event data type: ObjectBufferDataType{isBuffer=false, isEvent=true, isBlockingUpstream=true, hasPriority=false, requiresAnnouncement=false}, subpartitionInfo: {"@class":"org.apache.flink.runtime.checkpoint.channel.ResultSubpartitionInfo","partitionIdx":0,"subPartitionIdx":6}
[INFO] [ #281470096634144] 2026-06-03 15:20:21  :>>>>PipelinedSubpartition is blocked when pollBuffer, event data type: ObjectBufferDataType{isBuffer=false, isEvent=true, isBlockingUpstream=true, hasPriority=false, requiresAnnouncement=false}, subpartitionInfo: {"@class":"org.apache.flink.runtime.checkpoint.channel.ResultSubpartitionInfo","partitionIdx":1,"subPartitionIdx":0}
[INFO] [ #281470096634144] 2026-06-03 15:20:21  :>>>>PipelinedSubpartition is blocked when pollBuffer, event data type: ObjectBufferDataType{isBuffer=false, isEvent=true, isBlockingUpstream=true, hasPriority=false, requiresAnnouncement=false}, subpartitionInfo: {"@class":"org.apache.flink.runtime.checkpoint.channel.ResultSubpartitionInfo","partitionIdx":1,"subPartitionIdx":1}
[INFO] [ #281470096634144] 2026-06-03 15:20:21  :>>>>PipelinedSubpartition is blocked when pollBuffer, event data type: ObjectBufferDataType{isBuffer=false, isEvent=true, isBlockingUpstream=true, hasPriority=false, requiresAnnouncement=false}, subpartitionInfo: {"@class":"org.apache.flink.runtime.checkpoint.channel.ResultSubpartitionInfo","partitionIdx":1,"subPartitionIdx":2}
[INFO] [ #281470096634144] 2026-06-03 15:20:21  :>>>>PipelinedSubpartition is blocked when pollBuffer, event data type: ObjectBufferDataType{isBuffer=false, isEvent=true, isBlockingUpstream=true, hasPriority=false, requiresAnnouncement=false}, subpartitionInfo: {"@class":"org.apache.flink.runtime.checkpoint.channel.ResultSubpartitionInfo","partitionIdx":1,"subPartitionIdx":4}
[INFO] [ #281470096634144] 2026-06-03 15:20:21  :>>>>PipelinedSubpartition is blocked when pollBuffer, event data type: ObjectBufferDataType{isBuffer=false, isEvent=true, isBlockingUpstream=true, hasPriority=false, requiresAnnouncement=false}, subpartitionInfo: {"@class":"org.apache.flink.runtime.checkpoint.channel.ResultSubpartitionInfo","partitionIdx":1,"subPartitionIdx":5}
[INFO] [ #281470096634144] 2026-06-03 15:20:21  :>>>>PipelinedSubpartition is blocked when pollBuffer, event data type: ObjectBufferDataType{isBuffer=false, isEvent=true, isBlockingUpstream=true, hasPriority=false, requiresAnnouncement=false}, subpartitionInfo: {"@class":"org.apache.flink.runtime.checkpoint.channel.ResultSubpartitionInfo","partitionIdx":1,"subPartitionIdx":6}
[INFO] [ #281470096634144] 2026-06-03 15:20:21  :>>>>savepoint: OperatorChainV2::CheckpointStreamOperator op type=15StreamCalcBatch
[INFO] [ #281470096634144] 2026-06-03 15:20:21  :>>>>savepoint: OperatorChainV2::CheckpointStreamOperator StreamOperator::SnapshotState
[INFO] [ #281470096634144] 2026-06-03 15:20:21  :>>>>savepoint: OperatorChainV2::CheckpointStreamOperator op type=25WatermarkAssignerOperator
[INFO] [ #281470096634144] 2026-06-03 15:20:21  :>>>>savepoint: OperatorChainV2::CheckpointStreamOperator StreamOperator::SnapshotState
[INFO] [ #281470096634144] 2026-06-03 15:20:21  :>>>>savepoint: OperatorChainV2::CheckpointStreamOperator op type=15StreamCalcBatch
[INFO] [ #281470096634144] 2026-06-03 15:20:21  :>>>>savepoint: OperatorChainV2::CheckpointStreamOperator StreamOperator::SnapshotState
[INFO] [ #281470096634144] 2026-06-03 15:20:21  :>>>>savepoint: OperatorChainV2::CheckpointStreamOperator op type=15StreamCalcBatch
[INFO] [ #281470096634144] 2026-06-03 15:20:21  :>>>>savepoint: OperatorChainV2::CheckpointStreamOperator StreamOperator::SnapshotState
[INFO] [ #281470096634144] 2026-06-03 15:20:21  :>>>>savepoint: OperatorChainV2::CheckpointStreamOperator op type=25WatermarkAssignerOperator
[INFO] [ #281470096634144] 2026-06-03 15:20:21  :>>>>savepoint: OperatorChainV2::CheckpointStreamOperator StreamOperator::SnapshotState
[INFO] [ #281470096634144] 2026-06-03 15:20:21  :>>>>savepoint: OperatorChainV2::CheckpointStreamOperator op type=15StreamCalcBatch
[INFO] [ #281470096634144] 2026-06-03 15:20:21  :>>>>savepoint: OperatorChainV2::CheckpointStreamOperator StreamOperator::SnapshotState
[INFO] [ #281470096634144] 2026-06-03 15:20:21  :>>>>savepoint: OperatorChainV2::CheckpointStreamOperator op type=N10omnistream12StreamSourceINS_11VectorBatchEEE
[INFO] [ #281470096634144] 2026-06-03 15:20:21  :>>>>savepoint: OperatorChainV2::CheckpointStreamOperator StreamOperator::SnapshotState
[INFO] [ #281470096634144] 2026-06-03 15:20:21  :>>>>savepoint: StreamOperatorStateHandler::snapshotState streamOperator type=N10omnistream12StreamSourceINS_11VectorBatchEEE
[INFO] [ #281470096634144] 2026-06-03 15:20:21  :>>>>Error:HeapSnapshotStrategy: no states to snapshot, returning empty
[INFO] [ #281470096634144] 2026-06-03 15:20:21  :>>>>PerformCheckpoint - checkpointState completed, checkpointId=2
[INFO] [ #281470096634144] 2026-06-03 15:20:21  :>>>>TriggerCheckpointAsyncInMailbox - PerformCheckpoint returned=1, checkpointId=2
Complete future complete!
[INFO] [ #281464534987040] 2026-06-03 15:20:21  :>>>>processBufferOrEventOptForSQL for loop execution time: 610 microseconds, processed 30 objects
[INFO] [ #281464534987040] 2026-06-03 15:20:21  :>>>>processBufferOrEventOptForSQL for loop execution time: 283 microseconds, processed 30 objects
[INFO] [ #281464534987040] 2026-06-03 15:20:21  :>>>>processBufferOrEventOptForSQL for loop execution time: 547 microseconds, processed 30 objects
[INFO] [ #281464058081568] 2026-06-03 15:20:21  :>>>>processBufferOrEventOptForSQL for loop execution time: 3 microseconds, processed 30 objects
[INFO] [ #281464058081568] 2026-06-03 15:20:21  :>>>>processBufferOrEventOptForSQL for loop execution time: 1 microseconds, processed 30 objects
[INFO] [ #281464058081568] 2026-06-03 15:20:21  :>>>>processBufferOrEventOptForSQL for loop execution time: 3 microseconds, processed 30 objects
[INFO] [ #281464058081568] 2026-06-03 15:20:21  :>>>>processBufferOrEventOptForSQL for loop execution time: 0 microseconds, processed 30 objects
[INFO] [ #281464058081568] 2026-06-03 15:20:21  :>>>>processBufferOrEventOptForSQL for loop execution time: 2 microseconds, processed 23 objects
[INFO] [ #281464534987040] 2026-06-03 15:20:21  :>>>>processBufferOrEventOptForSQL for loop execution time: 664 microseconds, processed 30 objects
[INFO] [ #281464534987040] 2026-06-03 15:20:21  :>>>>processBufferOrEventOptForSQL for loop execution time: 493 microseconds, processed 30 objects
[INFO] [ #281464534987040] 2026-06-03 15:20:21  :>>>>processBufferOrEventOptForSQL for loop execution time: 482 microseconds, processed 30 objects
[INFO] [ #281464534987040] 2026-06-03 15:20:21  :>>>>processBufferOrEventOptForSQL for loop execution time: 470 microseconds, processed 30 objects
[INFO] [ #281464534987040] 2026-06-03 15:20:21  :>>>>processBufferOrEventOptForSQL for loop execution time: 483 microseconds, processed 30 objects
[INFO] [ #281464534987040] 2026-06-03 15:20:21  :>>>>processBufferOrEventOptForSQL for loop execution time: 367 microseconds, processed 30 objects
[INFO] [ #281464534987040] 2026-06-03 15:20:21  :>>>>processBufferOrEventOptForSQL for loop execution time: 310 microseconds, processed 30 objects
[INFO] [ #281464534987040] 2026-06-03 15:20:21  :>>>>processBufferOrEventOptForSQL for loop execution time: 518 microseconds, processed 30 objects
[INFO] [ #281464534987040] 2026-06-03 15:20:21  :>>>>processBufferOrEventOptForSQL for loop execution time: 1233 microseconds, processed 30 objects
[INFO] [ #281464534987040] 2026-06-03 15:20:21  :>>>>processBufferOrEventOptForSQL for loop execution time: 503 microseconds, processed 30 objects
[INFO] [ #281464534987040] 2026-06-03 15:20:21  :>>>>processBufferOrEventOptForSQL for loop execution time: 504 microseconds, processed 30 objects
[INFO] [ #281464534987040] 2026-06-03 15:20:21  :>>>>processBufferOrEventOptForSQL for loop execution time: 534 microseconds, processed 30 objects
[INFO] [ #281464534987040] 2026-06-03 15:20:21  :>>>>processBufferOrEventOptForSQL for loop execution time: 498 microseconds, processed 30 objects
[INFO] [ #281465732067616] 2026-06-03 15:20:21  :>>>>processBufferOrEventOptForSQL for loop execution time: 293 microseconds, processed 24 objects
[INFO] [ #281465732067616] 2026-06-03 15:20:21  :>>>>processBufferOrEventOptForSQL for loop execution time: 52 microseconds, processed 30 objects
[INFO] [ #281464534987040] 2026-06-03 15:20:21  :>>>>processBufferOrEventOptForSQL for loop execution time: 399 microseconds, processed 30 objects
[INFO] [ #281465732067616] 2026-06-03 15:20:21  :>>>>processBufferOrEventOptForSQL for loop execution time: 408 microseconds, processed 30 objects
[INFO] [ #281465732067616] 2026-06-03 15:20:21  :>>>>processBufferOrEventOptForSQL for loop execution time: 60 microseconds, processed 30 objects
[INFO] [ #281464534987040] 2026-06-03 15:20:21  :>>>>processBufferOrEventOptForSQL for loop execution time: 229 microseconds, processed 30 objects
[INFO] [ #281464534987040] 2026-06-03 15:20:21  :>>>>processBufferOrEventOptForSQL for loop execution time: 511 microseconds, processed 30 objects
[INFO] [ #281465732067616] 2026-06-03 15:20:21  :>>>>processBufferOrEventOptForSQL for loop execution time: 761 microseconds, processed 30 objects
[INFO] [ #281465732067616] 2026-06-03 15:20:21  :>>>>processBufferOrEventOptForSQL for loop execution time: 30 microseconds, processed 30 objects
[INFO] [ #281464534987040] 2026-06-03 15:20:21  :>>>>processBufferOrEventOptForSQL for loop execution time: 493 microseconds, processed 30 objects
[INFO] [ #281465732067616] 2026-06-03 15:20:21  :>>>>processBufferOrEventOptForSQL for loop execution time: 530 microseconds, processed 30 objects
[INFO] [ #281465732067616] 2026-06-03 15:20:21  :>>>>processBufferOrEventOptForSQL for loop execution time: 53 microseconds, processed 30 objects
[INFO] [ #281464534987040] 2026-06-03 15:20:21  :>>>>processBufferOrEventOptForSQL for loop execution time: 508 microseconds, processed 30 objects
[INFO] [ #281465732067616] 2026-06-03 15:20:21  :>>>>processBufferOrEventOptForSQL for loop execution time: 452 microseconds, processed 30 objects
[INFO] [ #281465732067616] 2026-06-03 15:20:21  :>>>>processBufferOrEventOptForSQL for loop execution time: 37 microseconds, processed 30 objects
[INFO] [ #281465732067616] 2026-06-03 15:20:21  :>>>>PipelinedSubpartition is blocked when pollBuffer, event data type: ObjectBufferDataType{isBuffer=false, isEvent=true, isBlockingUpstream=true, hasPriority=false, requiresAnnouncement=false}, subpartitionInfo: {"@class":"org.apache.flink.runtime.checkpoint.channel.ResultSubpartitionInfo","partitionIdx":1,"subPartitionIdx":7}
[INFO] [ #281465732067616] 2026-06-03 15:20:21  :>>>>CheckpointedInputGate::PollNext() is event
[INFO] [ #281465732067616] 2026-06-03 15:20:21  :>>>>Start to handle event, eventClassName: CheckpointBarrier
[INFO] [ #281465732067616] 2026-06-03 15:20:21  :>>>>CheckpointedInputGate::HandleEvent is CheckpointBarrier
[INFO] [ #281465732067616] 2026-06-03 15:20:21  :>>>>CheckpointedInputGate::HandleEvent finish ProcessBarrier
[INFO] [ #281465732067616] 2026-06-03 15:20:21  :>>>>Finish to handle event, eventClassName: CheckpointBarrier
[INFO] [ #281464534987040] 2026-06-03 15:20:21  :>>>>processBufferOrEventOptForSQL for loop execution time: 503 microseconds, processed 30 objects
[INFO] [ #281465732067616] 2026-06-03 15:20:21  :>>>>processBufferOrEventOptForSQL for loop execution time: 74 microseconds, processed 30 objects
[INFO] [ #281465732067616] 2026-06-03 15:20:21  :>>>>CheckpointedInputGate::PollNext() is event
[INFO] [ #281465732067616] 2026-06-03 15:20:21  :>>>>Start to handle event, eventClassName: CheckpointBarrier
[INFO] [ #281465732067616] 2026-06-03 15:20:21  :>>>>CheckpointedInputGate::HandleEvent is CheckpointBarrier
[INFO] [ #281465732067616] 2026-06-03 15:20:21  :>>>>CheckpointedInputGate::HandleEvent finish ProcessBarrier
[INFO] [ #281465732067616] 2026-06-03 15:20:21  :>>>>Finish to handle event, eventClassName: CheckpointBarrier
[INFO] [ #281465732067616] 2026-06-03 15:20:21  :>>>>processBufferOrEventOptForSQL for loop execution time: 45 microseconds, processed 30 objects
[INFO] [ #281464534987040] 2026-06-03 15:20:21  :>>>>processBufferOrEventOptForSQL for loop execution time: 262 microseconds, processed 30 objects
[INFO] [ #281465732067616] 2026-06-03 15:20:21  :>>>>processBufferOrEventOptForSQL for loop execution time: 87 microseconds, processed 5 objects
[INFO] [ #281465732067616] 2026-06-03 15:20:21  :>>>>processBufferOrEventOptForSQL for loop execution time: 38 microseconds, processed 30 objects
[INFO] [ #281464534987040] 2026-06-03 15:20:21  :>>>>processBufferOrEventOptForSQL for loop execution time: 232 microseconds, processed 30 objects
[INFO] [ #281465732067616] 2026-06-03 15:20:21  :>>>>processBufferOrEventOptForSQL for loop execution time: 338 microseconds, processed 30 objects
[INFO] [ #281465732067616] 2026-06-03 15:20:21  :>>>>processBufferOrEventOptForSQL for loop execution time: 46 microseconds, processed 30 objects
[INFO] [ #281464534987040] 2026-06-03 15:20:21  :>>>>processBufferOrEventOptForSQL for loop execution time: 498 microseconds, processed 30 objects
[INFO] [ #281465732067616] 2026-06-03 15:20:21  :>>>>processBufferOrEventOptForSQL for loop execution time: 414 microseconds, processed 30 objects
[INFO] [ #281465732067616] 2026-06-03 15:20:21  :>>>>processBufferOrEventOptForSQL for loop execution time: 42 microseconds, processed 30 objects
[INFO] [ #281464534987040] 2026-06-03 15:20:21  :>>>>processBufferOrEventOptForSQL for loop execution time: 494 microseconds, processed 30 objects
[INFO] [ #281465732067616] 2026-06-03 15:20:21  :>>>>processBufferOrEventOptForSQL for loop execution time: 271 microseconds, processed 30 objects
[INFO] [ #281465732067616] 2026-06-03 15:20:21  :>>>>processBufferOrEventOptForSQL for loop execution time: 55 microseconds, processed 30 objects
[INFO] [ #281464534987040] 2026-06-03 15:20:21  :>>>>processBufferOrEventOptForSQL for loop execution time: 494 microseconds, processed 30 objects
[INFO] [ #281465732067616] 2026-06-03 15:20:21  :>>>>processBufferOrEventOptForSQL for loop execution time: 428 microseconds, processed 25 objects
[INFO] [ #281465732067616] 2026-06-03 15:20:21  :>>>>processBufferOrEventOptForSQL for loop execution time: 63 microseconds, processed 30 objects
[INFO] [ #281464534987040] 2026-06-03 15:20:21  :>>>>processBufferOrEventOptForSQL for loop execution time: 564 microseconds, processed 30 objects
[INFO] [ #281465732067616] 2026-06-03 15:20:21  :>>>>processBufferOrEventOptForSQL for loop execution time: 770 microseconds, processed 30 objects
[INFO] [ #281465732067616] 2026-06-03 15:20:21  :>>>>processBufferOrEventOptForSQL for loop execution time: 50 microseconds, processed 30 objects
[INFO] [ #281465732067616] 2026-06-03 15:20:21  :>>>>processBufferOrEventOptForSQL for loop execution time: 413 microseconds, processed 30 objects
[INFO] [ #281465732067616] 2026-06-03 15:20:21  :>>>>processBufferOrEventOptForSQL for loop execution time: 133 microseconds, processed 30 objects
[INFO] [ #281465732067616] 2026-06-03 15:20:21  :>>>>processBufferOrEventOptForSQL for loop execution time: 293 microseconds, processed 30 objects
[INFO] [ #281465732067616] 2026-06-03 15:20:21  :>>>>processBufferOrEventOptForSQL for loop execution time: 38 microseconds, processed 30 objects
[INFO] [ #281465732067616] 2026-06-03 15:20:21  :>>>>processBufferOrEventOptForSQL for loop execution time: 413 microseconds, processed 30 objects
[INFO] [ #281465732067616] 2026-06-03 15:20:21  :>>>>processBufferOrEventOptForSQL for loop execution time: 64 microseconds, processed 30 objects
[INFO] [ #281464534987040] 2026-06-03 15:20:21  :>>>>processBufferOrEventOptForSQL for loop execution time: 1980 microseconds, processed 30 objects
[INFO] [ #281464534987040] 2026-06-03 15:20:21  :>>>>processBufferOrEventOptForSQL for loop execution time: 251 microseconds, processed 16 objects
[INFO] [ #281464534987040] 2026-06-03 15:20:21  :>>>>processBufferOrEventOptForSQL for loop execution time: 637 microseconds, processed 30 objects
[INFO] [ #281465732067616] 2026-06-03 15:20:21  :>>>>processBufferOrEventOptForSQL for loop execution time: 1220 microseconds, processed 30 objects
[INFO] [ #281465732067616] 2026-06-03 15:20:21  :>>>>processBufferOrEventOptForSQL for loop execution time: 42 microseconds, processed 30 objects
[INFO] [ #281465732067616] 2026-06-03 15:20:21  :>>>>processBufferOrEventOptForSQL for loop execution time: 80 microseconds, processed 6 objects
[INFO] [ #281465732067616] 2026-06-03 15:20:21  :>>>>processBufferOrEventOptForSQL for loop execution time: 41 microseconds, processed 30 objects
[INFO] [ #281465352876320] 2026-06-03 15:20:21  :>>>>processBufferOrEventOptForSQL for loop execution time: 199 microseconds, processed 30 objects
[INFO] [ #281465352876320] 2026-06-03 15:20:21  :>>>>processBufferOrEventOptForSQL for loop execution time: 101 microseconds, processed 27 objects
[INFO] [ #281466388869408] 2026-06-03 15:20:21  :>>>>PipelinedSubpartition is blocked when pollBuffer, event data type: ObjectBufferDataType{isBuffer=false, isEvent=true, isBlockingUpstream=true, hasPriority=false, requiresAnnouncement=false}, subpartitionInfo: {"@class":"org.apache.flink.runtime.checkpoint.channel.ResultSubpartitionInfo","partitionIdx":0,"subPartitionIdx":3}
[INFO] [ #281466388869408] 2026-06-03 15:20:21  :>>>>CheckpointedInputGate::PollNext() is event
[INFO] [ #281466388869408] 2026-06-03 15:20:21  :>>>>Start to handle event, eventClassName: CheckpointBarrier
[INFO] [ #281466388869408] 2026-06-03 15:20:21  :>>>>CheckpointedInputGate::HandleEvent is CheckpointBarrier
[INFO] [ #281466388869408] 2026-06-03 15:20:21  :>>>>CheckpointedInputGate::HandleEvent finish ProcessBarrier
[INFO] [ #281466388869408] 2026-06-03 15:20:21  :>>>>Finish to handle event, eventClassName: CheckpointBarrier
[INFO] [ #281466388869408] 2026-06-03 15:20:21  :>>>>PipelinedSubpartition is blocked when pollBuffer, event data type: ObjectBufferDataType{isBuffer=false, isEvent=true, isBlockingUpstream=true, hasPriority=false, requiresAnnouncement=false}, subpartitionInfo: {"@class":"org.apache.flink.runtime.checkpoint.channel.ResultSubpartitionInfo","partitionIdx":1,"subPartitionIdx":3}
[INFO] [ #281466388869408] 2026-06-03 15:20:21  :>>>>CheckpointedInputGate::PollNext() is event
[INFO] [ #281466388869408] 2026-06-03 15:20:21  :>>>>Start to handle event, eventClassName: CheckpointBarrier
[INFO] [ #281466388869408] 2026-06-03 15:20:21  :>>>>CheckpointedInputGate::HandleEvent is CheckpointBarrier
[INFO] [ #281466388869408] 2026-06-03 15:20:21  :>>>>CheckpointedInputGate::HandleEvent finish ProcessBarrier
[INFO] [ #281466388869408] 2026-06-03 15:20:21  :>>>>Finish to handle event, eventClassName: CheckpointBarrier
[INFO] [ #281466388869408] 2026-06-03 15:20:21  :>>>>CheckpointedInputGate::PollNext() is event
[INFO] [ #281465732067616] 2026-06-03 15:20:21  :>>>>processBufferOrEventOptForSQL for loop execution time: 499 microseconds, processed 30 objects
[INFO] [ #281465732067616] 2026-06-03 15:20:21  :>>>>processBufferOrEventOptForSQL for loop execution time: 101 microseconds, processed 30 objects
[INFO] [ #281465352876320] 2026-06-03 15:20:21  :>>>>processBufferOrEventOptForSQL for loop execution time: 376 microseconds, processed 30 objects
[INFO] [ #281465352876320] 2026-06-03 15:20:21  :>>>>processBufferOrEventOptForSQL for loop execution time: 56 microseconds, processed 4 objects
[INFO] [ #281465352876320] 2026-06-03 15:20:21  :>>>>processBufferOrEventOptForSQL for loop execution time: 54 microseconds, processed 4 objects
[INFO] [ #281465352876320] 2026-06-03 15:20:21  :>>>>processBufferOrEventOptForSQL for loop execution time: 7 microseconds, processed 2 objects
[INFO] [ #281465352876320] 2026-06-03 15:20:21  :>>>>processBufferOrEventOptForSQL for loop execution time: 45 microseconds, processed 3 objects
[INFO] [ #281465352876320] 2026-06-03 15:20:21  :>>>>processBufferOrEventOptForSQL for loop execution time: 22 microseconds, processed 30 objects
[INFO] [ #281465732067616] 2026-06-03 15:20:21  :>>>>processBufferOrEventOptForSQL for loop execution time: 332 microseconds, processed 30 objects
[INFO] [ #281465732067616] 2026-06-03 15:20:21  :>>>>processBufferOrEventOptForSQL for loop execution time: 48 microseconds, processed 30 objects
[INFO] [ #281465352876320] 2026-06-03 15:20:21  :>>>>processBufferOrEventOptForSQL for loop execution time: 148 microseconds, processed 30 objects
[INFO] [ #281465732067616] 2026-06-03 15:20:21  :>>>>processBufferOrEventOptForSQL for loop execution time: 131 microseconds, processed 4 objects
[INFO] [ #281465732067616] 2026-06-03 15:20:21  :>>>>processBufferOrEventOptForSQL for loop execution time: 90 microseconds, processed 30 objects
[INFO] [ #281465352876320] 2026-06-03 15:20:21  :>>>>processBufferOrEventOptForSQL for loop execution time: 150 microseconds, processed 30 objects
[INFO] [ #281465352876320] 2026-06-03 15:20:21  :>>>>processBufferOrEventOptForSQL for loop execution time: 108 microseconds, processed 28 objects
[INFO] [ #281465352876320] 2026-06-03 15:20:21  :>>>>processBufferOrEventOptForSQL for loop execution time: 80 microseconds, processed 10 objects
[INFO] [ #281465732067616] 2026-06-03 15:20:21  :>>>>processBufferOrEventOptForSQL for loop execution time: 254 microseconds, processed 18 objects
[INFO] [ #281465352876320] 2026-06-03 15:20:21  :>>>>processBufferOrEventOptForSQL for loop execution time: 64 microseconds, processed 30 objects
[INFO] [ #281465732067616] 2026-06-03 15:20:21  :>>>>processBufferOrEventOptForSQL for loop execution time: 70 microseconds, processed 30 objects
[INFO] [ #281465352876320] 2026-06-03 15:20:21  :>>>>processBufferOrEventOptForSQL for loop execution time: 183 microseconds, processed 30 objects
[INFO] [ #281465732067616] 2026-06-03 15:20:21  :>>>>processBufferOrEventOptForSQL for loop execution time: 227 microseconds, processed 24 objects
[INFO] [ #281465732067616] 2026-06-03 15:20:21  :>>>>processBufferOrEventOptForSQL for loop execution time: 30 microseconds, processed 30 objects
[INFO] [ #281465352876320] 2026-06-03 15:20:21  :>>>>processBufferOrEventOptForSQL for loop execution time: 333 microseconds, processed 30 objects
[INFO] [ #281465352876320] 2026-06-03 15:20:21  :>>>>processBufferOrEventOptForSQL for loop execution time: 33 microseconds, processed 30 objects
[INFO] [ #281465352876320] 2026-06-03 15:20:21  :>>>>processBufferOrEventOptForSQL for loop execution time: 20 microseconds, processed 13 objects
[INFO] [ #281465732067616] 2026-06-03 15:20:21  :>>>>processBufferOrEventOptForSQL for loop execution time: 397 microseconds, processed 26 objects
[INFO] [ #281465732067616] 2026-06-03 15:20:21  :>>>>processBufferOrEventOptForSQL for loop execution time: 32 microseconds, processed 30 objects
[INFO] [ #281465352876320] 2026-06-03 15:20:21  :>>>>processBufferOrEventOptForSQL for loop execution time: 122 microseconds, processed 30 objects
[INFO] [ #281465352876320] 2026-06-03 15:20:21  :>>>>processBufferOrEventOptForSQL for loop execution time: 301 microseconds, processed 30 objects
[INFO] [ #281465352876320] 2026-06-03 15:20:21  :>>>>processBufferOrEventOptForSQL for loop execution time: 15 microseconds, processed 2 objects
[INFO] [ #281465352876320] 2026-06-03 15:20:21  :>>>>processBufferOrEventOptForSQL for loop execution time: 159 microseconds, processed 30 objects
[INFO] [ #281465732067616] 2026-06-03 15:20:21  :>>>>processBufferOrEventOptForSQL for loop execution time: 582 microseconds, processed 25 objects
[INFO] [ #281465732067616] 2026-06-03 15:20:21  :>>>>processBufferOrEventOptForSQL for loop execution time: 23 microseconds, processed 21 objects
[INFO] [ #281465732067616] 2026-06-03 15:20:21  :>>>>processBufferOrEventOptForSQL for loop execution time: 0 microseconds, processed 1 objects
[INFO] [ #281465352876320] 2026-06-03 15:20:21  :>>>>processBufferOrEventOptForSQL for loop execution time: 96 microseconds, processed 8 objects
[INFO] [ #281465732067616] 2026-06-03 15:20:21  :>>>>processBufferOrEventOptForSQL for loop execution time: 26 microseconds, processed 30 objects
[INFO] [ #281465732067616] 2026-06-03 15:20:21  :>>>>processBufferOrEventOptForSQL for loop execution time: 0 microseconds, processed 1 objects
[INFO] [ #281465732067616] 2026-06-03 15:20:21  :>>>>processBufferOrEventOptForSQL for loop execution time: 38 microseconds, processed 30 objects
[INFO] [ #281465732067616] 2026-06-03 15:20:21  :>>>>processBufferOrEventOptForSQL for loop execution time: 0 microseconds, processed 1 objects
[INFO] [ #281465732067616] 2026-06-03 15:20:21  :>>>>processBufferOrEventOptForSQL for loop execution time: 54 microseconds, processed 30 objects
[INFO] [ #281465352876320] 2026-06-03 15:20:21  :>>>>processBufferOrEventOptForSQL for loop execution time: 150 microseconds, processed 30 objects
[INFO] [ #281465352876320] 2026-06-03 15:20:21  :>>>>processBufferOrEventOptForSQL for loop execution time: 34 microseconds, processed 11 objects
[INFO] [ #281465352876320] 2026-06-03 15:20:21  :>>>>recordWriter is not available, wait for it, task=GroupAggregate(groupBy=[id, category], select=[id, category, MAX(price) AS final]) -> Calc[14]
[INFO] [ #281464534987040] 2026-06-03 15:20:21  :>>>>processBufferOrEventOptForSQL for loop execution time: 624 microseconds, processed 30 objects
[INFO] [ #281464534987040] 2026-06-03 15:20:21  :>>>>processBufferOrEventOptForSQL for loop execution time: 592 microseconds, processed 30 objects
[INFO] [ #281464534987040] 2026-06-03 15:20:21  :>>>>processBufferOrEventOptForSQL for loop execution time: 549 microseconds, processed 30 objects
[INFO] [ #281464534987040] 2026-06-03 15:20:21  :>>>>processBufferOrEventOptForSQL for loop execution time: 353 microseconds, processed 30 objects
[INFO] [ #281464534987040] 2026-06-03 15:20:21  :>>>>processBufferOrEventOptForSQL for loop execution time: 277 microseconds, processed 30 objects
[INFO] [ #281464534987040] 2026-06-03 15:20:21  :>>>>processBufferOrEventOptForSQL for loop execution time: 255 microseconds, processed 14 objects
[INFO] [ #281464534987040] 2026-06-03 15:20:21  :>>>>processBufferOrEventOptForSQL for loop execution time: 539 microseconds, processed 30 objects
[INFO] [ #281464534987040] 2026-06-03 15:20:21  :>>>>processBufferOrEventOptForSQL for loop execution time: 540 microseconds, processed 30 objects
[INFO] [ #281466388869408] 2026-06-03 15:20:21  :>>>>Start to handle event, eventClassName: CheckpointBarrier
[INFO] [ #281464534987040] 2026-06-03 15:20:21  :>>>>processBufferOrEventOptForSQL for loop execution time: 114 microseconds, processed 6 objects
[INFO] [ #281466388869408] 2026-06-03 15:20:21  :>>>>CheckpointedInputGate::HandleEvent is CheckpointBarrier
[INFO] [ #281466388869408] 2026-06-03 15:20:21  :>>>>CheckpointedInputGate::HandleEvent finish ProcessBarrier
[INFO] [ #281466388869408] 2026-06-03 15:20:21  :>>>>Finish to handle event, eventClassName: CheckpointBarrier
[INFO] [ #281466388869408] 2026-06-03 15:20:21  :>>>>CheckpointedInputGate::PollNext() is event
[INFO] [ #281466388869408] 2026-06-03 15:20:21  :>>>>Start to handle event, eventClassName: CheckpointBarrier
[INFO] [ #281466388869408] 2026-06-03 15:20:21  :>>>>CheckpointedInputGate::HandleEvent is CheckpointBarrier
[INFO] [ #281466388869408] 2026-06-03 15:20:21  :>>>>CheckpointedInputGate::HandleEvent finish ProcessBarrier
[INFO] [ #281466388869408] 2026-06-03 15:20:21  :>>>>Finish to handle event, eventClassName: CheckpointBarrier
[INFO] [ #281466388869408] 2026-06-03 15:20:21  :>>>>CheckpointedInputGate::PollNext() is event
[INFO] [ #281466388869408] 2026-06-03 15:20:21  :>>>>Start to handle event, eventClassName: CheckpointBarrier
[INFO] [ #281466388869408] 2026-06-03 15:20:21  :>>>>CheckpointedInputGate::HandleEvent is CheckpointBarrier
[INFO] [ #281466388869408] 2026-06-03 15:20:21  :>>>>CheckpointedInputGate::HandleEvent finish ProcessBarrier
[INFO] [ #281466388869408] 2026-06-03 15:20:21  :>>>>Finish to handle event, eventClassName: CheckpointBarrier
[INFO] [ #281464534987040] 2026-06-03 15:20:21  :>>>>processBufferOrEventOptForSQL for loop execution time: 1040 microseconds, processed 30 objects
[INFO] [ #281464534987040] 2026-06-03 15:20:21  :>>>>processBufferOrEventOptForSQL for loop execution time: 540 microseconds, processed 30 objects
[INFO] [ #281464534987040] 2026-06-03 15:20:21  :>>>>processBufferOrEventOptForSQL for loop execution time: 354 microseconds, processed 19 objects
[INFO] [ #281464534987040] 2026-06-03 15:20:21  :>>>>processBufferOrEventOptForSQL for loop execution time: 393 microseconds, processed 30 objects
[INFO] [ #281464534987040] 2026-06-03 15:20:21  :>>>>processBufferOrEventOptForSQL for loop execution time: 533 microseconds, processed 30 objects
[INFO] [ #281464534987040] 2026-06-03 15:20:21  :>>>>processBufferOrEventOptForSQL for loop execution time: 381 microseconds, processed 30 objects
[INFO] [ #281464534987040] 2026-06-03 15:20:21  :>>>>processBufferOrEventOptForSQL for loop execution time: 535 microseconds, processed 30 objects
[INFO] [ #281464534987040] 2026-06-03 15:20:21  :>>>>processBufferOrEventOptForSQL for loop execution time: 406 microseconds, processed 30 objects
[INFO] [ #281464534987040] 2026-06-03 15:20:21  :>>>>processBufferOrEventOptForSQL for loop execution time: 282 microseconds, processed 30 objects
[INFO] [ #281464534987040] 2026-06-03 15:20:21  :>>>>processBufferOrEventOptForSQL for loop execution time: 2711 microseconds, processed 30 objects
[INFO] [ #281464534987040] 2026-06-03 15:20:21  :>>>>processBufferOrEventOptForSQL for loop execution time: 398 microseconds, processed 30 objects
[INFO] [ #281464534987040] 2026-06-03 15:20:21  :>>>>processBufferOrEventOptForSQL for loop execution time: 190 microseconds, processed 30 objects
[INFO] [ #281464534987040] 2026-06-03 15:20:21  :>>>>processBufferOrEventOptForSQL for loop execution time: 1122 microseconds, processed 30 objects
[INFO] [ #281464534987040] 2026-06-03 15:20:21  :>>>>processBufferOrEventOptForSQL for loop execution time: 301 microseconds, processed 30 objects
[INFO] [ #281464534987040] 2026-06-03 15:20:21  :>>>>processBufferOrEventOptForSQL for loop execution time: 370 microseconds, processed 30 objects
[INFO] [ #281464534987040] 2026-06-03 15:20:21  :>>>>processBufferOrEventOptForSQL for loop execution time: 292 microseconds, processed 30 objects
[INFO] [ #281464534987040] 2026-06-03 15:20:21  :>>>>processBufferOrEventOptForSQL for loop execution time: 315 microseconds, processed 30 objects
[INFO] [ #281464534987040] 2026-06-03 15:20:21  :>>>>processBufferOrEventOptForSQL for loop execution time: 413 microseconds, processed 30 objects
[INFO] [ #281464534987040] 2026-06-03 15:20:21  :>>>>processBufferOrEventOptForSQL for loop execution time: 82 microseconds, processed 4 objects
[INFO] [ #281465732067616] 2026-06-03 15:20:21  :>>>>CheckpointedInputGate::PollNext() is event
[INFO] [ #281465732067616] 2026-06-03 15:20:21  :>>>>Start to handle event, eventClassName: CheckpointBarrier
[INFO] [ #281465732067616] 2026-06-03 15:20:21  :>>>>CheckpointedInputGate::HandleEvent is CheckpointBarrier
[INFO] [ #281465732067616] 2026-06-03 15:20:21  :>>>>CheckpointedInputGate::HandleEvent finish ProcessBarrier
[INFO] [ #281465732067616] 2026-06-03 15:20:21  :>>>>Finish to handle event, eventClassName: CheckpointBarrier
[INFO] [ #281465732067616] 2026-06-03 15:20:21  :>>>>processBufferOrEventOptForSQL for loop execution time: 73 microseconds, processed 30 objects
[INFO] [ #281465732067616] 2026-06-03 15:20:21  :>>>>processBufferOrEventOptForSQL for loop execution time: 39 microseconds, processed 30 objects
[INFO] [ #281465732067616] 2026-06-03 15:20:21  :>>>>processBufferOrEventOptForSQL for loop execution time: 24 microseconds, processed 30 objects
[INFO] [ #281465732067616] 2026-06-03 15:20:21  :>>>>processBufferOrEventOptForSQL for loop execution time: 73 microseconds, processed 30 objects
[INFO] [ #281465732067616] 2026-06-03 15:20:21  :>>>>processBufferOrEventOptForSQL for loop execution time: 23 microseconds, processed 26 objects
[INFO] [ #281465732067616] 2026-06-03 15:20:21  :>>>>processBufferOrEventOptForSQL for loop execution time: 33 microseconds, processed 30 objects
[INFO] [ #281465732067616] 2026-06-03 15:20:21  :>>>>processBufferOrEventOptForSQL for loop execution time: 13 microseconds, processed 9 objects
[INFO] [ #281465732067616] 2026-06-03 15:20:21  :>>>>processBufferOrEventOptForSQL for loop execution time: 28 microseconds, processed 30 objects
[INFO] [ #281465732067616] 2026-06-03 15:20:21  :>>>>processBufferOrEventOptForSQL for loop execution time: 27 microseconds, processed 23 objects
[INFO] [ #281465732067616] 2026-06-03 15:20:21  :>>>>processBufferOrEventOptForSQL for loop execution time: 19 microseconds, processed 21 objects
[INFO] [ #281465732067616] 2026-06-03 15:20:21  :>>>>PipelinedSubpartition is blocked when pollBuffer, event data type: ObjectBufferDataType{isBuffer=false, isEvent=true, isBlockingUpstream=true, hasPriority=false, requiresAnnouncement=false}, subpartitionInfo: {"@class":"org.apache.flink.runtime.checkpoint.channel.ResultSubpartitionInfo","partitionIdx":0,"subPartitionIdx":7}
[INFO] [ #281465732067616] 2026-06-03 15:20:21  :>>>>CheckpointedInputGate::PollNext() is event
[INFO] [ #281465732067616] 2026-06-03 15:20:21  :>>>>Start to handle event, eventClassName: CheckpointBarrier
[INFO] [ #281465732067616] 2026-06-03 15:20:21  :>>>>CheckpointedInputGate::HandleEvent is CheckpointBarrier
[INFO] [ #281465732067616] 2026-06-03 15:20:21  :>>>>CheckpointedInputGate::HandleEvent finish ProcessBarrier
[INFO] [ #281465732067616] 2026-06-03 15:20:21  :>>>>Finish to handle event, eventClassName: CheckpointBarrier
[INFO] [ #281465732067616] 2026-06-03 15:20:21  :>>>>CheckpointedInputGate::PollNext() is event
[INFO] [ #281465732067616] 2026-06-03 15:20:21  :>>>>Start to handle event, eventClassName: CheckpointBarrier
[INFO] [ #281465732067616] 2026-06-03 15:20:21  :>>>>CheckpointedInputGate::HandleEvent is CheckpointBarrier
[INFO] [ #281465732067616] 2026-06-03 15:20:21  :>>>>CheckpointedInputGate::HandleEvent finish ProcessBarrier
[INFO] [ #281465732067616] 2026-06-03 15:20:21  :>>>>Finish to handle event, eventClassName: CheckpointBarrier
[INFO] [ #281465732067616] 2026-06-03 15:20:21  :>>>>processBufferOrEventOptForSQL for loop execution time: 10 microseconds, processed 12 objects
[INFO] [ #281465732067616] 2026-06-03 15:20:21  :>>>>CheckpointedInputGate::PollNext() is event
[INFO] [ #281465732067616] 2026-06-03 15:20:21  :>>>>Start to handle event, eventClassName: CheckpointBarrier
[INFO] [ #281465732067616] 2026-06-03 15:20:21  :>>>>CheckpointedInputGate::HandleEvent is CheckpointBarrier
[INFO] [ #281465732067616] 2026-06-03 15:20:21  :>>>>CheckpointedInputGate::HandleEvent finish ProcessBarrier
[INFO] [ #281465732067616] 2026-06-03 15:20:21  :>>>>Finish to handle event, eventClassName: CheckpointBarrier
[INFO] [ #281465344487712] 2026-06-03 15:20:21  :>>>>processBufferOrEventOptForSQL for loop execution time: 101409 microseconds, processed 15 objects
[INFO] [ #281465344487712] 2026-06-03 15:20:21  :>>>>processBufferOrEventOptForSQL for loop execution time: 25 microseconds, processed 30 objects
[INFO] [ #281465344487712] 2026-06-03 15:20:21  :>>>>processBufferOrEventOptForSQL for loop execution time: 103 microseconds, processed 9 objects
[INFO] [ #281465344487712] 2026-06-03 15:20:21  :>>>>processBufferOrEventOptForSQL for loop execution time: 49 microseconds, processed 5 objects
[INFO] [ #281465344487712] 2026-06-03 15:20:21  :>>>>processBufferOrEventOptForSQL for loop execution time: 87 microseconds, processed 30 objects
[INFO] [ #281465344487712] 2026-06-03 15:20:21  :>>>>processBufferOrEventOptForSQL for loop execution time: 46 microseconds, processed 18 objects
[INFO] [ #281465344487712] 2026-06-03 15:20:21  :>>>>processBufferOrEventOptForSQL for loop execution time: 97 microseconds, processed 15 objects
[INFO] [ #281465344487712] 2026-06-03 15:20:21  :>>>>processBufferOrEventOptForSQL for loop execution time: 33 microseconds, processed 18 objects
[INFO] [ #281465344487712] 2026-06-03 15:20:21  :>>>>processBufferOrEventOptForSQL for loop execution time: 125 microseconds, processed 30 objects
[INFO] [ #281465344487712] 2026-06-03 15:20:21  :>>>>processBufferOrEventOptForSQL for loop execution time: 38 microseconds, processed 3 objects
[INFO] [ #281465344487712] 2026-06-03 15:20:21  :>>>>processBufferOrEventOptForSQL for loop execution time: 278 microseconds, processed 30 objects
[INFO] [ #281465344487712] 2026-06-03 15:20:21  :>>>>processBufferOrEventOptForSQL for loop execution time: 156 microseconds, processed 30 objects
[INFO] [ #281465344487712] 2026-06-03 15:20:21  :>>>>processBufferOrEventOptForSQL for loop execution time: 54 microseconds, processed 30 objects
[INFO] [ #281465344487712] 2026-06-03 15:20:21  :>>>>processBufferOrEventOptForSQL for loop execution time: 340 microseconds, processed 30 objects
[INFO] [ #281465344487712] 2026-06-03 15:20:21  :>>>>processBufferOrEventOptForSQL for loop execution time: 81 microseconds, processed 30 objects
[INFO] [ #281465344487712] 2026-06-03 15:20:21  :>>>>processBufferOrEventOptForSQL for loop execution time: 0 microseconds, processed 5 objects
[INFO] [ #281465344487712] 2026-06-03 15:20:21  :>>>>processBufferOrEventOptForSQL for loop execution time: 375 microseconds, processed 30 objects
[INFO] [ #281465344487712] 2026-06-03 15:20:21  :>>>>processBufferOrEventOptForSQL for loop execution time: 1 microseconds, processed 30 objects
[INFO] [ #281465344487712] 2026-06-03 15:20:21  :>>>>processBufferOrEventOptForSQL for loop execution time: 140 microseconds, processed 13 objects
[INFO] [ #281465344487712] 2026-06-03 15:20:21  :>>>>recordWriter is not available, wait for it, task=GroupAggregate(groupBy=[id, category], select=[id, category, MAX(price) AS final]) -> Calc[14]
[INFO] [ #281464058081568] 2026-06-03 15:20:21  :>>>>processBufferOrEventOptForSQL for loop execution time: 3 microseconds, processed 24 objects
[INFO] [ #281464058081568] 2026-06-03 15:20:21  :>>>>processBufferOrEventOptForSQL for loop execution time: 2 microseconds, processed 21 objects
[INFO] [ #281464058081568] 2026-06-03 15:20:21  :>>>>processBufferOrEventOptForSQL for loop execution time: 1 microseconds, processed 30 objects
[INFO] [ #281464058081568] 2026-06-03 15:20:21  :>>>>processBufferOrEventOptForSQL for loop execution time: 0 microseconds, processed 30 objects
[INFO] [ #281464058081568] 2026-06-03 15:20:21  :>>>>processBufferOrEventOptForSQL for loop execution time: 0 microseconds, processed 30 objects
[INFO] [ #281464058081568] 2026-06-03 15:20:21  :>>>>processBufferOrEventOptForSQL for loop execution time: 6 microseconds, processed 30 objects
[INFO] [ #281464058081568] 2026-06-03 15:20:21  :>>>>processBufferOrEventOptForSQL for loop execution time: 2 microseconds, processed 22 objects
[INFO] [ #281464058081568] 2026-06-03 15:20:21  :>>>>processBufferOrEventOptForSQL for loop execution time: 1 microseconds, processed 30 objects
[INFO] [ #281464058081568] 2026-06-03 15:20:21  :>>>>processBufferOrEventOptForSQL for loop execution time: 0 microseconds, processed 30 objects
[INFO] [ #281464058081568] 2026-06-03 15:20:21  :>>>>processBufferOrEventOptForSQL for loop execution time: 0 microseconds, processed 30 objects
[INFO] [ #281464058081568] 2026-06-03 15:20:21  :>>>>processBufferOrEventOptForSQL for loop execution time: 1 microseconds, processed 30 objects
[INFO] [ #281464058081568] 2026-06-03 15:20:21  :>>>>processBufferOrEventOptForSQL for loop execution time: 2 microseconds, processed 30 objects
[INFO] [ #281466388869408] 2026-06-03 15:20:21  :>>>>processBufferOrEventOptForSQL for loop execution time: 0 microseconds, processed 1 objects
[INFO] [ #281466388869408] 2026-06-03 15:20:21  :>>>>CheckpointedInputGate::PollNext() is event
[INFO] [ #281466388869408] 2026-06-03 15:20:21  :>>>>Start to handle event, eventClassName: CheckpointBarrier
[INFO] [ #281466388869408] 2026-06-03 15:20:21  :>>>>CheckpointedInputGate::HandleEvent is CheckpointBarrier
[INFO] [ #281466388869408] 2026-06-03 15:20:21  :>>>>CheckpointedInputGate::HandleEvent finish ProcessBarrier
[INFO] [ #281466388869408] 2026-06-03 15:20:21  :>>>>Finish to handle event, eventClassName: CheckpointBarrier
[INFO] [ #281466388869408] 2026-06-03 15:20:21  :>>>>CheckpointedInputGate::PollNext() is event
[INFO] [ #281466388869408] 2026-06-03 15:20:21  :>>>>Start to handle event, eventClassName: CheckpointBarrier
[INFO] [ #281466388869408] 2026-06-03 15:20:21  :>>>>CheckpointedInputGate::HandleEvent is CheckpointBarrier
[INFO] [ #281466388869408] 2026-06-03 15:20:21  :>>>>CheckpointedInputGate::HandleEvent finish ProcessBarrier
[INFO] [ #281466388869408] 2026-06-03 15:20:21  :>>>>Finish to handle event, eventClassName: CheckpointBarrier
[INFO] [ #281464058081568] 2026-06-03 15:20:21  :>>>>processBufferOrEventOptForSQL for loop execution time: 2 microseconds, processed 24 objects
[INFO] [ #281464058081568] 2026-06-03 15:20:21  :>>>>processBufferOrEventOptForSQL for loop execution time: 1 microseconds, processed 23 objects
[INFO] [ #281464058081568] 2026-06-03 15:20:21  :>>>>processBufferOrEventOptForSQL for loop execution time: 1 microseconds, processed 24 objects
[INFO] [ #281464058081568] 2026-06-03 15:20:21  :>>>>processBufferOrEventOptForSQL for loop execution time: 0 microseconds, processed 24 objects
[INFO] [ #281466388869408] 2026-06-03 15:20:21  :>>>>CheckpointedInputGate::PollNext() is event
[INFO] [ #281466388869408] 2026-06-03 15:20:21  :>>>>Start to handle event, eventClassName: CheckpointBarrier
[INFO] [ #281466388869408] 2026-06-03 15:20:21  :>>>>CheckpointedInputGate::HandleEvent is CheckpointBarrier
[INFO] [ #281466388869408] 2026-06-03 15:20:21  :>>>>CheckpointedInputGate::HandleEvent finish ProcessBarrier
[INFO] [ #281466388869408] 2026-06-03 15:20:21  :>>>>Finish to handle event, eventClassName: CheckpointBarrier
[INFO] [ #281466388869408] 2026-06-03 15:20:21  :>>>>processBufferOrEventOptForSQL for loop execution time: 397 microseconds, processed 30 objects
[INFO] [ #281466388869408] 2026-06-03 15:20:21  :>>>>processBufferOrEventOptForSQL for loop execution time: 23 microseconds, processed 28 objects
[INFO] [ #281466388869408] 2026-06-03 15:20:21  :>>>>CheckpointedInputGate::PollNext() is event
[INFO] [ #281466388869408] 2026-06-03 15:20:21  :>>>>Start to handle event, eventClassName: CheckpointBarrier
[INFO] [ #281466388869408] 2026-06-03 15:20:21  :>>>>CheckpointedInputGate::HandleEvent is CheckpointBarrier
[INFO] [ #281466388869408] 2026-06-03 15:20:21  :>>>>CheckpointedInputGate::HandleEvent finish ProcessBarrier
[INFO] [ #281466388869408] 2026-06-03 15:20:21  :>>>>Finish to handle event, eventClassName: CheckpointBarrier
[INFO] [ #281466388869408] 2026-06-03 15:20:21  :>>>>processBufferOrEventOptForSQL for loop execution time: 23 microseconds, processed 30 objects
[INFO] [ #281466388869408] 2026-06-03 15:20:21  :>>>>processBufferOrEventOptForSQL for loop execution time: 321 microseconds, processed 30 objects
[INFO] [ #281466388869408] 2026-06-03 15:20:21  :>>>>processBufferOrEventOptForSQL for loop execution time: 952 microseconds, processed 30 objects
[INFO] [ #281466388869408] 2026-06-03 15:20:21  :>>>>processBufferOrEventOptForSQL for loop execution time: 1048 microseconds, processed 30 objects
[INFO] [ #281466388869408] 2026-06-03 15:20:21  :>>>>processBufferOrEventOptForSQL for loop execution time: 916 microseconds, processed 30 objects
[INFO] [ #281466388869408] 2026-06-03 15:20:21  :>>>>processBufferOrEventOptForSQL for loop execution time: 305 microseconds, processed 30 objects
[INFO] [ #281466388869408] 2026-06-03 15:20:21  :>>>>processBufferOrEventOptForSQL for loop execution time: 113 microseconds, processed 9 objects
[INFO] [ #281464058081568] 2026-06-03 15:20:21  :>>>>processBufferOrEventOptForSQL for loop execution time: 5 microseconds, processed 23 objects
[INFO] [ #281464058081568] 2026-06-03 15:20:21  :>>>>processBufferOrEventOptForSQL for loop execution time: 0 microseconds, processed 7 objects
[INFO] [ #281465732067616] 2026-06-03 15:20:21  :>>>>processBufferOrEventOptForSQL for loop execution time: 0 microseconds, processed 1 objects
[INFO] [ #281465732067616] 2026-06-03 15:20:21  :>>>>CheckpointedInputGate::PollNext() is event
[INFO] [ #281465732067616] 2026-06-03 15:20:21  :>>>>Start to handle event, eventClassName: CheckpointBarrier
[INFO] [ #281465732067616] 2026-06-03 15:20:21  :>>>>CheckpointedInputGate::HandleEvent is CheckpointBarrier
[INFO] [ #281465732067616] 2026-06-03 15:20:21  :>>>>CheckpointedInputGate::HandleEvent finish ProcessBarrier
[INFO] [ #281465732067616] 2026-06-03 15:20:21  :>>>>Finish to handle event, eventClassName: CheckpointBarrier
[INFO] [ #281465732067616] 2026-06-03 15:20:21  :>>>>processBufferOrEventOptForSQL for loop execution time: 24 microseconds, processed 9 objects
[INFO] [ #281465732067616] 2026-06-03 15:20:21  :>>>>processBufferOrEventOptForSQL for loop execution time: 9 microseconds, processed 1 objects
[INFO] [ #281465732067616] 2026-06-03 15:20:21  :>>>>processBufferOrEventOptForSQL for loop execution time: 0 microseconds, processed 1 objects
[INFO] [ #281465732067616] 2026-06-03 15:20:21  :>>>>CheckpointedInputGate::PollNext() is event
[INFO] [ #281465732067616] 2026-06-03 15:20:21  :>>>>Start to handle event, eventClassName: CheckpointBarrier
[INFO] [ #281465732067616] 2026-06-03 15:20:21  :>>>>CheckpointedInputGate::HandleEvent is CheckpointBarrier
[INFO] [ #281465732067616] 2026-06-03 15:20:21  :>>>>CheckpointedInputGate::HandleEvent finish ProcessBarrier
[INFO] [ #281465732067616] 2026-06-03 15:20:21  :>>>>Finish to handle event, eventClassName: CheckpointBarrier
[INFO] [ #281465732067616] 2026-06-03 15:20:21  :>>>>CheckpointedInputGate::PollNext() is event
[INFO] [ #281465732067616] 2026-06-03 15:20:21  :>>>>Start to handle event, eventClassName: CheckpointBarrier
[INFO] [ #281465732067616] 2026-06-03 15:20:21  :>>>>CheckpointedInputGate::HandleEvent is CheckpointBarrier
[INFO] [ #281465732067616] 2026-06-03 15:20:21  :>>>>CheckpointedInputGate::HandleEvent finish ProcessBarrier
[INFO] [ #281465732067616] 2026-06-03 15:20:21  :>>>>Finish to handle event, eventClassName: CheckpointBarrier
[INFO] [ #281465732067616] 2026-06-03 15:20:21  :>>>>processBufferOrEventOptForSQL for loop execution time: 240 microseconds, processed 30 objects
[INFO] [ #281465732067616] 2026-06-03 15:20:21  :>>>>processBufferOrEventOptForSQL for loop execution time: 36 microseconds, processed 30 objects
[INFO] [ #281465732067616] 2026-06-03 15:20:21  :>>>>processBufferOrEventOptForSQL for loop execution time: 254 microseconds, processed 30 objects
[INFO] [ #281465732067616] 2026-06-03 15:20:21  :>>>>CheckpointedInputGate::PollNext() is event
[INFO] [ #281465732067616] 2026-06-03 15:20:21  :>>>>Start to handle event, eventClassName: CheckpointBarrier
[INFO] [ #281465732067616] 2026-06-03 15:20:21  :>>>>CheckpointedInputGate::HandleEvent is CheckpointBarrier
[INFO] [ #281465732067616] 2026-06-03 15:20:21  :>>>>CheckpointedInputGate::HandleEvent finish ProcessBarrier
[INFO] [ #281465732067616] 2026-06-03 15:20:21  :>>>>Finish to handle event, eventClassName: CheckpointBarrier
[INFO] [ #281465732067616] 2026-06-03 15:20:21  :>>>>processBufferOrEventOptForSQL for loop execution time: 454 microseconds, processed 30 objects
[INFO] [ #281465732067616] 2026-06-03 15:20:21  :>>>>processBufferOrEventOptForSQL for loop execution time: 33 microseconds, processed 30 objects
[INFO] [ #281465732067616] 2026-06-03 15:20:21  :>>>>processBufferOrEventOptForSQL for loop execution time: 234 microseconds, processed 30 objects
[INFO] [ #281465732067616] 2026-06-03 15:20:21  :>>>>processBufferOrEventOptForSQL for loop execution time: 1000 microseconds, processed 30 objects
[INFO] [ #281465732067616] 2026-06-03 15:20:21  :>>>>processBufferOrEventOptForSQL for loop execution time: 895 microseconds, processed 30 objects
[INFO] [ #281465732067616] 2026-06-03 15:20:21  :>>>>processBufferOrEventOptForSQL for loop execution time: 129 microseconds, processed 3 objects
[INFO] [ #281466388869408] 2026-06-03 15:20:21  :>>>>CheckpointedInputGate::PollNext() is event
[INFO] [ #281466388869408] 2026-06-03 15:20:21  :>>>>Start to handle event, eventClassName: CheckpointBarrier
[INFO] [ #281466388869408] 2026-06-03 15:20:21  :>>>>CheckpointedInputGate::HandleEvent is CheckpointBarrier
[INFO] [ #281466388869408] 2026-06-03 15:20:21  :>>>>CheckpointedInputGate::HandleEvent finish ProcessBarrier
[INFO] [ #281466388869408] 2026-06-03 15:20:21  :>>>>Finish to handle event, eventClassName: CheckpointBarrier
[INFO] [ #281465732067616] 2026-06-03 15:20:21  :>>>>processBufferOrEventOptForSQL for loop execution time: 33 microseconds, processed 16 objects
[INFO] [ #281465732067616] 2026-06-03 15:20:21  :>>>>CheckpointedInputGate::PollNext() is event
[INFO] [ #281465732067616] 2026-06-03 15:20:21  :>>>>Start to handle event, eventClassName: CheckpointBarrier
[INFO] [ #281465732067616] 2026-06-03 15:20:21  :>>>>CheckpointedInputGate::HandleEvent is CheckpointBarrier
[INFO] [ #281465732067616] 2026-06-03 15:20:21  :>>>>CheckpointedInputGate::HandleEvent finish ProcessBarrier
[INFO] [ #281465732067616] 2026-06-03 15:20:21  :>>>>Finish to handle event, eventClassName: CheckpointBarrier
[INFO] [ #281465732067616] 2026-06-03 15:20:21  :>>>>CheckpointedInputGate::PollNext() is event
[INFO] [ #281465732067616] 2026-06-03 15:20:21  :>>>>Start to handle event, eventClassName: CheckpointBarrier
[INFO] [ #281465732067616] 2026-06-03 15:20:21  :>>>>CheckpointedInputGate::HandleEvent is CheckpointBarrier
[INFO] [ #281465732067616] 2026-06-03 15:20:21  :>>>>CheckpointedInputGate::HandleEvent finish ProcessBarrier
[INFO] [ #281465732067616] 2026-06-03 15:20:21  :>>>>Finish to handle event, eventClassName: CheckpointBarrier
[INFO] [ #281466388869408] 2026-06-03 15:20:21  :>>>>processBufferOrEventOptForSQL for loop execution time: 41 microseconds, processed 25 objects
[INFO] [ #281466388869408] 2026-06-03 15:20:21  :>>>>CheckpointedInputGate::PollNext() is event
[INFO] [ #281466388869408] 2026-06-03 15:20:21  :>>>>Start to handle event, eventClassName: CheckpointBarrier
[INFO] [ #281466388869408] 2026-06-03 15:20:21  :>>>>CheckpointedInputGate::HandleEvent is CheckpointBarrier
[INFO] [ #281466388869408] 2026-06-03 15:20:21  :>>>>CheckpointedInputGate::HandleEvent finish ProcessBarrier
[INFO] [ #281466388869408] 2026-06-03 15:20:21  :>>>>Finish to handle event, eventClassName: CheckpointBarrier
[INFO] [ #281464534987040] 2026-06-03 15:20:21  :>>>>processBufferOrEventOptForSQL for loop execution time: 429 microseconds, processed 30 objects
[INFO] [ #281464534987040] 2026-06-03 15:20:21  :>>>>processBufferOrEventOptForSQL for loop execution time: 499 microseconds, processed 30 objects
[INFO] [ #281464534987040] 2026-06-03 15:20:21  :>>>>processBufferOrEventOptForSQL for loop execution time: 46 microseconds, processed 2 objects
[INFO] [ #281464534987040] 2026-06-03 15:20:21  :>>>>processBufferOrEventOptForSQL for loop execution time: 191 microseconds, processed 24 objects
[INFO] [ #281464534987040] 2026-06-03 15:20:21  :>>>>processBufferOrEventOptForSQL for loop execution time: 571 microseconds, processed 30 objects
[INFO] [ #281464534987040] 2026-06-03 15:20:21  :>>>>processBufferOrEventOptForSQL for loop execution time: 168 microseconds, processed 19 objects
[INFO] [ #281464534987040] 2026-06-03 15:20:21  :>>>>processBufferOrEventOptForSQL for loop execution time: 304 microseconds, processed 30 objects
[INFO] [ #281464534987040] 2026-06-03 15:20:21  :>>>>processBufferOrEventOptForSQL for loop execution time: 239 microseconds, processed 30 objects
[INFO] [ #281464534987040] 2026-06-03 15:20:21  :>>>>processBufferOrEventOptForSQL for loop execution time: 362 microseconds, processed 28 objects
[INFO] [ #281464534987040] 2026-06-03 15:20:21  :>>>>processBufferOrEventOptForSQL for loop execution time: 347 microseconds, processed 30 objects
[INFO] [ #281464534987040] 2026-06-03 15:20:21  :>>>>processBufferOrEventOptForSQL for loop execution time: 249 microseconds, processed 15 objects
[INFO] [ #281464534987040] 2026-06-03 15:20:21  :>>>>processBufferOrEventOptForSQL for loop execution time: 423 microseconds, processed 30 objects
[INFO] [ #281464534987040] 2026-06-03 15:20:21  :>>>>processBufferOrEventOptForSQL for loop execution time: 454 microseconds, processed 30 objects
[INFO] [ #281464534987040] 2026-06-03 15:20:21  :>>>>processBufferOrEventOptForSQL for loop execution time: 308 microseconds, processed 30 objects
[INFO] [ #281464534987040] 2026-06-03 15:20:21  :>>>>processBufferOrEventOptForSQL for loop execution time: 1104 microseconds, processed 30 objects
[INFO] [ #281464534987040] 2026-06-03 15:20:21  :>>>>processBufferOrEventOptForSQL for loop execution time: 308 microseconds, processed 30 objects
[INFO] [ #281464534987040] 2026-06-03 15:20:21  :>>>>processBufferOrEventOptForSQL for loop execution time: 327 microseconds, processed 30 objects
[INFO] [ #281464534987040] 2026-06-03 15:20:21  :>>>>processBufferOrEventOptForSQL for loop execution time: 236 microseconds, processed 30 objects
[INFO] [ #281464534987040] 2026-06-03 15:20:21  :>>>>processBufferOrEventOptForSQL for loop execution time: 265 microseconds, processed 30 objects
[INFO] [ #281464534987040] 2026-06-03 15:20:21  :>>>>processBufferOrEventOptForSQL for loop execution time: 336 microseconds, processed 30 objects
[INFO] [ #281464534987040] 2026-06-03 15:20:21  :>>>>processBufferOrEventOptForSQL for loop execution time: 353 microseconds, processed 30 objects
[INFO] [ #281464534987040] 2026-06-03 15:20:21  :>>>>processBufferOrEventOptForSQL for loop execution time: 337 microseconds, processed 30 objects
[INFO] [ #281464534987040] 2026-06-03 15:20:21  :>>>>processBufferOrEventOptForSQL for loop execution time: 297 microseconds, processed 30 objects
[INFO] [ #281464534987040] 2026-06-03 15:20:21  :>>>>processBufferOrEventOptForSQL for loop execution time: 245 microseconds, processed 30 objects
[INFO] [ #281464534987040] 2026-06-03 15:20:21  :>>>>processBufferOrEventOptForSQL for loop execution time: 254 microseconds, processed 30 objects
[INFO] [ #281464534987040] 2026-06-03 15:20:21  :>>>>processBufferOrEventOptForSQL for loop execution time: 330 microseconds, processed 30 objects
[INFO] [ #281464534987040] 2026-06-03 15:20:21  :>>>>processBufferOrEventOptForSQL for loop execution time: 359 microseconds, processed 30 objects
[INFO] [ #281464534987040] 2026-06-03 15:20:21  :>>>>processBufferOrEventOptForSQL for loop execution time: 188 microseconds, processed 30 objects
[INFO] [ #281464534987040] 2026-06-03 15:20:21  :>>>>processBufferOrEventOptForSQL for loop execution time: 319 microseconds, processed 30 objects
[INFO] [ #281464534987040] 2026-06-03 15:20:21  :>>>>processBufferOrEventOptForSQL for loop execution time: 248 microseconds, processed 30 objects
[INFO] [ #281464534987040] 2026-06-03 15:20:21  :>>>>processBufferOrEventOptForSQL for loop execution time: 248 microseconds, processed 30 objects
[INFO] [ #281464534987040] 2026-06-03 15:20:21  :>>>>processBufferOrEventOptForSQL for loop execution time: 32 microseconds, processed 5 objects
[INFO] [ #281464534987040] 2026-06-03 15:20:21  :>>>>processBufferOrEventOptForSQL for loop execution time: 221 microseconds, processed 30 objects
[INFO] [ #281464534987040] 2026-06-03 15:20:21  :>>>>processBufferOrEventOptForSQL for loop execution time: 279 microseconds, processed 30 objects
[INFO] [ #281464534987040] 2026-06-03 15:20:21  :>>>>processBufferOrEventOptForSQL for loop execution time: 417 microseconds, processed 30 objects
[INFO] [ #281464534987040] 2026-06-03 15:20:21  :>>>>processBufferOrEventOptForSQL for loop execution time: 327 microseconds, processed 30 objects
[INFO] [ #281464534987040] 2026-06-03 15:20:21  :>>>>processBufferOrEventOptForSQL for loop execution time: 310 microseconds, processed 30 objects
[INFO] [ #281464534987040] 2026-06-03 15:20:21  :>>>>processBufferOrEventOptForSQL for loop execution time: 50 microseconds, processed 3 objects
[INFO] [ #281464534987040] 2026-06-03 15:20:21  :>>>>processBufferOrEventOptForSQL for loop execution time: 215 microseconds, processed 17 objects
[INFO] [ #281464534987040] 2026-06-03 15:20:21  :>>>>processBufferOrEventOptForSQL for loop execution time: 106 microseconds, processed 7 objects
[INFO] [ #281464534987040] 2026-06-03 15:20:21  :>>>>processBufferOrEventOptForSQL for loop execution time: 166 microseconds, processed 23 objects
[INFO] [ #281464534987040] 2026-06-03 15:20:21  :>>>>processBufferOrEventOptForSQL for loop execution time: 386 microseconds, processed 30 objects
[INFO] [ #281464534987040] 2026-06-03 15:20:21  :>>>>processBufferOrEventOptForSQL for loop execution time: 514 microseconds, processed 30 objects
[INFO] [ #281464058081568] 2026-06-03 15:20:22  :>>>>processBufferOrEventOptForSQL for loop execution time: 1 microseconds, processed 18 objects
[INFO] [ #281464534987040] 2026-06-03 15:20:22  :>>>>processBufferOrEventOptForSQL for loop execution time: 266 microseconds, processed 13 objects
[INFO] [ #281470121799968] 2026-06-03 15:30:21  :>>>>savepoint: OmniTask notifyCheckpoint: 2
[INFO] [ #281470121799968] 2026-06-03 15:30:21  :>>>>savepoint: OmniTask notifyCheckpoint: 1
[INFO] [ #281470121799968] 2026-06-03 15:30:21  :>>>>MailboxExecutorImpl::execute - description=checkpoint 2 aborted
[INFO] [ #281470121799968] 2026-06-03 15:30:21  :>>>>TaskMailboxImpl::put - checkpoint mail added, queue size=1, description=checkpoint 2 aborted
[INFO] [ #281470121799968] 2026-06-03 15:30:21  :>>>>MailboxExecutorImpl::execute - mail put successfully, description=checkpoint 2 aborted
[INFO] [ #281470121799968] 2026-06-03 15:30:21  :>>>>savepoint: OmniTask notifyCheckpoint: 2
[INFO] [ #281470121799968] 2026-06-03 15:30:21  :>>>>savepoint: OmniTask notifyCheckpoint: 1
[INFO] [ #281470121799968] 2026-06-03 15:30:21  :>>>>MailboxExecutorImpl::execute - description=checkpoint 2 aborted
[INFO] [ #281470121799968] 2026-06-03 15:30:21  :>>>>TaskMailboxImpl::put - checkpoint mail added, queue size=1, description=checkpoint 2 aborted
[INFO] [ #281470121799968] 2026-06-03 15:30:21  :>>>>MailboxExecutorImpl::execute - mail put successfully, description=checkpoint 2 aborted
[INFO] [ #281470096634144] 2026-06-03 15:30:21  :>>>>notifyCheckpointAborted
[INFO] [ #281470096634144] 2026-06-03 15:30:21  :>>>>WatermarkAssignerOperator::notifyCheckpointAborted not impl checkpointId : 2
[INFO] [ #281470096634144] 2026-06-03 15:30:21  :>>>>WatermarkAssignerOperator::notifyCheckpointAborted not impl checkpointId : 2
[INFO] [ #281466964877600] 2026-06-03 15:30:21  :>>>>notifyCheckpointAborted
[INFO] [ #281466964877600] 2026-06-03 15:30:21  :>>>>WatermarkAssignerOperator::notifyCheckpointAborted not impl checkpointId : 2
[INFO] [ #281466964877600] 2026-06-03 15:30:21  :>>>>WatermarkAssignerOperator::notifyCheckpointAborted not impl checkpointId : 2
[INFO] [ #281470098731296] 2026-06-03 15:30:21  :>>>>savepoint: OmniTask notifyCheckpoint: 2
[INFO] [ #281470098731296] 2026-06-03 15:30:21  :>>>>savepoint: OmniTask notifyCheckpoint: 1
[INFO] [ #281470098731296] 2026-06-03 15:30:21  :>>>>savepoint: OmniTask notifyCheckpoint: 2
[INFO] [ #281470098731296] 2026-06-03 15:30:21  :>>>>savepoint: OmniTask notifyCheckpoint: 1
[INFO] [ #281470098731296] 2026-06-03 15:30:21  :>>>>savepoint: OmniTask notifyCheckpoint: 2
[INFO] [ #281470098731296] 2026-06-03 15:30:21  :>>>>savepoint: OmniTask notifyCheckpoint: 1
[INFO] [ #281470098731296] 2026-06-03 15:30:21  :>>>>savepoint: OmniTask notifyCheckpoint: 2
[INFO] [ #281470098731296] 2026-06-03 15:30:21  :>>>>savepoint: OmniTask notifyCheckpoint: 1
[INFO] [ #281470098731296] 2026-06-03 15:30:21  :>>>>savepoint: OmniTask notifyCheckpoint: 2
[INFO] [ #281470098731296] 2026-06-03 15:30:21  :>>>>savepoint: OmniTask notifyCheckpoint: 1
[INFO] [ #281470098731296] 2026-06-03 15:30:21  :>>>>savepoint: OmniTask notifyCheckpoint: 2
[INFO] [ #281470098731296] 2026-06-03 15:30:21  :>>>>savepoint: OmniTask notifyCheckpoint: 1